2025-09-20 17:26:35,273 - INFO - Starting weekly signal generation...
2025-09-20 17:26:35,274 - INFO - Generated run_id: 20250920_SurfTrend
2025-09-20 17:26:40,386 - INFO - Found 19 ETF symbols for signal generation: ['BANKBEES', 'GOLDBEES', 'GOLDSHARE', 'HDFCGOLD', 'HNGSNGBEES', 'ICICIGOLD', 'INFRABEES', 'ITBEES', 'JUNIORBEES', 'KOTAKGOLD', 'LIQUIDBEES', 'MON100', 'NIFTY1', 'NIFTYBEES', 'PSUBNKBEES', 'QNIFTY', 'SENSEX1', 'SETFGOLD', 'SHARIABEES']
2025-09-20 17:26:40,387 - INFO - Using test date: 2025-09-19 (Friday) for signal generation
2025-09-20 17:26:40,388 - ERROR - Error loading data for BANKBEES: no such column: created_at
2025-09-20 17:26:40,390 - ERROR - Error loading data for GOLDBEES: no such column: created_at
2025-09-20 17:26:40,390 - ERROR - Error loading data for GOLDSHARE: no such column: created_at
2025-09-20 17:26:40,391 - ERROR - Error loading data for HDFCGOLD: no such column: created_at
2025-09-20 17:26:40,391 - ERROR - Error loading data for HNGSNGBEES: no such column: created_at
2025-09-20 17:26:40,392 - ERROR - Error loading data for ICICIGOLD: no such column: created_at
2025-09-20 17:26:40,392 - ERROR - Error loading data for INFRABEES: no such column: created_at
2025-09-20 17:26:40,393 - ERROR - Error loading data for ITBEES: no such column: created_at
2025-09-20 17:26:40,395 - ERROR - Error loading data for JUNIORBEES: no such column: created_at
2025-09-20 17:26:40,396 - ERROR - Error loading data for KOTAKGOLD: no such column: created_at
2025-09-20 17:26:40,396 - ERROR - Error loading data for LIQUIDBEES: no such column: created_at
2025-09-20 17:26:40,397 - ERROR - Error loading data for MON100: no such column: created_at
2025-09-20 17:26:40,398 - ERROR - Error loading data for NIFTY1: no such column: created_at
2025-09-20 17:26:40,398 - ERROR - Error loading data for NIFTYBEES: no such column: created_at
2025-09-20 17:26:40,399 - ERROR - Error loading data for PSUBNKBEES: no such column: created_at
2025-09-20 17:26:40,399 - ERROR - Error loading data for QNIFTY: no such column: created_at
2025-09-20 17:26:40,400 - ERROR - Error loading data for SENSEX1: no such column: created_at
2025-09-20 17:26:40,401 - ERROR - Error loading data for SETFGOLD: no such column: created_at
2025-09-20 17:26:40,402 - ERROR - Error loading data for SHARIABEES: no such column: created_at
2025-09-20 17:26:40,412 - INFO - Loaded data for 5 ETFs from 2024-08-15 to 2025-09-19
2025-09-20 17:26:40,413 - INFO - Processing 0 symbols: []...
2025-09-20 17:26:40,418 - ERROR - Error calculating ETF metrics: No valid metrics calculated for any ETF
2025-09-20 17:26:40,419 - ERROR - Error in weekly signal generation: No valid metrics calculated for any ETF
2025-09-20 17:26:40,425 - live_market_engine - INFO - Live market engine logging initialized
2025-09-20 17:26:40,425 - INFO - Live market engine logging initialized
2025-09-20 17:26:40,454 - live_market_engine - INFO - Monitoring tables created successfully
2025-09-20 17:26:40,454 - INFO - Monitoring tables created successfully
2025-09-20 17:26:40,459 - live_market_engine.metrics - ERROR - signal_generation failed after 5.147s - No valid metrics calculated for any ETF
2025-09-20 17:26:40,459 - ERROR - signal_generation failed after 5.147s - No valid metrics calculated for any ETF
2025-09-20 17:27:05,575 - INFO - Starting weekly signal generation...
2025-09-20 17:27:05,576 - INFO - Generated run_id: 20250920_SurfTrend
2025-09-20 17:27:06,776 - INFO - Found 19 ETF symbols for signal generation: ['BANKBEES', 'GOLDBEES', 'GOLDSHARE', 'HDFCGOLD', 'HNGSNGBEES', 'ICICIGOLD', 'INFRABEES', 'ITBEES', 'JUNIORBEES', 'KOTAKGOLD', 'LIQUIDBEES', 'MON100', 'NIFTY1', 'NIFTYBEES', 'PSUBNKBEES', 'QNIFTY', 'SENSEX1', 'SETFGOLD', 'SHARIABEES']
2025-09-20 17:27:06,782 - INFO - Using test date: 2025-09-19 (Friday) for signal generation
2025-09-20 17:27:13,280 - INFO - Loaded data for 5 ETFs from 2024-08-15 to 2025-09-19
2025-09-20 17:27:13,284 - INFO - Processing 19 symbols: ['BANKBEES', 'GOLDBEES', 'GOLDSHARE', 'HDFCGOLD', 'HNGSNGBEES']...
2025-09-20 17:27:13,710 - INFO - Calculated metrics for 19 ETFs
2025-09-20 17:27:13,769 - INFO - Generated 2 signals: 0 BUY, 2 SELL
2025-09-20 17:27:13,809 - INFO - Saved 2 signals to database with run_id: 20250920_SurfTrend
2025-09-20 17:27:13,810 - INFO - Signal generation completed successfully in 8.24s
2025-09-20 17:27:13,811 - INFO - Generated 0 BUY and 2 SELL signals
2025-09-20 17:27:13,815 - live_market_engine - INFO - Live market engine logging initialized
2025-09-20 17:27:13,815 - INFO - Live market engine logging initialized
2025-09-20 17:27:13,832 - live_market_engine - INFO - Monitoring tables created successfully
2025-09-20 17:27:13,832 - INFO - Monitoring tables created successfully
2025-09-20 17:27:13,834 - live_market_engine.signals - INFO - Signal generation completed - Run ID: 20250920_SurfTrend, Signals: 2 (0 BUY, 2 SELL), Duration: 8.24s
2025-09-20 17:27:13,834 - live_market_engine.signals - INFO - Signal generation completed - Run ID: 20250920_SurfTrend, Signals: 2 (0 BUY, 2 SELL), Duration: 8.24s
2025-09-20 17:27:13,834 - INFO - Signal generation completed - Run ID: 20250920_SurfTrend, Signals: 2 (0 BUY, 2 SELL), Duration: 8.24s
2025-09-20 17:27:13,983 - live_market_engine.metrics - INFO - signal_generation completed in 8.235s
2025-09-20 17:27:13,983 - INFO - signal_generation completed in 8.235s
2025-09-20 17:29:17,401 - INFO - Starting weekly signal generation...
2025-09-20 17:29:17,414 - INFO - Generated run_id: 20250920_SurfTrend
2025-09-20 17:29:19,429 - INFO - Found 19 ETF symbols for signal generation: ['BANKBEES', 'GOLDBEES', 'GOLDSHARE', 'HDFCGOLD', 'HNGSNGBEES', 'ICICIGOLD', 'INFRABEES', 'ITBEES', 'JUNIORBEES', 'KOTAKGOLD', 'LIQUIDBEES', 'MON100', 'NIFTY1', 'NIFTYBEES', 'PSUBNKBEES', 'QNIFTY', 'SENSEX1', 'SETFGOLD', 'SHARIABEES']
2025-09-20 17:29:19,434 - INFO - Using test date: 2025-09-19 (Friday) for signal generation
2025-09-20 17:29:32,360 - INFO - Loaded data for 5 ETFs from 2024-08-15 to 2025-09-19
2025-09-20 17:29:32,369 - INFO - Processing 19 symbols: ['BANKBEES', 'GOLDBEES', 'GOLDSHARE', 'HDFCGOLD', 'HNGSNGBEES']...
2025-09-20 17:29:32,983 - INFO - Calculated metrics for 19 ETFs
2025-09-20 17:29:33,082 - INFO - Generated 3 signals: 1 BUY, 2 SELL
2025-09-20 17:29:33,181 - INFO - Saved 3 signals to database with run_id: 20250920_SurfTrend
2025-09-20 17:29:33,183 - INFO - Signal generation completed successfully in 15.78s
2025-09-20 17:29:33,183 - INFO - Generated 1 BUY and 2 SELL signals
2025-09-20 17:29:33,193 - live_market_engine - INFO - Live market engine logging initialized
2025-09-20 17:29:33,193 - INFO - Live market engine logging initialized
2025-09-20 17:29:33,236 - live_market_engine - INFO - Monitoring tables created successfully
2025-09-20 17:29:33,236 - INFO - Monitoring tables created successfully
2025-09-20 17:29:33,244 - live_market_engine.signals - INFO - Signal generation completed - Run ID: 20250920_SurfTrend, Signals: 3 (1 BUY, 2 SELL), Duration: 15.78s
2025-09-20 17:29:33,244 - live_market_engine.signals - INFO - Signal generation completed - Run ID: 20250920_SurfTrend, Signals: 3 (1 BUY, 2 SELL), Duration: 15.78s
2025-09-20 17:29:33,244 - INFO - Signal generation completed - Run ID: 20250920_SurfTrend, Signals: 3 (1 BUY, 2 SELL), Duration: 15.78s
2025-09-20 17:29:33,994 - live_market_engine.metrics - INFO - signal_generation completed in 15.781s
2025-09-20 17:29:33,994 - INFO - signal_generation completed in 15.781s
2025-09-20 17:34:26,172 - INFO - Starting weekly signal generation...
2025-09-20 17:34:26,208 - INFO - Generated run_id: 20250920_SurfTrend
2025-09-20 17:34:31,881 - INFO - Found 19 ETF symbols for signal generation: ['BANKBEES', 'GOLDBEES', 'GOLDSHARE', 'HDFCGOLD', 'HNGSNGBEES', 'ICICIGOLD', 'INFRABEES', 'ITBEES', 'JUNIORBEES', 'KOTAKGOLD', 'LIQUIDBEES', 'MON100', 'NIFTY1', 'NIFTYBEES', 'PSUBNKBEES', 'QNIFTY', 'SENSEX1', 'SETFGOLD', 'SHARIABEES']
2025-09-20 17:34:31,888 - INFO - Using test date: 2025-09-19 (Friday) for signal generation
2025-09-20 17:34:40,658 - INFO - Loaded data for 5 ETFs from 2024-08-15 to 2025-09-19
2025-09-20 17:34:40,679 - INFO - Processing 19 symbols: ['BANKBEES', 'GOLDBEES', 'GOLDSHARE', 'HDFCGOLD', 'HNGSNGBEES']...
2025-09-20 17:34:41,104 - INFO - Calculated metrics for 19 ETFs
2025-09-20 17:34:41,697 - INFO - Generated 3 signals: 1 BUY, 2 SELL
2025-09-20 17:34:41,734 - ERROR - Error in signal execution details: 'distance_from_low'
2025-09-20 17:34:41,784 - INFO - Saved 3 signals to database with run_id: 20250920_SurfTrend
2025-09-20 17:34:41,808 - INFO - Signal generation completed successfully in 15.64s
2025-09-20 17:34:41,809 - INFO - Generated 1 BUY and 2 SELL signals
2025-09-20 17:34:41,822 - live_market_engine - INFO - Live market engine logging initialized
2025-09-20 17:34:41,822 - INFO - Live market engine logging initialized
2025-09-20 17:34:41,893 - live_market_engine - INFO - Monitoring tables created successfully
2025-09-20 17:34:41,893 - INFO - Monitoring tables created successfully
2025-09-20 17:34:41,925 - live_market_engine.signals - INFO - Signal generation completed - Run ID: 20250920_SurfTrend, Signals: 3 (1 BUY, 2 SELL), Duration: 15.64s
2025-09-20 17:34:41,925 - live_market_engine.signals - INFO - Signal generation completed - Run ID: 20250920_SurfTrend, Signals: 3 (1 BUY, 2 SELL), Duration: 15.64s
2025-09-20 17:34:41,925 - INFO - Signal generation completed - Run ID: 20250920_SurfTrend, Signals: 3 (1 BUY, 2 SELL), Duration: 15.64s
2025-09-20 17:34:42,232 - live_market_engine.metrics - INFO - signal_generation completed in 15.636s
2025-09-20 17:34:42,232 - INFO - signal_generation completed in 15.636s
2025-09-20 17:35:08,529 - INFO - Starting weekly signal generation...
2025-09-20 17:35:08,533 - INFO - Generated run_id: 20250920_SurfTrend
2025-09-20 17:35:09,978 - INFO - Found 19 ETF symbols for signal generation: ['BANKBEES', 'GOLDBEES', 'GOLDSHARE', 'HDFCGOLD', 'HNGSNGBEES', 'ICICIGOLD', 'INFRABEES', 'ITBEES', 'JUNIORBEES', 'KOTAKGOLD', 'LIQUIDBEES', 'MON100', 'NIFTY1', 'NIFTYBEES', 'PSUBNKBEES', 'QNIFTY', 'SENSEX1', 'SETFGOLD', 'SHARIABEES']
2025-09-20 17:35:09,980 - INFO - Using test date: 2025-09-19 (Friday) for signal generation
2025-09-20 17:35:17,763 - INFO - Loaded data for 5 ETFs from 2024-08-15 to 2025-09-19
2025-09-20 17:35:17,765 - INFO - Processing 19 symbols: ['BANKBEES', 'GOLDBEES', 'GOLDSHARE', 'HDFCGOLD', 'HNGSNGBEES']...
2025-09-20 17:35:18,051 - INFO - Calculated metrics for 19 ETFs
2025-09-20 17:35:18,194 - INFO - Generated 3 signals: 1 BUY, 2 SELL
2025-09-20 17:35:18,235 - INFO - Saved 3 signals to database with run_id: 20250920_SurfTrend
2025-09-20 17:35:18,236 - INFO - Signal generation completed successfully in 9.71s
2025-09-20 17:35:18,236 - INFO - Generated 1 BUY and 2 SELL signals
2025-09-20 17:35:18,244 - live_market_engine - INFO - Live market engine logging initialized
2025-09-20 17:35:18,244 - INFO - Live market engine logging initialized
2025-09-20 17:35:18,267 - live_market_engine - INFO - Monitoring tables created successfully
2025-09-20 17:35:18,267 - INFO - Monitoring tables created successfully
2025-09-20 17:35:18,273 - live_market_engine.signals - INFO - Signal generation completed - Run ID: 20250920_SurfTrend, Signals: 3 (1 BUY, 2 SELL), Duration: 9.71s
2025-09-20 17:35:18,273 - live_market_engine.signals - INFO - Signal generation completed - Run ID: 20250920_SurfTrend, Signals: 3 (1 BUY, 2 SELL), Duration: 9.71s
2025-09-20 17:35:18,273 - INFO - Signal generation completed - Run ID: 20250920_SurfTrend, Signals: 3 (1 BUY, 2 SELL), Duration: 9.71s
2025-09-20 17:35:18,415 - live_market_engine.metrics - INFO - signal_generation completed in 9.707s
2025-09-20 17:35:18,415 - INFO - signal_generation completed in 9.707s
2025-09-20 17:38:42,684 - INFO - Starting weekly signal generation...
2025-09-20 17:38:42,699 - INFO - Generated run_id: 20250920_SurfTrend
2025-09-20 17:38:44,038 - INFO - Found 19 ETF symbols for signal generation: ['BANKBEES', 'GOLDBEES', 'GOLDSHARE', 'HDFCGOLD', 'HNGSNGBEES', 'ICICIGOLD', 'INFRABEES', 'ITBEES', 'JUNIORBEES', 'KOTAKGOLD', 'LIQUIDBEES', 'MON100', 'NIFTY1', 'NIFTYBEES', 'PSUBNKBEES', 'QNIFTY', 'SENSEX1', 'SETFGOLD', 'SHARIABEES']
2025-09-20 17:38:44,078 - INFO - Using test date: 2025-09-19 (Friday) for signal generation
2025-09-20 17:38:51,710 - INFO - Loaded data for 5 ETFs from 2024-08-15 to 2025-09-19
2025-09-20 17:38:51,711 - INFO - Processing 19 symbols: ['BANKBEES', 'GOLDBEES', 'GOLDSHARE', 'HDFCGOLD', 'HNGSNGBEES']...
2025-09-20 17:38:52,102 - INFO - Calculated metrics for 19 ETFs
2025-09-20 17:38:52,358 - INFO - Generated 3 signals: 1 BUY, 2 SELL
2025-09-20 17:38:52,452 - INFO - Saved 3 signals to database with run_id: 20250920_SurfTrend
2025-09-20 17:38:52,455 - INFO - Signal generation completed successfully in 9.77s
2025-09-20 17:38:52,456 - INFO - Generated 1 BUY and 2 SELL signals
2025-09-20 17:38:52,459 - live_market_engine - INFO - Live market engine logging initialized
2025-09-20 17:38:52,459 - INFO - Live market engine logging initialized
2025-09-20 17:38:52,477 - live_market_engine - INFO - Monitoring tables created successfully
2025-09-20 17:38:52,477 - INFO - Monitoring tables created successfully
2025-09-20 17:38:52,479 - live_market_engine.signals - INFO - Signal generation completed - Run ID: 20250920_SurfTrend, Signals: 3 (1 BUY, 2 SELL), Duration: 9.77s
2025-09-20 17:38:52,479 - live_market_engine.signals - INFO - Signal generation completed - Run ID: 20250920_SurfTrend, Signals: 3 (1 BUY, 2 SELL), Duration: 9.77s
2025-09-20 17:38:52,479 - INFO - Signal generation completed - Run ID: 20250920_SurfTrend, Signals: 3 (1 BUY, 2 SELL), Duration: 9.77s
2025-09-20 17:38:52,604 - live_market_engine.metrics - INFO - signal_generation completed in 9.771s
2025-09-20 17:38:52,604 - INFO - signal_generation completed in 9.771s
2025-09-20 17:40:16,084 - INFO - Live signals database tables created/verified successfully
2025-09-20 17:40:16,119 - INFO - Starting weekly signal generation...
2025-09-20 17:40:16,120 - INFO - Generated run_id: 20250920_SurfTrend
2025-09-20 17:40:17,777 - INFO - Found 19 ETF symbols for signal generation: ['BANKBEES', 'GOLDBEES', 'GOLDSHARE', 'HDFCGOLD', 'HNGSNGBEES', 'ICICIGOLD', 'INFRABEES', 'ITBEES', 'JUNIORBEES', 'KOTAKGOLD', 'LIQUIDBEES', 'MON100', 'NIFTY1', 'NIFTYBEES', 'PSUBNKBEES', 'QNIFTY', 'SENSEX1', 'SETFGOLD', 'SHARIABEES']
2025-09-20 17:40:17,780 - INFO - Using test date: 2025-09-19 (Friday) for signal generation
2025-09-20 17:40:27,998 - INFO - Loaded data for 5 ETFs from 2024-08-15 to 2025-09-19
2025-09-20 17:40:28,067 - INFO - Processing 19 symbols: ['BANKBEES', 'GOLDBEES', 'GOLDSHARE', 'HDFCGOLD', 'HNGSNGBEES']...
2025-09-20 17:40:28,485 - INFO - Calculated metrics for 19 ETFs
2025-09-20 17:40:31,479 - INFO - Generated 3 signals: 1 BUY, 2 SELL
2025-09-20 17:40:32,582 - INFO - Saved 3 signals to database with run_id: 20250920_SurfTrend
2025-09-20 17:40:32,598 - INFO - Signal generation completed successfully in 16.48s
2025-09-20 17:40:32,600 - INFO - Generated 1 BUY and 2 SELL signals
2025-09-20 17:40:32,624 - live_market_engine - INFO - Live market engine logging initialized
2025-09-20 17:40:32,624 - INFO - Live market engine logging initialized
2025-09-20 17:40:33,090 - live_market_engine - INFO - Monitoring tables created successfully
2025-09-20 17:40:33,090 - INFO - Monitoring tables created successfully
2025-09-20 17:40:33,299 - live_market_engine.signals - INFO - Signal generation completed - Run ID: 20250920_SurfTrend, Signals: 3 (1 BUY, 2 SELL), Duration: 16.48s
2025-09-20 17:40:33,299 - live_market_engine.signals - INFO - Signal generation completed - Run ID: 20250920_SurfTrend, Signals: 3 (1 BUY, 2 SELL), Duration: 16.48s
2025-09-20 17:40:33,299 - INFO - Signal generation completed - Run ID: 20250920_SurfTrend, Signals: 3 (1 BUY, 2 SELL), Duration: 16.48s
2025-09-20 17:40:33,635 - live_market_engine.metrics - INFO - signal_generation completed in 16.480s
2025-09-20 17:40:33,635 - INFO - signal_generation completed in 16.480s
2025-09-20 17:42:05,162 - INFO - Live signals database tables created/verified successfully
2025-09-20 17:42:05,167 - INFO - Starting weekly signal generation...
2025-09-20 17:42:05,172 - INFO - Generated run_id: 20250920_SurfTrend
2025-09-20 17:42:07,325 - INFO - Found 19 ETF symbols for signal generation: ['BANKBEES', 'GOLDBEES', 'GOLDSHARE', 'HDFCGOLD', 'HNGSNGBEES', 'ICICIGOLD', 'INFRABEES', 'ITBEES', 'JUNIORBEES', 'KOTAKGOLD', 'LIQUIDBEES', 'MON100', 'NIFTY1', 'NIFTYBEES', 'PSUBNKBEES', 'QNIFTY', 'SENSEX1', 'SETFGOLD', 'SHARIABEES']
2025-09-20 17:42:07,326 - INFO - Using test date: 2025-09-19 (Friday) for signal generation
2025-09-20 17:42:16,229 - INFO - Loaded data for 5 ETFs from 2024-08-15 to 2025-09-19
2025-09-20 17:42:16,231 - INFO - Processing 19 symbols: ['BANKBEES', 'GOLDBEES', 'GOLDSHARE', 'HDFCGOLD', 'HNGSNGBEES']...
2025-09-20 17:42:16,632 - INFO - Calculated metrics for 19 ETFs
2025-09-20 17:42:16,776 - INFO - Generated 3 signals: 1 BUY, 2 SELL
2025-09-20 17:42:16,819 - INFO - Saved 3 signals to database with run_id: 20250920_SurfTrend
2025-09-20 17:42:16,824 - INFO - Signal generation completed successfully in 11.66s
2025-09-20 17:42:16,824 - INFO - Generated 1 BUY and 2 SELL signals
2025-09-20 17:42:16,831 - live_market_engine - INFO - Live market engine logging initialized
2025-09-20 17:42:16,831 - INFO - Live market engine logging initialized
2025-09-20 17:42:16,850 - live_market_engine - INFO - Monitoring tables created successfully
2025-09-20 17:42:16,850 - INFO - Monitoring tables created successfully
2025-09-20 17:42:16,851 - live_market_engine.signals - INFO - Signal generation completed - Run ID: 20250920_SurfTrend, Signals: 3 (1 BUY, 2 SELL), Duration: 11.66s
2025-09-20 17:42:16,851 - live_market_engine.signals - INFO - Signal generation completed - Run ID: 20250920_SurfTrend, Signals: 3 (1 BUY, 2 SELL), Duration: 11.66s
2025-09-20 17:42:16,851 - INFO - Signal generation completed - Run ID: 20250920_SurfTrend, Signals: 3 (1 BUY, 2 SELL), Duration: 11.66s
2025-09-20 17:42:16,954 - live_market_engine.metrics - INFO - signal_generation completed in 11.658s
2025-09-20 17:42:16,954 - INFO - signal_generation completed in 11.658s
2025-09-20 17:44:08,803 - INFO - Live signals database tables created/verified successfully
2025-09-20 17:44:08,811 - INFO - Starting weekly signal generation...
2025-09-20 17:44:08,812 - INFO - Generated run_id: 20250920_SurfTrend
2025-09-20 17:44:10,537 - INFO - Found 19 ETF symbols for signal generation: ['BANKBEES', 'GOLDBEES', 'GOLDSHARE', 'HDFCGOLD', 'HNGSNGBEES', 'ICICIGOLD', 'INFRABEES', 'ITBEES', 'JUNIORBEES', 'KOTAKGOLD', 'LIQUIDBEES', 'MON100', 'NIFTY1', 'NIFTYBEES', 'PSUBNKBEES', 'QNIFTY', 'SENSEX1', 'SETFGOLD', 'SHARIABEES']
2025-09-20 17:44:10,540 - INFO - Using test date: 2025-09-19 (Friday) for signal generation
2025-09-20 17:44:18,002 - INFO - Loaded data for 5 ETFs from 2024-08-15 to 2025-09-19
2025-09-20 17:44:18,003 - INFO - Processing 19 symbols: ['BANKBEES', 'GOLDBEES', 'GOLDSHARE', 'HDFCGOLD', 'HNGSNGBEES']...
2025-09-20 17:44:18,270 - INFO - Calculated metrics for 19 ETFs
2025-09-20 17:44:18,464 - INFO - Generated 3 signals: 1 BUY, 2 SELL
2025-09-20 17:44:18,532 - INFO - Saved 3 signals to database with run_id: 20250920_SurfTrend
2025-09-20 17:44:18,533 - INFO - Signal generation completed successfully in 9.72s
2025-09-20 17:44:18,535 - INFO - Generated 1 BUY and 2 SELL signals
2025-09-20 17:44:18,544 - live_market_engine - INFO - Live market engine logging initialized
2025-09-20 17:44:18,544 - INFO - Live market engine logging initialized
2025-09-20 17:44:18,570 - live_market_engine - INFO - Monitoring tables created successfully
2025-09-20 17:44:18,570 - INFO - Monitoring tables created successfully
2025-09-20 17:44:18,571 - live_market_engine.signals - INFO - Signal generation completed - Run ID: 20250920_SurfTrend, Signals: 3 (1 BUY, 2 SELL), Duration: 9.72s
2025-09-20 17:44:18,571 - live_market_engine.signals - INFO - Signal generation completed - Run ID: 20250920_SurfTrend, Signals: 3 (1 BUY, 2 SELL), Duration: 9.72s
2025-09-20 17:44:18,571 - INFO - Signal generation completed - Run ID: 20250920_SurfTrend, Signals: 3 (1 BUY, 2 SELL), Duration: 9.72s
2025-09-20 17:44:18,692 - live_market_engine.metrics - INFO - signal_generation completed in 9.723s
2025-09-20 17:44:18,692 - INFO - signal_generation completed in 9.723s
2025-09-20 17:47:10,229 - INFO - Live signals database tables created/verified successfully
2025-09-20 17:47:10,238 - INFO - Starting weekly signal generation...
2025-09-20 17:47:10,239 - INFO - Generated run_id: 20250920_SurfTrend
2025-09-20 17:47:11,740 - INFO - Found 19 ETF symbols for signal generation: ['BANKBEES', 'GOLDBEES', 'GOLDSHARE', 'HDFCGOLD', 'HNGSNGBEES', 'ICICIGOLD', 'INFRABEES', 'ITBEES', 'JUNIORBEES', 'KOTAKGOLD', 'LIQUIDBEES', 'MON100', 'NIFTY1', 'NIFTYBEES', 'PSUBNKBEES', 'QNIFTY', 'SENSEX1', 'SETFGOLD', 'SHARIABEES']
2025-09-20 17:47:11,742 - INFO - Using test date: 2025-09-19 (Friday) for signal generation
2025-09-20 17:47:18,589 - INFO - Loaded data for 5 ETFs from 2024-08-15 to 2025-09-19
2025-09-20 17:47:18,593 - INFO - Processing 19 symbols: ['BANKBEES', 'GOLDBEES', 'GOLDSHARE', 'HDFCGOLD', 'HNGSNGBEES']...
2025-09-20 17:47:18,832 - INFO - Calculated metrics for 19 ETFs
2025-09-20 17:47:18,978 - INFO - Generated 3 signals: 1 BUY, 2 SELL
2025-09-20 17:47:19,025 - INFO - Saved 3 signals to database with run_id: 20250920_SurfTrend
2025-09-20 17:47:19,027 - INFO - Signal generation completed successfully in 8.79s
2025-09-20 17:47:19,029 - INFO - Generated 1 BUY and 2 SELL signals
2025-09-20 17:47:19,036 - live_market_engine - INFO - Live market engine logging initialized
2025-09-20 17:47:19,036 - INFO - Live market engine logging initialized
2025-09-20 17:47:19,061 - live_market_engine - INFO - Monitoring tables created successfully
2025-09-20 17:47:19,061 - INFO - Monitoring tables created successfully
2025-09-20 17:47:19,063 - live_market_engine.signals - INFO - Signal generation completed - Run ID: 20250920_SurfTrend, Signals: 3 (1 BUY, 2 SELL), Duration: 8.79s
2025-09-20 17:47:19,063 - live_market_engine.signals - INFO - Signal generation completed - Run ID: 20250920_SurfTrend, Signals: 3 (1 BUY, 2 SELL), Duration: 8.79s
2025-09-20 17:47:19,063 - INFO - Signal generation completed - Run ID: 20250920_SurfTrend, Signals: 3 (1 BUY, 2 SELL), Duration: 8.79s
2025-09-20 17:47:19,182 - live_market_engine.metrics - INFO - signal_generation completed in 8.789s
2025-09-20 17:47:19,182 - INFO - signal_generation completed in 8.789s
2025-09-20 17:53:11,089 - INFO - Live signals database tables created/verified successfully
2025-09-20 17:53:11,219 - INFO - Starting weekly signal generation...
2025-09-20 17:53:11,266 - INFO - Generated run_id: 20250920_SurfTrend
2025-09-20 17:53:18,023 - INFO - Found 19 ETF symbols for signal generation: ['BANKBEES', 'GOLDBEES', 'GOLDSHARE', 'HDFCGOLD', 'HNGSNGBEES', 'ICICIGOLD', 'INFRABEES', 'ITBEES', 'JUNIORBEES', 'KOTAKGOLD', 'LIQUIDBEES', 'MON100', 'NIFTY1', 'NIFTYBEES', 'PSUBNKBEES', 'QNIFTY', 'SENSEX1', 'SETFGOLD', 'SHARIABEES']
2025-09-20 17:53:18,026 - INFO - Using test date: 2025-09-19 (Friday) for signal generation
2025-09-20 17:53:26,501 - INFO - Loaded data for 5 ETFs from 2024-08-15 to 2025-09-19
2025-09-20 17:53:26,505 - INFO - Processing 19 symbols: ['BANKBEES', 'GOLDBEES', 'GOLDSHARE', 'HDFCGOLD', 'HNGSNGBEES']...
2025-09-20 17:53:26,920 - INFO - Calculated metrics for 19 ETFs
2025-09-20 17:53:27,076 - INFO - Generated 3 signals: 1 BUY, 2 SELL
2025-09-20 17:53:27,180 - INFO - Saved 3 signals to database with run_id: 20250920_SurfTrend
2025-09-20 17:53:27,183 - INFO - Signal generation completed successfully in 15.96s
2025-09-20 17:53:27,184 - INFO - Generated 1 BUY and 2 SELL signals
2025-09-20 17:53:27,187 - live_market_engine - INFO - Live market engine logging initialized
2025-09-20 17:53:27,187 - INFO - Live market engine logging initialized
2025-09-20 17:53:27,223 - live_market_engine - INFO - Monitoring tables created successfully
2025-09-20 17:53:27,223 - INFO - Monitoring tables created successfully
2025-09-20 17:53:27,234 - live_market_engine.signals - INFO - Signal generation completed - Run ID: 20250920_SurfTrend, Signals: 3 (1 BUY, 2 SELL), Duration: 15.96s
2025-09-20 17:53:27,234 - live_market_engine.signals - INFO - Signal generation completed - Run ID: 20250920_SurfTrend, Signals: 3 (1 BUY, 2 SELL), Duration: 15.96s
2025-09-20 17:53:27,234 - INFO - Signal generation completed - Run ID: 20250920_SurfTrend, Signals: 3 (1 BUY, 2 SELL), Duration: 15.96s
2025-09-20 17:53:27,372 - live_market_engine.metrics - INFO - signal_generation completed in 15.964s
2025-09-20 17:53:27,372 - INFO - signal_generation completed in 15.964s
2025-09-20 18:01:12,569 - INFO - Live signals database tables created/verified successfully
2025-09-20 18:01:12,574 - INFO - Starting weekly signal generation...
2025-09-20 18:01:12,575 - INFO - Generated run_id: 20250920_SurfTrend
2025-09-20 18:01:15,296 - INFO - Found 19 ETF symbols for signal generation: ['BANKBEES', 'GOLDBEES', 'GOLDSHARE', 'HDFCGOLD', 'HNGSNGBEES', 'ICICIGOLD', 'INFRABEES', 'ITBEES', 'JUNIORBEES', 'KOTAKGOLD', 'LIQUIDBEES', 'MON100', 'NIFTY1', 'NIFTYBEES', 'PSUBNKBEES', 'QNIFTY', 'SENSEX1', 'SETFGOLD', 'SHARIABEES']
2025-09-20 18:01:15,304 - INFO - Using test date: 2025-09-19 (Friday) for signal generation
2025-09-20 18:01:20,506 - INFO - Loaded data for 5 ETFs from 2024-08-15 to 2025-09-19
2025-09-20 18:01:20,507 - INFO - Processing 19 symbols: ['BANKBEES', 'GOLDBEES', 'GOLDSHARE', 'HDFCGOLD', 'HNGSNGBEES']...
2025-09-20 18:01:20,735 - INFO - Calculated metrics for 19 ETFs
2025-09-20 18:01:20,955 - INFO - Generated 6 signals: 3 BUY, 3 SELL
2025-09-20 18:01:21,004 - INFO - Saved 6 signals to database with run_id: 20250920_SurfTrend
2025-09-20 18:01:21,006 - INFO - Signal generation completed successfully in 8.43s
2025-09-20 18:01:21,006 - INFO - Generated 3 BUY and 3 SELL signals
2025-09-20 18:01:21,010 - live_market_engine - INFO - Live market engine logging initialized
2025-09-20 18:01:21,010 - INFO - Live market engine logging initialized
2025-09-20 18:01:21,039 - live_market_engine - INFO - Monitoring tables created successfully
2025-09-20 18:01:21,039 - INFO - Monitoring tables created successfully
2025-09-20 18:01:21,047 - live_market_engine.signals - INFO - Signal generation completed - Run ID: 20250920_SurfTrend, Signals: 6 (3 BUY, 3 SELL), Duration: 8.43s
2025-09-20 18:01:21,047 - live_market_engine.signals - INFO - Signal generation completed - Run ID: 20250920_SurfTrend, Signals: 6 (3 BUY, 3 SELL), Duration: 8.43s
2025-09-20 18:01:21,047 - INFO - Signal generation completed - Run ID: 20250920_SurfTrend, Signals: 6 (3 BUY, 3 SELL), Duration: 8.43s
2025-09-20 18:01:21,189 - live_market_engine.metrics - INFO - signal_generation completed in 8.432s
2025-09-20 18:01:21,189 - INFO - signal_generation completed in 8.432s
2025-09-20 18:05:55,475 - INFO - Live signals database tables created/verified successfully
2025-09-20 18:05:55,477 - INFO - Starting weekly signal generation...
2025-09-20 18:05:55,478 - INFO - Generated run_id: 20250920_SurfTrend
2025-09-20 18:05:56,923 - INFO - Found 19 ETF symbols for signal generation: ['BANKBEES', 'GOLDBEES', 'GOLDSHARE', 'HDFCGOLD', 'HNGSNGBEES', 'ICICIGOLD', 'INFRABEES', 'ITBEES', 'JUNIORBEES', 'KOTAKGOLD', 'LIQUIDBEES', 'MON100', 'NIFTY1', 'NIFTYBEES', 'PSUBNKBEES', 'QNIFTY', 'SENSEX1', 'SETFGOLD', 'SHARIABEES']
2025-09-20 18:05:56,932 - INFO - Using test date: 2025-09-19 (Friday) for signal generation
2025-09-20 18:06:03,818 - INFO - Loaded data for 5 ETFs from 2024-08-15 to 2025-09-19
2025-09-20 18:06:03,819 - INFO - Processing 19 symbols: ['BANKBEES', 'GOLDBEES', 'GOLDSHARE', 'HDFCGOLD', 'HNGSNGBEES']...
2025-09-20 18:06:04,091 - INFO - Calculated metrics for 19 ETFs
2025-09-20 18:06:04,304 - INFO - Generated 6 signals: 3 BUY, 3 SELL
2025-09-20 18:06:04,388 - INFO - Saved 6 signals to database with run_id: 20250920_SurfTrend
2025-09-20 18:06:04,390 - INFO - Signal generation completed successfully in 8.91s
2025-09-20 18:06:04,391 - INFO - Generated 3 BUY and 3 SELL signals
2025-09-20 18:06:04,400 - live_market_engine - INFO - Live market engine logging initialized
2025-09-20 18:06:04,400 - INFO - Live market engine logging initialized
2025-09-20 18:06:04,423 - live_market_engine - INFO - Monitoring tables created successfully
2025-09-20 18:06:04,423 - INFO - Monitoring tables created successfully
2025-09-20 18:06:04,434 - live_market_engine.signals - INFO - Signal generation completed - Run ID: 20250920_SurfTrend, Signals: 6 (3 BUY, 3 SELL), Duration: 8.91s
2025-09-20 18:06:04,434 - live_market_engine.signals - INFO - Signal generation completed - Run ID: 20250920_SurfTrend, Signals: 6 (3 BUY, 3 SELL), Duration: 8.91s
2025-09-20 18:06:04,434 - INFO - Signal generation completed - Run ID: 20250920_SurfTrend, Signals: 6 (3 BUY, 3 SELL), Duration: 8.91s
2025-09-20 18:06:04,574 - live_market_engine.metrics - INFO - signal_generation completed in 8.913s
2025-09-20 18:06:04,574 - INFO - signal_generation completed in 8.913s
2025-09-20 18:10:39,500 - INFO - Live signals database tables created/verified successfully
2025-09-20 18:10:39,501 - INFO - Starting weekly signal generation...
2025-09-20 18:10:39,502 - INFO - Generated run_id: 20250920_SurfTrend
2025-09-20 18:10:40,926 - INFO - Found 19 ETF symbols for signal generation: ['BANKBEES', 'GOLDBEES', 'GOLDSHARE', 'HDFCGOLD', 'HNGSNGBEES', 'ICICIGOLD', 'INFRABEES', 'ITBEES', 'JUNIORBEES', 'KOTAKGOLD', 'LIQUIDBEES', 'MON100', 'NIFTY1', 'NIFTYBEES', 'PSUBNKBEES', 'QNIFTY', 'SENSEX1', 'SETFGOLD', 'SHARIABEES']
2025-09-20 18:10:40,946 - INFO - Using test date: 2025-09-19 (Friday) for signal generation
2025-09-20 18:10:47,916 - INFO - Loaded data for 5 ETFs from 2024-08-15 to 2025-09-19
2025-09-20 18:10:47,917 - INFO - Processing 19 symbols: ['BANKBEES', 'GOLDBEES', 'GOLDSHARE', 'HDFCGOLD', 'HNGSNGBEES']...
2025-09-20 18:10:48,204 - INFO - Calculated metrics for 19 ETFs
2025-09-20 18:10:48,457 - INFO - Generated 4 signals: 1 BUY, 3 SELL
2025-09-20 18:10:48,529 - INFO - Saved 4 signals to database with run_id: 20250920_SurfTrend
2025-09-20 18:10:48,531 - INFO - Signal generation completed successfully in 9.03s
2025-09-20 18:10:48,532 - INFO - Generated 1 BUY and 3 SELL signals
2025-09-20 18:10:48,537 - live_market_engine - INFO - Live market engine logging initialized
2025-09-20 18:10:48,537 - INFO - Live market engine logging initialized
2025-09-20 18:10:48,560 - live_market_engine - INFO - Monitoring tables created successfully
2025-09-20 18:10:48,560 - INFO - Monitoring tables created successfully
2025-09-20 18:10:48,565 - live_market_engine.signals - INFO - Signal generation completed - Run ID: 20250920_SurfTrend, Signals: 4 (1 BUY, 3 SELL), Duration: 9.03s
2025-09-20 18:10:48,565 - live_market_engine.signals - INFO - Signal generation completed - Run ID: 20250920_SurfTrend, Signals: 4 (1 BUY, 3 SELL), Duration: 9.03s
2025-09-20 18:10:48,565 - INFO - Signal generation completed - Run ID: 20250920_SurfTrend, Signals: 4 (1 BUY, 3 SELL), Duration: 9.03s
2025-09-20 18:10:48,688 - live_market_engine.metrics - INFO - signal_generation completed in 9.030s
2025-09-20 18:10:48,688 - INFO - signal_generation completed in 9.030s
2025-09-20 22:19:20,423 - INFO - Live signals database tables created/verified successfully
2025-09-20 22:19:20,424 - INFO - Starting weekly signal generation...
2025-09-20 22:19:20,424 - INFO - Generated run_id: 20250920_SurfTrend
2025-09-20 22:19:22,020 - INFO - Found 19 ETF symbols for signal generation: ['BANKBEES', 'GOLDBEES', 'GOLDSHARE', 'HDFCGOLD', 'HNGSNGBEES', 'ICICIGOLD', 'INFRABEES', 'ITBEES', 'JUNIORBEES', 'KOTAKGOLD', 'LIQUIDBEES', 'MON100', 'NIFTY1', 'NIFTYBEES', 'PSUBNKBEES', 'QNIFTY', 'SENSEX1', 'SETFGOLD', 'SHARIABEES']
2025-09-20 22:19:22,020 - INFO - Using test date: 2025-09-19 (Friday) for signal generation
2025-09-20 22:19:24,296 - INFO - Loaded data for 5 ETFs from 2024-08-15 to 2025-09-19
2025-09-20 22:19:24,296 - INFO - Processing 19 symbols: ['BANKBEES', 'GOLDBEES', 'GOLDSHARE', 'HDFCGOLD', 'HNGSNGBEES']...
2025-09-20 22:19:24,409 - INFO - Calculated metrics for 19 ETFs
2025-09-20 22:19:24,489 - INFO - Generated 4 signals: 1 BUY, 3 SELL
2025-09-20 22:19:24,525 - INFO - Saved 4 signals to database with run_id: 20250920_SurfTrend
2025-09-20 22:19:24,536 - INFO - Signal generation completed successfully in 4.11s
2025-09-20 22:19:24,538 - INFO - Generated 1 BUY and 3 SELL signals
2025-09-20 22:19:24,542 - live_market_engine - INFO - Live market engine logging initialized
2025-09-20 22:19:24,542 - INFO - Live market engine logging initialized
2025-09-20 22:19:24,560 - live_market_engine - INFO - Monitoring tables created successfully
2025-09-20 22:19:24,560 - INFO - Monitoring tables created successfully
2025-09-20 22:19:24,562 - live_market_engine.signals - INFO - Signal generation completed - Run ID: 20250920_SurfTrend, Signals: 4 (1 BUY, 3 SELL), Duration: 4.11s
2025-09-20 22:19:24,562 - live_market_engine.signals - INFO - Signal generation completed - Run ID: 20250920_SurfTrend, Signals: 4 (1 BUY, 3 SELL), Duration: 4.11s
2025-09-20 22:19:24,562 - INFO - Signal generation completed - Run ID: 20250920_SurfTrend, Signals: 4 (1 BUY, 3 SELL), Duration: 4.11s
2025-09-20 22:19:24,644 - live_market_engine.metrics - INFO - signal_generation completed in 4.112s
2025-09-20 22:19:24,644 - INFO - signal_generation completed in 4.112s
2025-09-20 23:06:29,261 - INFO - Live signals database tables created/verified successfully
2025-09-20 23:06:29,266 - INFO - Starting weekly signal generation...
2025-09-20 23:06:29,267 - INFO - Generated run_id: 20250920_SurfTrend
2025-09-20 23:06:29,684 - INFO - Found 19 ETF symbols for signal generation: ['BANKBEES', 'GOLDBEES', 'GOLDSHARE', 'HDFCGOLD', 'HNGSNGBEES', 'ICICIGOLD', 'INFRABEES', 'ITBEES', 'JUNIORBEES', 'KOTAKGOLD', 'LIQUIDBEES', 'MON100', 'NIFTY1', 'NIFTYBEES', 'PSUBNKBEES', 'QNIFTY', 'SENSEX1', 'SETFGOLD', 'SHARIABEES']
2025-09-20 23:06:29,684 - INFO - Using test date: 2025-09-19 (Friday) for signal generation
2025-09-20 23:06:32,136 - INFO - Loaded data for 5 ETFs from 2024-08-15 to 2025-09-19
2025-09-20 23:06:32,136 - INFO - Processing 19 symbols: ['BANKBEES', 'GOLDBEES', 'GOLDSHARE', 'HDFCGOLD', 'HNGSNGBEES']...
2025-09-20 23:06:32,272 - INFO - Calculated metrics for 19 ETFs
2025-09-20 23:06:32,344 - INFO - Generated 4 signals: 1 BUY, 3 SELL
2025-09-20 23:06:32,372 - INFO - Saved 4 signals to database with run_id: 20250920_SurfTrend
2025-09-20 23:06:32,373 - INFO - Signal generation completed successfully in 3.11s
2025-09-20 23:06:32,373 - INFO - Generated 1 BUY and 3 SELL signals
2025-09-20 23:06:32,377 - live_market_engine - INFO - Live market engine logging initialized
2025-09-20 23:06:32,377 - INFO - Live market engine logging initialized
2025-09-20 23:06:32,454 - live_market_engine - INFO - Monitoring tables created successfully
2025-09-20 23:06:32,454 - INFO - Monitoring tables created successfully
2025-09-20 23:06:32,457 - live_market_engine.signals - INFO - Signal generation completed - Run ID: 20250920_SurfTrend, Signals: 4 (1 BUY, 3 SELL), Duration: 3.11s
2025-09-20 23:06:32,457 - live_market_engine.signals - INFO - Signal generation completed - Run ID: 20250920_SurfTrend, Signals: 4 (1 BUY, 3 SELL), Duration: 3.11s
2025-09-20 23:06:32,457 - INFO - Signal generation completed - Run ID: 20250920_SurfTrend, Signals: 4 (1 BUY, 3 SELL), Duration: 3.11s
2025-09-20 23:06:32,607 - live_market_engine.metrics - INFO - signal_generation completed in 3.107s
2025-09-20 23:06:32,607 - INFO - signal_generation completed in 3.107s
2025-09-20 23:16:26,100 - INFO - Live signals database tables created/verified successfully
2025-09-20 23:16:26,105 - INFO - Starting weekly signal generation...
2025-09-20 23:16:26,105 - INFO - Generated run_id: 20250920_SurfTrend
2025-09-20 23:16:26,925 - INFO - Found 19 ETF symbols for signal generation: ['BANKBEES', 'GOLDBEES', 'GOLDSHARE', 'HDFCGOLD', 'HNGSNGBEES', 'ICICIGOLD', 'INFRABEES', 'ITBEES', 'JUNIORBEES', 'KOTAKGOLD', 'LIQUIDBEES', 'MON100', 'NIFTY1', 'NIFTYBEES', 'PSUBNKBEES', 'QNIFTY', 'SENSEX1', 'SETFGOLD', 'SHARIABEES']
2025-09-20 23:16:26,926 - INFO - Using test date: 2025-09-19 (Friday) for signal generation
2025-09-20 23:16:30,872 - INFO - Loaded data for 5 ETFs from 2024-08-15 to 2025-09-19
2025-09-20 23:16:30,872 - INFO - Processing 19 symbols: ['BANKBEES', 'GOLDBEES', 'GOLDSHARE', 'HDFCGOLD', 'HNGSNGBEES']...
2025-09-20 23:16:31,082 - INFO - Calculated metrics for 19 ETFs
2025-09-20 23:16:31,210 - INFO - Generated 4 signals: 1 BUY, 3 SELL
2025-09-20 23:16:31,241 - INFO - Saved 4 signals to database with run_id: 20250920_SurfTrend
2025-09-20 23:16:31,241 - INFO - Signal generation completed successfully in 5.14s
2025-09-20 23:16:31,242 - INFO - Generated 1 BUY and 3 SELL signals
2025-09-20 23:16:31,245 - live_market_engine - INFO - Live market engine logging initialized
2025-09-20 23:16:31,245 - INFO - Live market engine logging initialized
2025-09-20 23:16:31,333 - live_market_engine - INFO - Monitoring tables created successfully
2025-09-20 23:16:31,333 - INFO - Monitoring tables created successfully
2025-09-20 23:16:31,334 - live_market_engine.signals - INFO - Signal generation completed - Run ID: 20250920_SurfTrend, Signals: 4 (1 BUY, 3 SELL), Duration: 5.14s
2025-09-20 23:16:31,334 - live_market_engine.signals - INFO - Signal generation completed - Run ID: 20250920_SurfTrend, Signals: 4 (1 BUY, 3 SELL), Duration: 5.14s
2025-09-20 23:16:31,334 - INFO - Signal generation completed - Run ID: 20250920_SurfTrend, Signals: 4 (1 BUY, 3 SELL), Duration: 5.14s
2025-09-20 23:16:31,435 - live_market_engine.metrics - INFO - signal_generation completed in 5.137s
2025-09-20 23:16:31,435 - INFO - signal_generation completed in 5.137s
2025-09-20 23:17:28,496 - INFO - Live signals database tables created/verified successfully
2025-09-20 23:17:28,498 - INFO - Starting weekly signal generation...
2025-09-20 23:17:28,498 - INFO - Generated run_id: 20250920_SurfTrend
2025-09-20 23:17:28,945 - INFO - Found 19 ETF symbols for signal generation: ['BANKBEES', 'GOLDBEES', 'GOLDSHARE', 'HDFCGOLD', 'HNGSNGBEES', 'ICICIGOLD', 'INFRABEES', 'ITBEES', 'JUNIORBEES', 'KOTAKGOLD', 'LIQUIDBEES', 'MON100', 'NIFTY1', 'NIFTYBEES', 'PSUBNKBEES', 'QNIFTY', 'SENSEX1', 'SETFGOLD', 'SHARIABEES']
2025-09-20 23:17:28,947 - INFO - Using test date: 2025-09-19 (Friday) for signal generation
2025-09-20 23:17:31,490 - INFO - Loaded data for 5 ETFs from 2024-08-15 to 2025-09-19
2025-09-20 23:17:31,491 - INFO - Processing 19 symbols: ['BANKBEES', 'GOLDBEES', 'GOLDSHARE', 'HDFCGOLD', 'HNGSNGBEES']...
2025-09-20 23:17:31,614 - INFO - Calculated metrics for 19 ETFs
2025-09-20 23:17:31,691 - INFO - Generated 4 signals: 1 BUY, 3 SELL
2025-09-20 23:17:31,735 - INFO - Saved 4 signals to database with run_id: 20250920_SurfTrend
2025-09-20 23:17:31,737 - INFO - Signal generation completed successfully in 3.24s
2025-09-20 23:17:31,739 - INFO - Generated 1 BUY and 3 SELL signals
2025-09-20 23:17:31,741 - live_market_engine - INFO - Live market engine logging initialized
2025-09-20 23:17:31,741 - INFO - Live market engine logging initialized
2025-09-20 23:17:31,797 - live_market_engine - INFO - Monitoring tables created successfully
2025-09-20 23:17:31,797 - INFO - Monitoring tables created successfully
2025-09-20 23:17:31,799 - live_market_engine.signals - INFO - Signal generation completed - Run ID: 20250920_SurfTrend, Signals: 4 (1 BUY, 3 SELL), Duration: 3.24s
2025-09-20 23:17:31,799 - live_market_engine.signals - INFO - Signal generation completed - Run ID: 20250920_SurfTrend, Signals: 4 (1 BUY, 3 SELL), Duration: 3.24s
2025-09-20 23:17:31,799 - INFO - Signal generation completed - Run ID: 20250920_SurfTrend, Signals: 4 (1 BUY, 3 SELL), Duration: 3.24s
2025-09-20 23:17:31,906 - live_market_engine.metrics - INFO - signal_generation completed in 3.240s
2025-09-20 23:17:31,906 - INFO - signal_generation completed in 3.240s
2025-09-28 22:37:29,479 - INFO - Live signals database tables created/verified successfully
2025-09-28 22:37:29,480 - INFO - Starting weekly signal generation...
2025-09-28 22:37:29,480 - INFO - Generated run_id: 20250928_SurfTrend
2025-09-28 22:37:29,613 - INFO - Found 13 ETF symbols for signal generation: ['BANKBEES', 'GOLDBEES', 'ITBEES', 'JUNIORBEES', 'MON100', 'NIFTYBEES', 'PSUBNKBEES', 'HNGSNGBEES.NS', 'INFRABEES.NS', 'PHARMABEES.NS', 'SETFNIF50', 'SETFNN50', 'SENSEX1.BO']
2025-09-28 22:37:29,614 - INFO - Using test date: 2025-09-27 (Friday) for signal generation
2025-09-28 22:37:29,988 - INFO - Loaded data for 5 ETFs from 2024-08-23 to 2025-09-27
2025-09-28 22:37:29,988 - INFO - Processing 13 symbols: ['BANKBEES', 'GOLDBEES', 'ITBEES', 'JUNIORBEES', 'MON100']...
2025-09-28 22:37:30,068 - INFO - Calculated metrics for 13 ETFs
2025-09-28 22:37:30,073 - ERROR - Error in detailed momentum calculation: 'charmap' codec can't encode character '\u2705' in position 3: character maps to <undefined>
2025-09-28 22:37:30,081 - INFO - Generated 4 signals: 1 BUY, 3 SELL
2025-09-28 22:37:30,081 - ERROR - Error in signal details: 'charmap' codec can't encode character '\U0001f4ca' in position 2: character maps to <undefined>
2025-09-28 22:37:30,094 - INFO - Saved 4 signals to database with run_id: 20250928_SurfTrend
2025-09-28 22:37:30,095 - INFO - Signal generation completed successfully in 0.62s
2025-09-28 22:37:30,095 - INFO - Generated 1 BUY and 3 SELL signals
2025-09-28 22:37:30,098 - live_market_engine - INFO - Live market engine logging initialized
2025-09-28 22:37:30,098 - INFO - Live market engine logging initialized
2025-09-28 22:37:30,170 - live_market_engine - INFO - Monitoring tables created successfully
2025-09-28 22:37:30,170 - INFO - Monitoring tables created successfully
2025-09-28 22:37:30,171 - live_market_engine.signals - INFO - Signal generation completed - Run ID: 20250928_SurfTrend, Signals: 4 (1 BUY, 3 SELL), Duration: 0.62s
2025-09-28 22:37:30,171 - live_market_engine.signals - INFO - Signal generation completed - Run ID: 20250928_SurfTrend, Signals: 4 (1 BUY, 3 SELL), Duration: 0.62s
2025-09-28 22:37:30,171 - INFO - Signal generation completed - Run ID: 20250928_SurfTrend, Signals: 4 (1 BUY, 3 SELL), Duration: 0.62s
2025-09-28 22:37:30,232 - live_market_engine.metrics - INFO - signal_generation completed in 0.615s
2025-09-28 22:37:30,232 - INFO - signal_generation completed in 0.615s
2025-09-28 22:38:05,628 - INFO - Live signals database tables created/verified successfully
2025-09-28 22:38:05,628 - INFO - Starting weekly signal generation...
2025-09-28 22:38:05,629 - INFO - Generated run_id: 20250928_SurfTrend
2025-09-28 22:38:05,715 - INFO - Found 13 ETF symbols for signal generation: ['BANKBEES', 'GOLDBEES', 'ITBEES', 'JUNIORBEES', 'MON100', 'NIFTYBEES', 'PSUBNKBEES', 'HNGSNGBEES.NS', 'INFRABEES.NS', 'PHARMABEES.NS', 'SETFNIF50', 'SETFNN50', 'SENSEX1.BO']
2025-09-28 22:38:05,715 - INFO - Using test date: 2025-09-27 (Friday) for signal generation
2025-09-28 22:38:05,989 - INFO - Loaded data for 5 ETFs from 2024-08-23 to 2025-09-27
2025-09-28 22:38:05,990 - INFO - Processing 13 symbols: ['BANKBEES', 'GOLDBEES', 'ITBEES', 'JUNIORBEES', 'MON100']...
2025-09-28 22:38:06,060 - INFO - Calculated metrics for 13 ETFs
2025-09-28 22:38:06,067 - ERROR - Error in detailed momentum calculation: 'charmap' codec can't encode character '\u20b9' in position 33: character maps to <undefined>
2025-09-28 22:38:06,072 - INFO - Generated 4 signals: 1 BUY, 3 SELL
2025-09-28 22:38:06,072 - ERROR - Error in signal details: 'charmap' codec can't encode character '\u20b9' in position 13: character maps to <undefined>
2025-09-28 22:38:06,089 - INFO - Saved 4 signals to database with run_id: 20250928_SurfTrend
2025-09-28 22:38:06,089 - INFO - Signal generation completed successfully in 0.46s
2025-09-28 22:38:06,090 - INFO - Generated 1 BUY and 3 SELL signals
2025-09-28 22:38:06,095 - live_market_engine - INFO - Live market engine logging initialized
2025-09-28 22:38:06,095 - INFO - Live market engine logging initialized
2025-09-28 22:38:06,102 - live_market_engine - INFO - Monitoring tables created successfully
2025-09-28 22:38:06,102 - INFO - Monitoring tables created successfully
2025-09-28 22:38:06,102 - live_market_engine.signals - INFO - Signal generation completed - Run ID: 20250928_SurfTrend, Signals: 4 (1 BUY, 3 SELL), Duration: 0.46s
2025-09-28 22:38:06,102 - live_market_engine.signals - INFO - Signal generation completed - Run ID: 20250928_SurfTrend, Signals: 4 (1 BUY, 3 SELL), Duration: 0.46s
2025-09-28 22:38:06,102 - INFO - Signal generation completed - Run ID: 20250928_SurfTrend, Signals: 4 (1 BUY, 3 SELL), Duration: 0.46s
2025-09-28 22:38:06,167 - live_market_engine.metrics - INFO - signal_generation completed in 0.461s
2025-09-28 22:38:06,167 - INFO - signal_generation completed in 0.461s
2025-09-28 22:39:08,945 - INFO - Live signals database tables created/verified successfully
2025-09-28 22:39:08,945 - INFO - Starting weekly signal generation...
2025-09-28 22:39:08,945 - INFO - Generated run_id: 20250928_SurfTrend
2025-09-28 22:39:09,023 - INFO - Found 11 ETF symbols for signal generation: ['BANKBEES', 'GOLDBEES', 'HNGSNGBEES.NS', 'INFRABEES.NS', 'ITBEES', 'JUNIORBEES', 'MON100', 'NIFTYBEES', 'PHARMABEES.NS', 'PSUBNKBEES', 'SENSEX1.BO']
2025-09-28 22:39:09,024 - INFO - Using test date: 2025-09-27 (Friday) for signal generation
2025-09-28 22:39:09,378 - INFO - Loaded data for 5 ETFs from 2024-08-23 to 2025-09-27
2025-09-28 22:39:09,378 - INFO - Processing 11 symbols: ['BANKBEES', 'GOLDBEES', 'HNGSNGBEES.NS', 'INFRABEES.NS', 'ITBEES']...
2025-09-28 22:39:09,464 - INFO - Calculated metrics for 11 ETFs
2025-09-28 22:39:09,475 - ERROR - Error in detailed momentum calculation: 'charmap' codec can't encode character '\u20b9' in position 33: character maps to <undefined>
2025-09-28 22:39:09,481 - INFO - Generated 4 signals: 1 BUY, 3 SELL
2025-09-28 22:39:09,482 - ERROR - Error in signal details: 'charmap' codec can't encode character '\u20b9' in position 13: character maps to <undefined>
2025-09-28 22:39:09,495 - INFO - Saved 4 signals to database with run_id: 20250928_SurfTrend
2025-09-28 22:39:09,496 - INFO - Signal generation completed successfully in 0.55s
2025-09-28 22:39:09,496 - INFO - Generated 1 BUY and 3 SELL signals
2025-09-28 22:39:09,499 - live_market_engine - INFO - Live market engine logging initialized
2025-09-28 22:39:09,499 - INFO - Live market engine logging initialized
2025-09-28 22:39:09,521 - live_market_engine - INFO - Monitoring tables created successfully
2025-09-28 22:39:09,521 - INFO - Monitoring tables created successfully
2025-09-28 22:39:09,521 - live_market_engine.signals - INFO - Signal generation completed - Run ID: 20250928_SurfTrend, Signals: 4 (1 BUY, 3 SELL), Duration: 0.55s
2025-09-28 22:39:09,521 - live_market_engine.signals - INFO - Signal generation completed - Run ID: 20250928_SurfTrend, Signals: 4 (1 BUY, 3 SELL), Duration: 0.55s
2025-09-28 22:39:09,521 - INFO - Signal generation completed - Run ID: 20250928_SurfTrend, Signals: 4 (1 BUY, 3 SELL), Duration: 0.55s
2025-09-28 22:39:09,576 - live_market_engine.metrics - INFO - signal_generation completed in 0.551s
2025-09-28 22:39:09,576 - INFO - signal_generation completed in 0.551s
2025-09-28 22:40:19,984 - INFO - Live signals database tables created/verified successfully
2025-09-28 22:40:19,985 - INFO - Starting weekly signal generation...
2025-09-28 22:40:19,986 - INFO - Generated run_id: 20250928_SurfTrend
2025-09-28 22:40:20,091 - INFO - Found 7 ETF symbols for signal generation: ['BANKBEES', 'GOLDBEES', 'ITBEES', 'JUNIORBEES', 'MON100', 'NIFTYBEES', 'PSUBNKBEES']
2025-09-28 22:40:20,092 - INFO - Using test date: 2025-09-27 (Friday) for signal generation
2025-09-28 22:40:20,270 - INFO - Loaded data for 5 ETFs from 2024-08-23 to 2025-09-27
2025-09-28 22:40:20,270 - INFO - Processing 7 symbols: ['BANKBEES', 'GOLDBEES', 'ITBEES', 'JUNIORBEES', 'MON100']...
2025-09-28 22:40:20,321 - INFO - Calculated metrics for 7 ETFs
2025-09-28 22:40:20,330 - INFO - Generated 4 signals: 1 BUY, 3 SELL
2025-09-28 22:40:20,330 - ERROR - Error in signal details: 'charmap' codec can't encode character '\u20b9' in position 13: character maps to <undefined>
2025-09-28 22:40:20,342 - ERROR - Error saving signals to database: NOT NULL constraint failed: live_signals.score
2025-09-28 22:40:20,342 - ERROR - Error in weekly signal generation: Failed to save signals to database
2025-09-28 22:40:20,345 - live_market_engine - INFO - Live market engine logging initialized
2025-09-28 22:40:20,345 - INFO - Live market engine logging initialized
2025-09-28 22:40:20,351 - live_market_engine - INFO - Monitoring tables created successfully
2025-09-28 22:40:20,351 - INFO - Monitoring tables created successfully
2025-09-28 22:40:20,352 - live_market_engine.metrics - ERROR - signal_generation failed after 0.358s - Failed to save signals to database
2025-09-28 22:40:20,352 - ERROR - signal_generation failed after 0.358s - Failed to save signals to database
2025-09-28 22:40:25,791 - live_market_engine - ERROR - Error logging performance: database is locked
2025-09-28 22:40:25,791 - ERROR - Error logging performance: database is locked
2025-09-28 22:42:25,397 - INFO - Live signals database tables created/verified successfully
2025-09-28 22:42:25,398 - INFO - Starting weekly signal generation...
2025-09-28 22:42:25,398 - INFO - Generated run_id: 20250928_SurfTrend
2025-09-28 22:42:25,508 - INFO - Found 11 ETF symbols for signal generation: ['BANKBEES', 'GOLDBEES', 'HNGSNGBEES.NS', 'INFRABEES.NS', 'ITBEES', 'JUNIORBEES', 'MON100', 'NIFTYBEES', 'PHARMABEES.NS', 'PSUBNKBEES', 'SENSEX1.BO']
2025-09-28 22:42:25,508 - INFO - Using test date: 2025-09-27 (Friday) for signal generation
2025-09-28 22:42:25,782 - INFO - Loaded data for 5 ETFs from 2024-08-23 to 2025-09-27
2025-09-28 22:42:25,783 - INFO - Processing 11 symbols: ['BANKBEES', 'GOLDBEES', 'HNGSNGBEES.NS', 'INFRABEES.NS', 'ITBEES']...
2025-09-28 22:42:25,851 - INFO - Calculated metrics for 11 ETFs
2025-09-28 22:42:25,857 - ERROR - Error in detailed momentum calculation: 'charmap' codec can't encode character '\u20b9' in position 33: character maps to <undefined>
2025-09-28 22:42:25,862 - INFO - Generated 4 signals: 1 BUY, 3 SELL
2025-09-28 22:42:25,862 - ERROR - Error in signal details: 'charmap' codec can't encode character '\u20b9' in position 13: character maps to <undefined>
2025-09-28 22:42:25,878 - INFO - Saved 4 signals to database with run_id: 20250928_SurfTrend
2025-09-28 22:42:25,879 - INFO - Signal generation completed successfully in 0.48s
2025-09-28 22:42:25,879 - INFO - Generated 1 BUY and 3 SELL signals
2025-09-28 22:42:25,882 - live_market_engine - INFO - Live market engine logging initialized
2025-09-28 22:42:25,882 - INFO - Live market engine logging initialized
2025-09-28 22:42:25,892 - live_market_engine - INFO - Monitoring tables created successfully
2025-09-28 22:42:25,892 - INFO - Monitoring tables created successfully
2025-09-28 22:42:25,893 - live_market_engine.signals - INFO - Signal generation completed - Run ID: 20250928_SurfTrend, Signals: 4 (1 BUY, 3 SELL), Duration: 0.48s
2025-09-28 22:42:25,893 - live_market_engine.signals - INFO - Signal generation completed - Run ID: 20250928_SurfTrend, Signals: 4 (1 BUY, 3 SELL), Duration: 0.48s
2025-09-28 22:42:25,893 - INFO - Signal generation completed - Run ID: 20250928_SurfTrend, Signals: 4 (1 BUY, 3 SELL), Duration: 0.48s
2025-09-28 22:42:25,948 - live_market_engine.metrics - INFO - signal_generation completed in 0.481s
2025-09-28 22:42:25,948 - INFO - signal_generation completed in 0.481s
2025-09-28 23:10:51,679 - ERROR - Error creating live signals tables: unable to open database file
2025-09-28 23:11:37,467 - INFO - Live signals database tables created/verified successfully
2025-09-28 23:11:37,468 - INFO - Starting weekly signal generation...
2025-09-28 23:11:37,469 - INFO - Generated run_id: 20250928_SurfTrend
2025-09-28 23:11:37,531 - INFO - Found 8 ETF symbols for signal generation: ['BANKBEES', 'GOLDBEES', 'ITBEES', 'JUNIORBEES', 'MON100', 'NIFTYBEES', 'PSUBNKBEES', 'SENSEX1.BO']
2025-09-28 23:11:37,535 - INFO - Using test date: 2025-09-27 (Friday) for signal generation
2025-09-28 23:11:37,707 - INFO - Loaded data for 5 ETFs from 2024-08-23 to 2025-09-27
2025-09-28 23:11:37,708 - INFO - Processing 8 symbols: ['BANKBEES', 'GOLDBEES', 'ITBEES', 'JUNIORBEES', 'MON100']...
2025-09-28 23:11:37,751 - INFO - Calculated metrics for 8 ETFs
2025-09-28 23:11:37,792 - INFO - Generated 4 signals: 1 BUY, 3 SELL
2025-09-28 23:11:37,812 - INFO - Saved 4 signals to database with run_id: 20250928_SurfTrend
2025-09-28 23:11:37,813 - INFO - Signal generation completed successfully in 0.34s
2025-09-28 23:11:37,813 - INFO - Generated 1 BUY and 3 SELL signals
2025-09-28 23:11:37,817 - live_market_engine - INFO - Live market engine logging initialized
2025-09-28 23:11:37,817 - INFO - Live market engine logging initialized
2025-09-28 23:11:37,824 - live_market_engine - INFO - Monitoring tables created successfully
2025-09-28 23:11:37,824 - INFO - Monitoring tables created successfully
2025-09-28 23:11:37,825 - live_market_engine.signals - INFO - Signal generation completed - Run ID: 20250928_SurfTrend, Signals: 4 (1 BUY, 3 SELL), Duration: 0.34s
2025-09-28 23:11:37,825 - live_market_engine.signals - INFO - Signal generation completed - Run ID: 20250928_SurfTrend, Signals: 4 (1 BUY, 3 SELL), Duration: 0.34s
2025-09-28 23:11:37,825 - INFO - Signal generation completed - Run ID: 20250928_SurfTrend, Signals: 4 (1 BUY, 3 SELL), Duration: 0.34s
2025-09-28 23:11:37,878 - live_market_engine.metrics - INFO - signal_generation completed in 0.344s
2025-09-28 23:11:37,878 - INFO - signal_generation completed in 0.344s
2025-09-28 23:13:57,292 - INFO - Live signals database tables created/verified successfully
2025-09-28 23:13:57,292 - INFO - Starting weekly signal generation...
2025-09-28 23:13:57,293 - INFO - Generated run_id: 20250928_SurfTrend
2025-09-28 23:13:57,361 - INFO - Found 11 ETF symbols for signal generation: ['BANKBEES', 'GOLDBEES', 'HNGSNGBEES', 'INFRABEES', 'ITBEES', 'JUNIORBEES', 'MON100', 'NIFTYBEES', 'PHARMABEES', 'PSUBNKBEES', 'SENSEX1.BO']
2025-09-28 23:13:57,361 - INFO - Using test date: 2025-09-27 (Friday) for signal generation
2025-09-28 23:13:57,543 - INFO - Loaded data for 5 ETFs from 2024-08-23 to 2025-09-27
2025-09-28 23:13:57,544 - INFO - Processing 11 symbols: ['BANKBEES', 'GOLDBEES', 'HNGSNGBEES', 'INFRABEES', 'ITBEES']...
2025-09-28 23:13:57,588 - INFO - Calculated metrics for 11 ETFs
2025-09-28 23:13:57,630 - INFO - Generated 4 signals: 1 BUY, 3 SELL
2025-09-28 23:13:57,649 - INFO - Saved 4 signals to database with run_id: 20250928_SurfTrend
2025-09-28 23:13:57,650 - INFO - Signal generation completed successfully in 0.36s
2025-09-28 23:13:57,651 - INFO - Generated 1 BUY and 3 SELL signals
2025-09-28 23:13:57,655 - live_market_engine - INFO - Live market engine logging initialized
2025-09-28 23:13:57,655 - INFO - Live market engine logging initialized
2025-09-28 23:13:57,662 - live_market_engine - INFO - Monitoring tables created successfully
2025-09-28 23:13:57,662 - INFO - Monitoring tables created successfully
2025-09-28 23:13:57,663 - live_market_engine.signals - INFO - Signal generation completed - Run ID: 20250928_SurfTrend, Signals: 4 (1 BUY, 3 SELL), Duration: 0.36s
2025-09-28 23:13:57,663 - live_market_engine.signals - INFO - Signal generation completed - Run ID: 20250928_SurfTrend, Signals: 4 (1 BUY, 3 SELL), Duration: 0.36s
2025-09-28 23:13:57,663 - INFO - Signal generation completed - Run ID: 20250928_SurfTrend, Signals: 4 (1 BUY, 3 SELL), Duration: 0.36s
2025-09-28 23:13:57,718 - live_market_engine.metrics - INFO - signal_generation completed in 0.357s
2025-09-28 23:13:57,718 - INFO - signal_generation completed in 0.357s
2025-09-28 23:15:06,192 - INFO - Live signals database tables created/verified successfully
2025-09-28 23:15:06,192 - INFO - Starting weekly signal generation...
2025-09-28 23:15:06,193 - INFO - Generated run_id: 20250928_SurfTrend
2025-09-28 23:15:06,254 - INFO - Found 11 ETF symbols for signal generation: ['BANKBEES', 'GOLDBEES', 'HNGSNGBEES', 'INFRABEES', 'ITBEES', 'JUNIORBEES', 'MON100', 'NIFTYBEES', 'PHARMABEES', 'PSUBNKBEES', 'SENSEX1.BO']
2025-09-28 23:15:06,255 - INFO - Using test date: 2025-09-27 (Friday) for signal generation
2025-09-28 23:15:06,398 - INFO - Loaded data for 5 ETFs from 2024-08-23 to 2025-09-27
2025-09-28 23:15:06,399 - INFO - Processing 11 symbols: ['BANKBEES', 'GOLDBEES', 'HNGSNGBEES', 'INFRABEES', 'ITBEES']...
2025-09-28 23:15:06,438 - INFO - Calculated metrics for 11 ETFs
2025-09-28 23:15:06,477 - INFO - Generated 4 signals: 1 BUY, 3 SELL
2025-09-28 23:15:06,501 - INFO - Saved 4 signals to database with run_id: 20250928_SurfTrend
2025-09-28 23:15:06,503 - INFO - Signal generation completed successfully in 0.31s
2025-09-28 23:15:06,504 - INFO - Generated 1 BUY and 3 SELL signals
2025-09-28 23:15:06,508 - live_market_engine - INFO - Live market engine logging initialized
2025-09-28 23:15:06,508 - INFO - Live market engine logging initialized
2025-09-28 23:15:06,513 - live_market_engine - INFO - Monitoring tables created successfully
2025-09-28 23:15:06,513 - INFO - Monitoring tables created successfully
2025-09-28 23:15:06,514 - live_market_engine.signals - INFO - Signal generation completed - Run ID: 20250928_SurfTrend, Signals: 4 (1 BUY, 3 SELL), Duration: 0.31s
2025-09-28 23:15:06,514 - live_market_engine.signals - INFO - Signal generation completed - Run ID: 20250928_SurfTrend, Signals: 4 (1 BUY, 3 SELL), Duration: 0.31s
2025-09-28 23:15:06,514 - INFO - Signal generation completed - Run ID: 20250928_SurfTrend, Signals: 4 (1 BUY, 3 SELL), Duration: 0.31s
2025-09-28 23:15:06,562 - live_market_engine.metrics - INFO - signal_generation completed in 0.311s
2025-09-28 23:15:06,562 - INFO - signal_generation completed in 0.311s
2025-09-28 23:19:38,447 - INFO - Live signals database tables created/verified successfully
2025-09-28 23:19:38,448 - INFO - Starting weekly signal generation...
2025-09-28 23:19:38,449 - INFO - Generated run_id: 20250928_SurfTrend
2025-09-28 23:19:38,593 - INFO - Found 11 ETF symbols for signal generation: ['BANKBEES', 'GOLDBEES', 'HNGSNGBEES', 'INFRABEES', 'ITBEES', 'JUNIORBEES', 'MON100', 'NIFTYBEES', 'PHARMABEES', 'PSUBNKBEES', 'SENSEX1.BO']
2025-09-28 23:19:38,601 - INFO - Using last Friday's date: 2025-09-26 for signal generation
2025-09-28 23:19:38,605 - INFO - Using test date: 2025-09-26 (Friday) for signal generation
2025-09-28 23:19:38,850 - INFO - Loaded data for 5 ETFs from 2024-08-22 to 2025-09-26
2025-09-28 23:19:38,851 - INFO - Processing 11 symbols: ['BANKBEES', 'GOLDBEES', 'HNGSNGBEES', 'INFRABEES', 'ITBEES']...
2025-09-28 23:19:38,898 - INFO - Calculated metrics for 11 ETFs
2025-09-28 23:19:38,933 - INFO - Generated 4 signals: 1 BUY, 3 SELL
2025-09-28 23:19:38,956 - INFO - Saved 4 signals to database with run_id: 20250928_SurfTrend
2025-09-28 23:19:38,956 - INFO - Signal generation completed successfully in 0.51s
2025-09-28 23:19:38,957 - INFO - Generated 1 BUY and 3 SELL signals
2025-09-28 23:19:38,960 - live_market_engine - INFO - Live market engine logging initialized
2025-09-28 23:19:38,960 - INFO - Live market engine logging initialized
2025-09-28 23:19:38,967 - live_market_engine - INFO - Monitoring tables created successfully
2025-09-28 23:19:38,967 - INFO - Monitoring tables created successfully
2025-09-28 23:19:38,968 - live_market_engine.signals - INFO - Signal generation completed - Run ID: 20250928_SurfTrend, Signals: 4 (1 BUY, 3 SELL), Duration: 0.51s
2025-09-28 23:19:38,968 - live_market_engine.signals - INFO - Signal generation completed - Run ID: 20250928_SurfTrend, Signals: 4 (1 BUY, 3 SELL), Duration: 0.51s
2025-09-28 23:19:38,968 - INFO - Signal generation completed - Run ID: 20250928_SurfTrend, Signals: 4 (1 BUY, 3 SELL), Duration: 0.51s
2025-09-28 23:19:39,023 - live_market_engine.metrics - INFO - signal_generation completed in 0.508s
2025-09-28 23:19:39,023 - INFO - signal_generation completed in 0.508s
2025-09-28 23:19:49,531 - INFO - Live signals database tables created/verified successfully
2025-09-28 23:19:49,531 - INFO - Starting weekly signal generation...
2025-09-28 23:19:49,532 - INFO - Generated run_id: 20250928_SurfTrend
2025-09-28 23:19:49,602 - INFO - Found 11 ETF symbols for signal generation: ['BANKBEES', 'GOLDBEES', 'HNGSNGBEES', 'INFRABEES', 'ITBEES', 'JUNIORBEES', 'MON100', 'NIFTYBEES', 'PHARMABEES', 'PSUBNKBEES', 'SENSEX1.BO']
2025-09-28 23:19:49,604 - INFO - Using last Friday's date: 2025-09-26 for signal generation
2025-09-28 23:19:49,604 - INFO - Using test date: 2025-09-26 (Friday) for signal generation
2025-09-28 23:19:49,763 - INFO - Loaded data for 5 ETFs from 2024-08-22 to 2025-09-26
2025-09-28 23:19:49,763 - INFO - Processing 11 symbols: ['BANKBEES', 'GOLDBEES', 'HNGSNGBEES', 'INFRABEES', 'ITBEES']...
2025-09-28 23:19:49,805 - INFO - Calculated metrics for 11 ETFs
2025-09-28 23:19:49,843 - INFO - Generated 4 signals: 1 BUY, 3 SELL
2025-09-28 23:19:49,865 - INFO - Saved 4 signals to database with run_id: 20250928_SurfTrend
2025-09-28 23:19:49,866 - INFO - Signal generation completed successfully in 0.33s
2025-09-28 23:19:49,866 - INFO - Generated 1 BUY and 3 SELL signals
2025-09-28 23:19:49,870 - live_market_engine - INFO - Live market engine logging initialized
2025-09-28 23:19:49,870 - INFO - Live market engine logging initialized
2025-09-28 23:19:49,877 - live_market_engine - INFO - Monitoring tables created successfully
2025-09-28 23:19:49,877 - INFO - Monitoring tables created successfully
2025-09-28 23:19:49,878 - live_market_engine.signals - INFO - Signal generation completed - Run ID: 20250928_SurfTrend, Signals: 4 (1 BUY, 3 SELL), Duration: 0.33s
2025-09-28 23:19:49,878 - live_market_engine.signals - INFO - Signal generation completed - Run ID: 20250928_SurfTrend, Signals: 4 (1 BUY, 3 SELL), Duration: 0.33s
2025-09-28 23:19:49,878 - INFO - Signal generation completed - Run ID: 20250928_SurfTrend, Signals: 4 (1 BUY, 3 SELL), Duration: 0.33s
2025-09-28 23:19:49,931 - live_market_engine.metrics - INFO - signal_generation completed in 0.334s
2025-09-28 23:19:49,931 - INFO - signal_generation completed in 0.334s
2025-09-28 23:21:17,346 - INFO - Live signals database tables created/verified successfully
2025-09-28 23:21:17,346 - INFO - Starting weekly signal generation...
2025-09-28 23:21:17,347 - INFO - Generated run_id: 20250928_SurfTrend
2025-09-28 23:21:17,427 - INFO - Found 11 ETF symbols for signal generation: ['BANKBEES', 'GOLDBEES', 'HNGSNGBEES', 'INFRABEES', 'ITBEES', 'JUNIORBEES', 'MON100', 'NIFTYBEES', 'PHARMABEES', 'PSUBNKBEES', 'SENSEX1.BO']
2025-09-28 23:21:17,428 - INFO - Using last Friday's date: 2025-09-26 for signal generation
2025-09-28 23:21:17,429 - INFO - Using test date: 2025-09-26 (Friday) for signal generation
2025-09-28 23:21:17,646 - INFO - Loaded data for 5 ETFs from 2024-08-22 to 2025-09-26
2025-09-28 23:21:17,647 - INFO - Processing 11 symbols: ['BANKBEES', 'GOLDBEES', 'HNGSNGBEES', 'INFRABEES', 'ITBEES']...
2025-09-28 23:21:17,697 - INFO - Calculated metrics for 11 ETFs
2025-09-28 23:21:17,742 - INFO - Generated 4 signals: 1 BUY, 3 SELL
2025-09-28 23:21:17,768 - INFO - Saved 4 signals to database with run_id: 20250928_SurfTrend
2025-09-28 23:21:17,770 - INFO - Signal generation completed successfully in 0.42s
2025-09-28 23:21:17,771 - INFO - Generated 1 BUY and 3 SELL signals
2025-09-28 23:21:17,775 - live_market_engine - INFO - Live market engine logging initialized
2025-09-28 23:21:17,775 - INFO - Live market engine logging initialized
2025-09-28 23:21:17,782 - live_market_engine - INFO - Monitoring tables created successfully
2025-09-28 23:21:17,782 - INFO - Monitoring tables created successfully
2025-09-28 23:21:17,782 - live_market_engine.signals - INFO - Signal generation completed - Run ID: 20250928_SurfTrend, Signals: 4 (1 BUY, 3 SELL), Duration: 0.42s
2025-09-28 23:21:17,782 - live_market_engine.signals - INFO - Signal generation completed - Run ID: 20250928_SurfTrend, Signals: 4 (1 BUY, 3 SELL), Duration: 0.42s
2025-09-28 23:21:17,782 - INFO - Signal generation completed - Run ID: 20250928_SurfTrend, Signals: 4 (1 BUY, 3 SELL), Duration: 0.42s
2025-09-28 23:21:17,838 - live_market_engine.metrics - INFO - signal_generation completed in 0.423s
2025-09-28 23:21:17,838 - INFO - signal_generation completed in 0.423s
2025-09-28 23:22:32,359 - INFO - Live signals database tables created/verified successfully
2025-09-28 23:22:32,359 - INFO - Starting weekly signal generation...
2025-09-28 23:22:32,360 - INFO - Generated run_id: 20250928_SurfTrend
2025-09-28 23:22:32,422 - INFO - Found 11 ETF symbols for signal generation: ['BANKBEES', 'GOLDBEES', 'HNGSNGBEES', 'INFRABEES', 'ITBEES', 'JUNIORBEES', 'MON100', 'NIFTYBEES', 'PHARMABEES', 'PSUBNKBEES', 'SENSEX1.BO']
2025-09-28 23:22:32,423 - INFO - Using last Friday's date: 2025-09-26 for signal generation
2025-09-28 23:22:32,423 - INFO - Using test date: 2025-09-26 (Friday) for signal generation
2025-09-28 23:22:32,586 - INFO - Loaded data for 5 ETFs from 2024-08-22 to 2025-09-26
2025-09-28 23:22:32,587 - INFO - Processing 11 symbols: ['BANKBEES', 'GOLDBEES', 'HNGSNGBEES', 'INFRABEES', 'ITBEES']...
2025-09-28 23:22:32,637 - INFO - Calculated metrics for 11 ETFs
2025-09-28 23:22:32,671 - INFO - Generated 4 signals: 1 BUY, 3 SELL
2025-09-28 23:22:32,692 - INFO - Saved 4 signals to database with run_id: 20250928_SurfTrend
2025-09-28 23:22:32,692 - INFO - Signal generation completed successfully in 0.33s
2025-09-28 23:22:32,693 - INFO - Generated 1 BUY and 3 SELL signals
2025-09-28 23:22:32,696 - live_market_engine - INFO - Live market engine logging initialized
2025-09-28 23:22:32,696 - INFO - Live market engine logging initialized
2025-09-28 23:22:32,704 - live_market_engine - INFO - Monitoring tables created successfully
2025-09-28 23:22:32,704 - INFO - Monitoring tables created successfully
2025-09-28 23:22:32,706 - live_market_engine.signals - INFO - Signal generation completed - Run ID: 20250928_SurfTrend, Signals: 4 (1 BUY, 3 SELL), Duration: 0.33s
2025-09-28 23:22:32,706 - live_market_engine.signals - INFO - Signal generation completed - Run ID: 20250928_SurfTrend, Signals: 4 (1 BUY, 3 SELL), Duration: 0.33s
2025-09-28 23:22:32,706 - INFO - Signal generation completed - Run ID: 20250928_SurfTrend, Signals: 4 (1 BUY, 3 SELL), Duration: 0.33s
2025-09-28 23:22:32,760 - live_market_engine.metrics - INFO - signal_generation completed in 0.333s
2025-09-28 23:22:32,760 - INFO - signal_generation completed in 0.333s
2025-09-28 23:29:20,247 - INFO - Live signals database tables created/verified successfully
2025-09-28 23:29:20,248 - INFO - Starting weekly signal generation...
2025-09-28 23:29:20,249 - INFO - Generated run_id: 20250928_SurfTrend
2025-09-28 23:29:20,330 - INFO - Found 11 ETF symbols for signal generation: ['BANKBEES', 'GOLDBEES', 'HNGSNGBEES', 'INFRABEES', 'ITBEES', 'JUNIORBEES', 'MON100', 'NIFTYBEES', 'PHARMABEES', 'PSUBNKBEES', 'SENSEX1.BO']
2025-09-28 23:29:20,330 - INFO - Using last Friday's date: 2025-09-26 for signal generation
2025-09-28 23:29:20,330 - INFO - Using test date: 2025-09-26 (Friday) for signal generation
2025-09-28 23:29:20,525 - INFO - Loaded data for 5 ETFs from 2024-08-22 to 2025-09-26
2025-09-28 23:29:20,525 - INFO - Processing 11 symbols: ['BANKBEES', 'GOLDBEES', 'HNGSNGBEES', 'INFRABEES', 'ITBEES']...
2025-09-28 23:29:20,578 - INFO - Calculated metrics for 11 ETFs
2025-09-28 23:29:20,619 - INFO - Generated 4 signals: 1 BUY, 3 SELL
2025-09-28 23:29:20,643 - INFO - Saved 4 signals to database with run_id: 20250928_SurfTrend
2025-09-28 23:29:20,643 - INFO - Signal generation completed successfully in 0.40s
2025-09-28 23:29:20,644 - INFO - Generated 1 BUY and 3 SELL signals
2025-09-28 23:29:20,646 - live_market_engine - INFO - Live market engine logging initialized
2025-09-28 23:29:20,646 - INFO - Live market engine logging initialized
2025-09-28 23:29:20,656 - live_market_engine - INFO - Monitoring tables created successfully
2025-09-28 23:29:20,656 - INFO - Monitoring tables created successfully
2025-09-28 23:29:20,656 - live_market_engine.signals - INFO - Signal generation completed - Run ID: 20250928_SurfTrend, Signals: 4 (1 BUY, 3 SELL), Duration: 0.40s
2025-09-28 23:29:20,656 - live_market_engine.signals - INFO - Signal generation completed - Run ID: 20250928_SurfTrend, Signals: 4 (1 BUY, 3 SELL), Duration: 0.40s
2025-09-28 23:29:20,656 - INFO - Signal generation completed - Run ID: 20250928_SurfTrend, Signals: 4 (1 BUY, 3 SELL), Duration: 0.40s
2025-09-28 23:29:20,710 - live_market_engine.metrics - INFO - signal_generation completed in 0.395s
2025-09-28 23:29:20,710 - INFO - signal_generation completed in 0.395s
2025-09-28 23:32:13,994 - INFO - Live signals database tables created/verified successfully
2025-09-28 23:32:13,995 - INFO - Starting weekly signal generation...
2025-09-28 23:32:13,995 - INFO - Generated run_id: 20250928_SurfTrend
2025-09-28 23:32:14,074 - INFO - Found 11 ETF symbols for signal generation: ['BANKBEES', 'GOLDBEES', 'HNGSNGBEES', 'INFRABEES', 'ITBEES', 'JUNIORBEES', 'MON100', 'NIFTYBEES', 'PHARMABEES', 'PSUBNKBEES', 'SENSEX1.BO']
2025-09-28 23:32:14,075 - INFO - Using last Friday's date: 2025-09-26 for signal generation
2025-09-28 23:32:14,076 - INFO - Using test date: 2025-09-26 (Friday) for signal generation
2025-09-28 23:32:14,282 - INFO - Loaded data for 5 ETFs from 2024-08-22 to 2025-09-26
2025-09-28 23:32:14,282 - INFO - Processing 11 symbols: ['BANKBEES', 'GOLDBEES', 'HNGSNGBEES', 'INFRABEES', 'ITBEES']...
2025-09-28 23:32:14,338 - INFO - Calculated metrics for 11 ETFs
2025-09-28 23:32:14,373 - INFO - Generated 4 signals: 1 BUY, 3 SELL
2025-09-28 23:32:14,394 - INFO - Saved 4 signals to database with run_id: 20250928_SurfTrend
2025-09-28 23:32:14,395 - INFO - Signal generation completed successfully in 0.40s
2025-09-28 23:32:14,395 - INFO - Generated 1 BUY and 3 SELL signals
2025-09-28 23:32:14,398 - live_market_engine - INFO - Live market engine logging initialized
2025-09-28 23:32:14,398 - INFO - Live market engine logging initialized
2025-09-28 23:32:14,405 - live_market_engine - INFO - Monitoring tables created successfully
2025-09-28 23:32:14,405 - INFO - Monitoring tables created successfully
2025-09-28 23:32:14,406 - live_market_engine.signals - INFO - Signal generation completed - Run ID: 20250928_SurfTrend, Signals: 4 (1 BUY, 3 SELL), Duration: 0.40s
2025-09-28 23:32:14,406 - live_market_engine.signals - INFO - Signal generation completed - Run ID: 20250928_SurfTrend, Signals: 4 (1 BUY, 3 SELL), Duration: 0.40s
2025-09-28 23:32:14,406 - INFO - Signal generation completed - Run ID: 20250928_SurfTrend, Signals: 4 (1 BUY, 3 SELL), Duration: 0.40s
2025-09-28 23:32:14,459 - live_market_engine.metrics - INFO - signal_generation completed in 0.400s
2025-09-28 23:32:14,459 - INFO - signal_generation completed in 0.400s
2025-10-07 09:54:28,748 - INFO - Live signals database tables created/verified successfully
2025-10-07 09:54:28,748 - INFO - Starting weekly signal generation...
2025-10-07 09:54:28,749 - INFO - Generated run_id: 20251007_SurfTrend
2025-10-07 09:54:28,843 - INFO - Found 11 ETF symbols for signal generation: ['BANKBEES', 'GOLDBEES', 'HNGSNGBEES', 'INFRABEES', 'ITBEES', 'JUNIORBEES', 'MON100', 'NIFTYBEES', 'PHARMABEES', 'PSUBNKBEES', 'SENSEX1.BO']
2025-10-07 09:54:28,844 - INFO - Using last Friday's date: 2025-10-03 for signal generation
2025-10-07 09:54:28,845 - INFO - Using test date: 2025-10-03 (Friday) for signal generation
2025-10-07 09:54:29,127 - INFO - Loaded data for 5 ETFs from 2024-08-29 to 2025-10-03
2025-10-07 09:54:29,127 - INFO - Processing 11 symbols: ['BANKBEES', 'GOLDBEES', 'HNGSNGBEES', 'INFRABEES', 'ITBEES']...
2025-10-07 09:54:29,176 - INFO - Calculated metrics for 11 ETFs
2025-10-07 09:54:29,176 - ERROR - Error in detailed momentum calculation: 'charmap' codec can't encode character '\u2705' in position 3: character maps to <undefined>
2025-10-07 09:54:29,195 - INFO - Generated 4 signals: 1 BUY, 3 SELL
2025-10-07 09:54:29,196 - ERROR - Error in signal details: 'charmap' codec can't encode character '\U0001f4ca' in position 2: character maps to <undefined>
2025-10-07 09:54:29,209 - INFO - Saved 4 signals to database with run_id: 20251007_SurfTrend
2025-10-07 09:54:29,209 - INFO - Signal generation completed successfully in 0.46s
2025-10-07 09:54:29,209 - INFO - Generated 1 BUY and 3 SELL signals
2025-10-07 09:54:29,212 - live_market_engine - INFO - Live market engine logging initialized
2025-10-07 09:54:29,212 - INFO - Live market engine logging initialized
2025-10-07 09:54:29,239 - live_market_engine - INFO - Monitoring tables created successfully
2025-10-07 09:54:29,239 - INFO - Monitoring tables created successfully
2025-10-07 09:54:29,241 - live_market_engine.signals - INFO - Signal generation completed - Run ID: 20251007_SurfTrend, Signals: 4 (1 BUY, 3 SELL), Duration: 0.46s
2025-10-07 09:54:29,241 - live_market_engine.signals - INFO - Signal generation completed - Run ID: 20251007_SurfTrend, Signals: 4 (1 BUY, 3 SELL), Duration: 0.46s
2025-10-07 09:54:29,241 - INFO - Signal generation completed - Run ID: 20251007_SurfTrend, Signals: 4 (1 BUY, 3 SELL), Duration: 0.46s
2025-10-07 09:54:29,331 - live_market_engine.metrics - INFO - signal_generation completed in 0.461s
2025-10-07 09:54:29,331 - INFO - signal_generation completed in 0.461s
2025-10-07 10:00:46,874 - INFO - Live signals database tables created/verified successfully
2025-10-07 10:00:46,874 - INFO - Starting weekly signal generation...
2025-10-07 10:00:46,874 - INFO - Generated run_id: 20251007_SurfTrend
2025-10-07 10:00:46,934 - INFO - Found 11 ETF symbols for signal generation: ['BANKBEES', 'GOLDBEES', 'HNGSNGBEES', 'INFRABEES', 'ITBEES', 'JUNIORBEES', 'MON100', 'NIFTYBEES', 'PHARMABEES', 'PSUBNKBEES', 'SENSEX1.BO']
2025-10-07 10:00:46,935 - INFO - Using last Friday's date: 2025-10-03 for signal generation
2025-10-07 10:00:46,936 - INFO - Using test date: 2025-10-03 (Friday) for signal generation
2025-10-07 10:00:47,113 - INFO - Loaded data for 5 ETFs from 2024-08-29 to 2025-10-03
2025-10-07 10:00:47,113 - INFO - Processing 11 symbols: ['BANKBEES', 'GOLDBEES', 'HNGSNGBEES', 'INFRABEES', 'ITBEES']...
2025-10-07 10:00:47,157 - INFO - Calculated metrics for 11 ETFs
2025-10-07 10:00:47,158 - ERROR - Error in detailed momentum calculation: 'charmap' codec can't encode character '\u2705' in position 3: character maps to <undefined>
2025-10-07 10:00:47,167 - INFO - Generated 4 signals: 1 BUY, 3 SELL
2025-10-07 10:00:47,169 - ERROR - Error in signal details: 'charmap' codec can't encode character '\U0001f4ca' in position 2: character maps to <undefined>
2025-10-07 10:00:47,180 - INFO - Saved 4 signals to database with run_id: 20251007_SurfTrend
2025-10-07 10:00:47,180 - INFO - Signal generation completed successfully in 0.31s
2025-10-07 10:00:47,180 - INFO - Generated 1 BUY and 3 SELL signals
2025-10-07 10:00:47,183 - live_market_engine - INFO - Live market engine logging initialized
2025-10-07 10:00:47,183 - INFO - Live market engine logging initialized
2025-10-07 10:00:47,206 - live_market_engine - INFO - Monitoring tables created successfully
2025-10-07 10:00:47,206 - INFO - Monitoring tables created successfully
2025-10-07 10:00:47,206 - live_market_engine.signals - INFO - Signal generation completed - Run ID: 20251007_SurfTrend, Signals: 4 (1 BUY, 3 SELL), Duration: 0.31s
2025-10-07 10:00:47,206 - live_market_engine.signals - INFO - Signal generation completed - Run ID: 20251007_SurfTrend, Signals: 4 (1 BUY, 3 SELL), Duration: 0.31s
2025-10-07 10:00:47,206 - INFO - Signal generation completed - Run ID: 20251007_SurfTrend, Signals: 4 (1 BUY, 3 SELL), Duration: 0.31s
2025-10-07 10:00:47,273 - live_market_engine.metrics - INFO - signal_generation completed in 0.306s
2025-10-07 10:00:47,273 - INFO - signal_generation completed in 0.306s
2025-10-07 10:29:00,064 - INFO - Live signals database tables created/verified successfully
2025-10-07 10:29:00,064 - INFO - Starting weekly signal generation...
2025-10-07 10:29:00,064 - INFO - Generated run_id: 20251007_SurfTrend
2025-10-07 10:29:00,130 - INFO - Found 11 ETF symbols for signal generation: ['BANKBEES', 'GOLDBEES', 'HNGSNGBEES', 'INFRABEES', 'ITBEES', 'JUNIORBEES', 'MON100', 'NIFTYBEES', 'PHARMABEES', 'PSUBNKBEES', 'SENSEX1.BO']
2025-10-07 10:29:00,131 - INFO - Using last Friday's date: 2025-10-03 for signal generation
2025-10-07 10:29:00,131 - INFO - Using test date: 2025-10-03 (Friday) for signal generation
2025-10-07 10:29:00,380 - INFO - Loaded data for 5 ETFs from 2024-08-29 to 2025-10-03
2025-10-07 10:29:00,380 - INFO - Processing 11 symbols: ['BANKBEES', 'GOLDBEES', 'HNGSNGBEES', 'INFRABEES', 'ITBEES']...
2025-10-07 10:29:00,429 - INFO - Calculated metrics for 11 ETFs
2025-10-07 10:29:00,429 - ERROR - Error in detailed momentum calculation: 'charmap' codec can't encode character '\u2705' in position 3: character maps to <undefined>
2025-10-07 10:29:00,450 - INFO - Generated 4 signals: 1 BUY, 3 SELL
2025-10-07 10:29:00,451 - ERROR - Error in signal details: 'charmap' codec can't encode character '\U0001f4ca' in position 2: character maps to <undefined>
2025-10-07 10:29:00,462 - INFO - Saved 4 signals to database with run_id: 20251007_SurfTrend
2025-10-07 10:29:00,462 - INFO - Signal generation completed successfully in 0.40s
2025-10-07 10:29:00,462 - INFO - Generated 1 BUY and 3 SELL signals
2025-10-07 10:29:00,464 - live_market_engine - INFO - Live market engine logging initialized
2025-10-07 10:29:00,464 - INFO - Live market engine logging initialized
2025-10-07 10:29:00,487 - live_market_engine - INFO - Monitoring tables created successfully
2025-10-07 10:29:00,487 - INFO - Monitoring tables created successfully
2025-10-07 10:29:00,487 - live_market_engine.signals - INFO - Signal generation completed - Run ID: 20251007_SurfTrend, Signals: 4 (1 BUY, 3 SELL), Duration: 0.40s
2025-10-07 10:29:00,487 - live_market_engine.signals - INFO - Signal generation completed - Run ID: 20251007_SurfTrend, Signals: 4 (1 BUY, 3 SELL), Duration: 0.40s
2025-10-07 10:29:00,487 - INFO - Signal generation completed - Run ID: 20251007_SurfTrend, Signals: 4 (1 BUY, 3 SELL), Duration: 0.40s
2025-10-07 10:29:00,667 - live_market_engine.metrics - INFO - signal_generation completed in 0.398s
2025-10-07 10:29:00,667 - INFO - signal_generation completed in 0.398s
2025-10-07 10:44:04,354 - INFO - Live signals database tables created/verified successfully
2025-10-07 10:44:04,355 - INFO - Starting weekly signal generation...
2025-10-07 10:44:04,355 - INFO - Generated run_id: 20251007_SurfTrend
2025-10-07 10:44:04,399 - INFO - Found 11 ETF symbols for signal generation: ['BANKBEES', 'GOLDBEES', 'HNGSNGBEES', 'INFRABEES', 'ITBEES', 'JUNIORBEES', 'MON100', 'NIFTYBEES', 'PHARMABEES', 'PSUBNKBEES', 'SENSEX1.BO']
2025-10-07 10:44:04,399 - INFO - Using last Friday's date: 2025-10-03 for signal generation
2025-10-07 10:44:04,400 - INFO - Using test date: 2025-10-03 (Friday) for signal generation
2025-10-07 10:44:04,600 - INFO - Loaded data for 5 ETFs from 2024-08-29 to 2025-10-03
2025-10-07 10:44:04,600 - INFO - Processing 11 symbols: ['BANKBEES', 'GOLDBEES', 'HNGSNGBEES', 'INFRABEES', 'ITBEES']...
2025-10-07 10:44:04,630 - INFO - Calculated metrics for 11 ETFs
2025-10-07 10:44:04,632 - ERROR - Error in detailed momentum calculation: 'charmap' codec can't encode character '\u2705' in position 3: character maps to <undefined>
2025-10-07 10:44:04,637 - INFO - Generated 4 signals: 1 BUY, 3 SELL
2025-10-07 10:44:04,639 - ERROR - Error in signal details: 'charmap' codec can't encode character '\U0001f4ca' in position 2: character maps to <undefined>
2025-10-07 10:44:04,646 - INFO - Saved 4 signals to database with run_id: 20251007_SurfTrend
2025-10-07 10:44:04,646 - INFO - Signal generation completed successfully in 0.29s
2025-10-07 10:44:04,646 - INFO - Generated 1 BUY and 3 SELL signals
2025-10-07 10:44:04,648 - live_market_engine - INFO - Live market engine logging initialized
2025-10-07 10:44:04,648 - INFO - Live market engine logging initialized
2025-10-07 10:44:04,664 - live_market_engine - INFO - Monitoring tables created successfully
2025-10-07 10:44:04,664 - INFO - Monitoring tables created successfully
2025-10-07 10:44:04,664 - live_market_engine.signals - INFO - Signal generation completed - Run ID: 20251007_SurfTrend, Signals: 4 (1 BUY, 3 SELL), Duration: 0.29s
2025-10-07 10:44:04,664 - live_market_engine.signals - INFO - Signal generation completed - Run ID: 20251007_SurfTrend, Signals: 4 (1 BUY, 3 SELL), Duration: 0.29s
2025-10-07 10:44:04,664 - INFO - Signal generation completed - Run ID: 20251007_SurfTrend, Signals: 4 (1 BUY, 3 SELL), Duration: 0.29s
2025-10-07 10:44:04,716 - live_market_engine.metrics - INFO - signal_generation completed in 0.291s
2025-10-07 10:44:04,716 - INFO - signal_generation completed in 0.291s
2025-10-07 15:50:00,113 - live_market_engine - INFO - Live market engine logging initialized
2025-10-07 15:50:00,118 - live_market_engine - INFO - Monitoring tables created successfully
2025-10-07 15:50:00,119 - live_market_engine.metrics - INFO - webhook_queue_processing completed in 0.038s
2025-10-07 15:50:00,209 - live_market_engine - INFO - Webhook queue processing: 0 processed, 0 sent, 0 failed, 0 retried
2025-10-07 15:50:00,245 - live_market_engine.metrics - INFO - webhook_queue_processing completed in 0.173s
2025-10-07 15:50:00,380 - live_market_engine.scheduler - INFO - Job webhook_queue_processing executed successfully at 2025-10-07 15:50:00+05:30
2025-10-07 15:55:00,021 - live_market_engine.metrics - INFO - webhook_queue_processing completed in 0.009s
2025-10-07 15:55:00,106 - live_market_engine - INFO - Webhook queue processing: 0 processed, 0 sent, 0 failed, 0 retried
2025-10-07 15:55:00,134 - live_market_engine.metrics - INFO - webhook_queue_processing completed in 0.121s
2025-10-07 15:55:00,215 - live_market_engine.scheduler - INFO - Job webhook_queue_processing executed successfully at 2025-10-07 15:55:00+05:30
2025-10-07 16:00:00,024 - live_market_engine.scheduler - INFO - === Daily ETF Data Ingestion Started ===
2025-10-07 16:00:00,033 - live_market_engine.scheduler - ERROR - Error in ingestion job: cannot import name 'IndianETFDataFetcher' from 'cronjob.scheduler' (C:\Users\Mohit Sharma\Downloads\WealthAI\WealthAI\wealthai1-backend\cronjob\scheduler.py)
2025-10-07 16:00:00,042 - live_market_engine.metrics - INFO - webhook_queue_processing completed in 0.017s
2025-10-07 16:00:00,046 - live_market_engine.metrics - ERROR - daily_ingestion failed after 0.000s - cannot import name 'IndianETFDataFetcher' from 'cronjob.scheduler' (C:\Users\Mohit Sharma\Downloads\WealthAI\WealthAI\wealthai1-backend\cronjob\scheduler.py)
2025-10-07 16:00:00,137 - live_market_engine - INFO - Webhook queue processing: 0 processed, 0 sent, 0 failed, 0 retried
2025-10-07 16:00:00,160 - live_market_engine.scheduler - INFO - Job daily_ingestion executed successfully at 2025-10-07 16:00:00+05:30
2025-10-07 16:00:00,180 - live_market_engine.metrics - INFO - webhook_queue_processing completed in 0.156s
2025-10-07 16:00:00,255 - live_market_engine.scheduler - INFO - Job webhook_queue_processing executed successfully at 2025-10-07 16:00:00+05:30
2025-10-07 16:00:53,001 - live_market_engine.scheduler - INFO - Scheduler stopped
2025-10-10 16:05:01,248 - live_market_engine - INFO - Live market engine logging initialized
2025-10-10 16:05:01,265 - live_market_engine - INFO - Monitoring tables created successfully
2025-10-10 16:05:01,269 - live_market_engine.signals - INFO - Signal generation completed - Run ID: 20251010_SurfTrend, Signals: 4 (1 BUY, 3 SELL), Duration: 1.11s
2025-10-10 16:05:01,269 - live_market_engine.signals - INFO - Signal generation completed - Run ID: 20251010_SurfTrend, Signals: 4 (1 BUY, 3 SELL), Duration: 1.11s
2025-10-10 16:05:01,361 - live_market_engine.metrics - INFO - signal_generation completed in 1.108s
2025-10-10 16:05:01,428 - live_market_engine.scheduler - INFO - Signal generation completed successfully in 1.29s
2025-10-10 16:05:01,485 - live_market_engine.scheduler - INFO - Generated 4 signals
2025-10-10 16:05:01,488 - live_market_engine.metrics - INFO - signal_generation completed in 1.291s
2025-10-10 16:05:01,570 - live_market_engine.scheduler - INFO - Job weekly_etf_signal_generation executed successfully at 2025-10-10 16:05:00+05:30
2025-10-10 16:07:00,020 - live_market_engine.scheduler - INFO - === Weekly Stock Signal Generation Started ===
2025-10-10 16:07:01,337 - live_market_engine.scheduler - INFO - Stock signal generation completed successfully in 1.30s
2025-10-10 16:07:01,338 - live_market_engine.scheduler - INFO - Generated 4 stock signals
2025-10-10 16:07:01,339 - live_market_engine.metrics - INFO - stock_signal_generation completed in 1.304s
2025-10-10 16:07:01,385 - live_market_engine.scheduler - INFO - Job weekly_stock_signal_generation executed successfully at 2025-10-10 16:07:00+05:30
2025-10-10 16:30:01,857 - live_market_engine.signals - INFO - Signal generation completed - Run ID: 20251010_SurfTrend, Signals: 4 (1 BUY, 3 SELL), Duration: 1.78s
2025-10-10 16:30:01,857 - live_market_engine.signals - INFO - Signal generation completed - Run ID: 20251010_SurfTrend, Signals: 4 (1 BUY, 3 SELL), Duration: 1.78s
2025-10-10 16:30:02,013 - live_market_engine.metrics - INFO - signal_generation completed in 1.778s
2025-10-11 09:07:31,351 - live_market_engine.scheduler - INFO - Scheduler stopped
2025-10-16 00:34:49,056 - ERROR - Error creating live signals tables: no such column: user_id
2025-10-16 00:40:02,106 - live_market_engine - INFO - Live market engine logging initialized
2025-10-16 00:40:02,121 - live_market_engine - INFO - Monitoring tables created successfully
2025-10-16 00:40:02,122 - live_market_engine.signals - INFO - Signal generation completed - Run ID: run_etfs_rotation_strategy_-_7_etfs_2025-10-15_1760551664383, Signals: 4 (1 BUY, 3 SELL), Duration: 0.32s
2025-10-16 00:40:02,122 - live_market_engine.signals - INFO - Signal generation completed - Run ID: run_etfs_rotation_strategy_-_7_etfs_2025-10-15_1760551664383, Signals: 4 (1 BUY, 3 SELL), Duration: 0.32s
2025-10-16 00:40:02,202 - live_market_engine.metrics - INFO - signal_generation completed in 0.323s
2025-10-16 00:40:02,544 - live_market_engine.signals - INFO - Signal generation completed - Run ID: run_etf_strategy_2025-10-15_1760548591424, Signals: 4 (1 BUY, 3 SELL), Duration: 0.26s
2025-10-16 00:40:02,544 - live_market_engine.signals - INFO - Signal generation completed - Run ID: run_etf_strategy_2025-10-15_1760548591424, Signals: 4 (1 BUY, 3 SELL), Duration: 0.26s
2025-10-16 00:40:02,655 - live_market_engine.metrics - INFO - signal_generation completed in 0.259s
2025-10-16 00:40:03,117 - live_market_engine.signals - INFO - Signal generation completed - Run ID: run_etf_strategy_20251015_1760544961473, Signals: 4 (1 BUY, 3 SELL), Duration: 0.32s
2025-10-16 00:40:03,117 - live_market_engine.signals - INFO - Signal generation completed - Run ID: run_etf_strategy_20251015_1760544961473, Signals: 4 (1 BUY, 3 SELL), Duration: 0.32s
2025-10-16 00:40:03,215 - live_market_engine.metrics - INFO - signal_generation completed in 0.323s
2025-10-16 00:40:03,693 - live_market_engine.signals - INFO - Signal generation completed - Run ID: run_etf_strategy_2025-10-15_1760544030144, Signals: 4 (1 BUY, 3 SELL), Duration: 0.36s
2025-10-16 00:40:03,693 - live_market_engine.signals - INFO - Signal generation completed - Run ID: run_etf_strategy_2025-10-15_1760544030144, Signals: 4 (1 BUY, 3 SELL), Duration: 0.36s
2025-10-16 00:40:03,790 - live_market_engine.metrics - INFO - signal_generation completed in 0.364s
2025-10-18 09:22:15,038 - ERROR - Error creating live signals tables: no such column: user_id
2025-10-18 09:22:38,646 - INFO - Live signals database tables created/verified successfully
2025-10-18 09:22:38,649 - INFO - Starting weekly signal generation...
2025-10-18 09:22:38,649 - WARNING - No run_id provided, generated: 20251018_SurfTrend
2025-10-18 09:22:38,650 - INFO - Using run_id: 20251018_SurfTrend
2025-10-18 09:22:38,666 - ERROR - Error getting symbols from deployment: No deployment found for run_id: 20251018_SurfTrend
2025-10-18 09:22:38,667 - ERROR - Error getting ETF data: No deployment found for run_id: 20251018_SurfTrend
2025-10-18 09:22:38,667 - ERROR - No symbols found for run_id 20251018_SurfTrend: No deployment found for run_id: 20251018_SurfTrend
2025-10-18 09:23:14,746 - INFO - Live signals database tables created/verified successfully
2025-10-18 09:23:14,747 - INFO - Starting weekly signal generation...
2025-10-18 09:23:14,748 - INFO - Using run_id: run_rachit_strategy_2025-10-18_1760758881466
2025-10-18 09:23:14,752 - INFO - Found 5 ETF symbols for run_id run_rachit_strategy_2025-10-18_1760758881466: ['NIFTYBEES', 'MON100', 'ITBEES', 'CPSEETF', 'JUNIORBEES']
2025-10-18 09:23:14,753 - INFO - Using 5 ETFs from deployment: ['NIFTYBEES', 'MON100', 'ITBEES', 'CPSEETF', 'JUNIORBEES']
2025-10-18 09:23:14,817 - INFO - Found 4 ETF symbols in database: ['NIFTYBEES', 'MON100', 'ITBEES', 'JUNIORBEES']
2025-10-18 09:23:14,822 - INFO - Using last Friday's date: 2025-10-17 for signal generation
2025-10-18 09:23:14,824 - INFO - Using test date: 2025-10-17 (Friday) for signal generation
2025-10-18 09:23:14,925 - INFO - Loaded data for 5 ETFs from 2024-09-12 to 2025-10-17
2025-10-18 09:23:14,925 - INFO - Processing 4 symbols: ['NIFTYBEES', 'MON100', 'ITBEES', 'JUNIORBEES']...
2025-10-18 09:23:14,947 - INFO - Calculated metrics for 4 ETFs
2025-10-18 09:23:14,965 - INFO - Generated 4 signals: 1 BUY, 3 SELL
2025-10-18 09:23:14,976 - ERROR - Error saving signals to database: NOT NULL constraint failed: live_signals.symbol
2025-10-18 09:23:14,977 - ERROR - Error in weekly signal generation: Failed to save signals to database
2025-10-18 09:23:14,982 - live_market_engine - INFO - Live market engine logging initialized
2025-10-18 09:23:14,982 - INFO - Live market engine logging initialized
2025-10-18 09:23:14,989 - live_market_engine - INFO - Monitoring tables created successfully
2025-10-18 09:23:14,989 - INFO - Monitoring tables created successfully
2025-10-18 09:23:14,990 - live_market_engine.metrics - ERROR - signal_generation failed after 0.231s - Failed to save signals to database
2025-10-18 09:23:14,990 - ERROR - signal_generation failed after 0.231s - Failed to save signals to database
2025-10-18 09:23:20,475 - live_market_engine - ERROR - Error logging performance: database is locked
2025-10-18 09:23:20,475 - ERROR - Error logging performance: database is locked
2025-10-18 09:23:43,068 - INFO - Live signals database tables created/verified successfully
2025-10-18 09:23:43,101 - INFO - Starting weekly signal generation...
2025-10-18 09:23:43,106 - INFO - Using run_id: run_rachit_strategy_2025-10-18_1760758881466
2025-10-18 09:23:43,132 - INFO - Found 5 ETF symbols for run_id run_rachit_strategy_2025-10-18_1760758881466: ['NIFTYBEES', 'MON100', 'ITBEES', 'CPSEETF', 'JUNIORBEES']
2025-10-18 09:23:43,143 - INFO - Using 5 ETFs from deployment: ['NIFTYBEES', 'MON100', 'ITBEES', 'CPSEETF', 'JUNIORBEES']
2025-10-18 09:23:43,260 - INFO - Found 4 ETF symbols in database: ['NIFTYBEES', 'MON100', 'ITBEES', 'JUNIORBEES']
2025-10-18 09:23:43,265 - INFO - Using last Friday's date: 2025-10-17 for signal generation
2025-10-18 09:23:43,265 - INFO - Using test date: 2025-10-17 (Friday) for signal generation
2025-10-18 09:23:43,337 - INFO - Loaded data for 5 ETFs from 2024-09-12 to 2025-10-17
2025-10-18 09:23:43,337 - INFO - Processing 4 symbols: ['NIFTYBEES', 'MON100', 'ITBEES', 'JUNIORBEES']...
2025-10-18 09:23:43,353 - INFO - Calculated metrics for 4 ETFs
2025-10-18 09:23:43,401 - INFO - Generated 4 signals: 1 BUY, 3 SELL
2025-10-18 09:23:43,418 - INFO - Saved 4 signals to database with run_id: run_rachit_strategy_2025-10-18_1760758881466
2025-10-18 09:23:43,419 - INFO - Signal generation completed successfully in 0.32s
2025-10-18 09:23:43,420 - INFO - Generated 1 BUY and 3 SELL signals
2025-10-18 09:23:43,422 - live_market_engine - INFO - Live market engine logging initialized
2025-10-18 09:23:43,422 - INFO - Live market engine logging initialized
2025-10-18 09:23:43,445 - live_market_engine - INFO - Monitoring tables created successfully
2025-10-18 09:23:43,445 - INFO - Monitoring tables created successfully
2025-10-18 09:23:43,449 - live_market_engine.signals - INFO - Signal generation completed - Run ID: run_rachit_strategy_2025-10-18_1760758881466, Signals: 4 (1 BUY, 3 SELL), Duration: 0.32s
2025-10-18 09:23:43,449 - live_market_engine.signals - INFO - Signal generation completed - Run ID: run_rachit_strategy_2025-10-18_1760758881466, Signals: 4 (1 BUY, 3 SELL), Duration: 0.32s
2025-10-18 09:23:43,449 - INFO - Signal generation completed - Run ID: run_rachit_strategy_2025-10-18_1760758881466, Signals: 4 (1 BUY, 3 SELL), Duration: 0.32s
2025-10-18 09:23:43,528 - live_market_engine.metrics - INFO - signal_generation completed in 0.318s
2025-10-18 09:23:43,528 - INFO - signal_generation completed in 0.318s
2025-10-18 09:47:56,651 - live_market_engine - INFO - Live market engine logging initialized
2025-10-18 09:47:56,702 - live_market_engine - INFO - Monitoring tables created successfully
2025-10-18 09:47:56,702 - live_market_engine.signals - INFO - Signal generation completed - Run ID: run_rachit_strategy_2025-10-18_1760758881466, Signals: 4 (1 BUY, 3 SELL), Duration: 0.50s
2025-10-18 09:47:56,702 - live_market_engine.signals - INFO - Signal generation completed - Run ID: run_rachit_strategy_2025-10-18_1760758881466, Signals: 4 (1 BUY, 3 SELL), Duration: 0.50s
2025-10-18 09:47:56,813 - live_market_engine.metrics - INFO - signal_generation completed in 0.502s
2025-10-18 09:47:57,379 - live_market_engine.signals - INFO - Signal generation completed - Run ID: run_etfs_rotation_strategy_2025-10-18_1760758794954, Signals: 4 (1 BUY, 3 SELL), Duration: 0.37s
2025-10-18 09:47:57,379 - live_market_engine.signals - INFO - Signal generation completed - Run ID: run_etfs_rotation_strategy_2025-10-18_1760758794954, Signals: 4 (1 BUY, 3 SELL), Duration: 0.37s
2025-10-18 09:47:57,491 - live_market_engine.metrics - INFO - signal_generation completed in 0.366s
2025-10-18 10:59:18,373 - INFO - Live signals database tables created/verified successfully
2025-10-18 10:59:18,374 - INFO - Starting weekly signal generation...
2025-10-18 10:59:18,375 - INFO - Using run_id: run_etfs_rotation_strategy_2025-10-18_1760758794954
2025-10-18 10:59:18,377 - INFO - Found 5 ETF symbols for run_id run_etfs_rotation_strategy_2025-10-18_1760758794954: ['NIFTYBEES', 'MON100', 'CPSEETF', 'HNGSNGBEES', 'PHARMABEES']
2025-10-18 10:59:18,377 - INFO - Using 5 ETFs from deployment: ['NIFTYBEES', 'MON100', 'CPSEETF', 'HNGSNGBEES', 'PHARMABEES']
2025-10-18 10:59:18,417 - INFO - Found 4 ETF symbols in database: ['NIFTYBEES', 'MON100', 'HNGSNGBEES', 'PHARMABEES']
2025-10-18 10:59:18,417 - INFO - Using last Friday's date: 2025-10-17 for signal generation
2025-10-18 10:59:18,417 - INFO - Using test date: 2025-10-17 (Friday) for signal generation
2025-10-18 10:59:18,486 - INFO - Loaded data for 5 ETFs from 2024-09-12 to 2025-10-17
2025-10-18 10:59:18,486 - INFO - Processing 4 symbols: ['NIFTYBEES', 'MON100', 'HNGSNGBEES', 'PHARMABEES']...
2025-10-18 10:59:18,498 - INFO - Calculated metrics for 4 ETFs
2025-10-18 10:59:18,517 - INFO - Generated 4 signals: 1 BUY, 3 SELL
2025-10-18 10:59:18,527 - INFO - Saved 4 signals to database with run_id: run_etfs_rotation_strategy_2025-10-18_1760758794954
2025-10-18 10:59:18,528 - INFO - Signal generation completed successfully in 0.15s
2025-10-18 10:59:18,528 - INFO - Generated 1 BUY and 3 SELL signals
2025-10-18 10:59:18,531 - live_market_engine - INFO - Live market engine logging initialized
2025-10-18 10:59:18,531 - INFO - Live market engine logging initialized
2025-10-18 10:59:18,546 - live_market_engine - INFO - Monitoring tables created successfully
2025-10-18 10:59:18,546 - INFO - Monitoring tables created successfully
2025-10-18 10:59:18,547 - live_market_engine.signals - INFO - Signal generation completed - Run ID: run_etfs_rotation_strategy_2025-10-18_1760758794954, Signals: 4 (1 BUY, 3 SELL), Duration: 0.15s
2025-10-18 10:59:18,547 - live_market_engine.signals - INFO - Signal generation completed - Run ID: run_etfs_rotation_strategy_2025-10-18_1760758794954, Signals: 4 (1 BUY, 3 SELL), Duration: 0.15s
2025-10-18 10:59:18,547 - INFO - Signal generation completed - Run ID: run_etfs_rotation_strategy_2025-10-18_1760758794954, Signals: 4 (1 BUY, 3 SELL), Duration: 0.15s
2025-10-18 10:59:18,589 - live_market_engine.metrics - INFO - signal_generation completed in 0.154s
2025-10-18 10:59:18,589 - INFO - signal_generation completed in 0.154s
2025-10-18 10:59:18,667 - INFO - Live signals database tables created/verified successfully
2025-10-18 10:59:18,667 - INFO - Starting weekly signal generation...
2025-10-18 10:59:18,667 - INFO - Using run_id: run_rachit_strategy_2025-10-18_1760758881466
2025-10-18 10:59:18,670 - INFO - Found 5 ETF symbols for run_id run_rachit_strategy_2025-10-18_1760758881466: ['NIFTYBEES', 'MON100', 'ITBEES', 'CPSEETF', 'JUNIORBEES']
2025-10-18 10:59:18,670 - INFO - Using 5 ETFs from deployment: ['NIFTYBEES', 'MON100', 'ITBEES', 'CPSEETF', 'JUNIORBEES']
2025-10-18 10:59:18,709 - INFO - Found 4 ETF symbols in database: ['NIFTYBEES', 'MON100', 'ITBEES', 'JUNIORBEES']
2025-10-18 10:59:18,710 - INFO - Using last Friday's date: 2025-10-17 for signal generation
2025-10-18 10:59:18,710 - INFO - Using test date: 2025-10-17 (Friday) for signal generation
2025-10-18 10:59:18,750 - INFO - Loaded data for 5 ETFs from 2024-09-12 to 2025-10-17
2025-10-18 10:59:18,751 - INFO - Processing 4 symbols: ['NIFTYBEES', 'MON100', 'ITBEES', 'JUNIORBEES']...
2025-10-18 10:59:18,760 - INFO - Calculated metrics for 4 ETFs
2025-10-18 10:59:18,778 - INFO - Generated 4 signals: 1 BUY, 3 SELL
2025-10-18 10:59:18,801 - INFO - Saved 4 signals to database with run_id: run_rachit_strategy_2025-10-18_1760758881466
2025-10-18 10:59:18,802 - INFO - Signal generation completed successfully in 0.13s
2025-10-18 10:59:18,803 - INFO - Generated 1 BUY and 3 SELL signals
2025-10-18 10:59:18,803 - live_market_engine.signals - INFO - Signal generation completed - Run ID: run_rachit_strategy_2025-10-18_1760758881466, Signals: 4 (1 BUY, 3 SELL), Duration: 0.13s
2025-10-18 10:59:18,803 - live_market_engine.signals - INFO - Signal generation completed - Run ID: run_rachit_strategy_2025-10-18_1760758881466, Signals: 4 (1 BUY, 3 SELL), Duration: 0.13s
2025-10-18 10:59:18,803 - INFO - Signal generation completed - Run ID: run_rachit_strategy_2025-10-18_1760758881466, Signals: 4 (1 BUY, 3 SELL), Duration: 0.13s
2025-10-18 10:59:18,858 - live_market_engine.metrics - INFO - signal_generation completed in 0.135s
2025-10-18 10:59:18,858 - INFO - signal_generation completed in 0.135s
2025-10-18 10:59:18,929 - INFO - Live stock signals database tables created/verified successfully
2025-10-18 10:59:18,930 - INFO - Using run_id: run_stock_rotation_strategy_-_10_stocks_2025-10-18_1760760749064
2025-10-18 10:59:18,930 - INFO - Starting weekly stock signal generation...
2025-10-18 10:59:18,933 - INFO - Found 10 stock symbols for run_id run_stock_rotation_strategy_-_10_stocks_2025-10-18_1760760749064: ['RELIANCE', 'HDFCBANK', 'BHARTIARTL', 'TCS', 'ICICIBANK', 'SBIN', 'HINDUNILVR', 'INFY', 'BAJFINANCE', 'ITC']
2025-10-18 10:59:18,933 - INFO - Using stocks from deployment: ['RELIANCE', 'HDFCBANK', 'BHARTIARTL', 'TCS', 'ICICIBANK', 'SBIN', 'HINDUNILVR', 'INFY', 'BAJFINANCE', 'ITC']
2025-10-18 10:59:18,933 - INFO - Using 10 stocks from deployment: ['RELIANCE', 'HDFCBANK', 'BHARTIARTL', 'TCS', 'ICICIBANK', 'SBIN', 'HINDUNILVR', 'INFY', 'BAJFINANCE', 'ITC']
2025-10-18 10:59:19,009 - INFO - Calculated metrics for 10 stocks
2025-10-18 10:59:19,195 - INFO - Generated 4 stock signals: 1 BUY, 3 SELL
2025-10-18 10:59:22,070 - INFO - Saved 4 stock signals to database with run_id: run_stock_rotation_strategy_-_10_stocks_2025-10-18_1760760749064
2025-10-18 10:59:22,071 - INFO - Stock signal generation completed successfully in 3.14s
2025-10-18 10:59:22,071 - INFO - Generated 1 BUY and 3 SELL signals
