2025-10-06 17:46:16,614 - rs_live_signal_generator - INFO - RS live signal tables created successfully
2025-10-06 18:00:07,310 - rs_live_signal_generator - INFO - RS live signal tables created successfully
2025-10-06 22:35:29,430 - rs_live_signal_generator - INFO - RS live signal tables created successfully
2025-10-06 23:06:12,312 - rs_live_signal_generator - INFO - RS live signal tables created successfully
2025-10-06 23:08:00,043 - rs_live_signal_generator - INFO - Starting RS signal generation for config 1
2025-10-06 23:08:00,102 - rs_live_signal_generator - INFO - Using configuration: cursor
2025-10-06 23:08:00,103 - rs_live_signal_generator - INFO - Getting stock data from 2024-08-29 to 2025-10-03
2025-10-06 23:08:00,333 - rs_live_signal_generator - INFO - Found 499 stock symbols for signal generation
2025-10-06 23:08:01,988 - rs_live_signal_generator - WARNING - No Nifty 50 index data found
2025-10-06 23:08:01,988 - rs_live_signal_generator - INFO - Successfully loaded data for 499 symbols
2025-10-06 23:08:01,991 - rs_live_signal_generator - WARNING - Error calculating RS score for 360ONE: RSStrategyBacktester.calculate_rs_score() takes 4 positional arguments but 7 were given
2025-10-06 23:08:01,992 - rs_live_signal_generator - WARNING - Error calculating RS score for 3MINDIA: RSStrategyBacktester.calculate_rs_score() takes 4 positional arguments but 7 were given
2025-10-06 23:08:01,993 - rs_live_signal_generator - WARNING - Error calculating RS score for AADHARHFC: RSStrategyBacktester.calculate_rs_score() takes 4 positional arguments but 7 were given
2025-10-06 23:08:01,994 - rs_live_signal_generator - WARNING - Error calculating RS score for AARTIIND: RSStrategyBacktester.calculate_rs_score() takes 4 positional arguments but 7 were given
2025-10-06 23:08:01,995 - rs_live_signal_generator - WARNING - Error calculating RS score for AAVAS: RSStrategyBacktester.calculate_rs_score() takes 4 positional arguments but 7 were given
2025-10-06 23:08:01,996 - rs_live_signal_generator - WARNING - Error calculating RS score for ABB: RSStrategyBacktester.calculate_rs_score() takes 4 positional arguments but 7 were given
2025-10-06 23:08:01,997 - rs_live_signal_generator - WARNING - Error calculating RS score for ABBOTINDIA: RSStrategyBacktester.calculate_rs_score() takes 4 positional arguments but 7 were given
2025-10-06 23:08:01,998 - rs_live_signal_generator - WARNING - Error calculating RS score for ABCAPITAL: RSStrategyBacktester.calculate_rs_score() takes 4 positional arguments but 7 were given
2025-10-06 23:08:02,002 - rs_live_signal_generator - WARNING - Error calculating RS score for ABFRL: RSStrategyBacktester.calculate_rs_score() takes 4 positional arguments but 7 were given
2025-10-06 23:08:02,003 - rs_live_signal_generator - WARNING - Error calculating RS score for ABREL: RSStrategyBacktester.calculate_rs_score() takes 4 positional arguments but 7 were given
2025-10-06 23:08:02,006 - rs_live_signal_generator - WARNING - Error calculating RS score for ABSLAMC: RSStrategyBacktester.calculate_rs_score() takes 4 positional arguments but 7 were given
2025-10-06 23:08:02,010 - rs_live_signal_generator - WARNING - Error calculating RS score for ACC: RSStrategyBacktester.calculate_rs_score() takes 4 positional arguments but 7 were given
2025-10-06 23:08:02,011 - rs_live_signal_generator - WARNING - Error calculating RS score for ACE: RSStrategyBacktester.calculate_rs_score() takes 4 positional arguments but 7 were given
2025-10-06 23:08:02,013 - rs_live_signal_generator - WARNING - Error calculating RS score for ACMESOLAR: RSStrategyBacktester.calculate_rs_score() takes 4 positional arguments but 7 were given
2025-10-06 23:08:02,015 - rs_live_signal_generator - WARNING - Error calculating RS score for ADANIENSOL: RSStrategyBacktester.calculate_rs_score() takes 4 positional arguments but 7 were given
2025-10-06 23:08:02,016 - rs_live_signal_generator - WARNING - Error calculating RS score for ADANIENT: RSStrategyBacktester.calculate_rs_score() takes 4 positional arguments but 7 were given
2025-10-06 23:08:02,019 - rs_live_signal_generator - WARNING - Error calculating RS score for ADANIGREEN: RSStrategyBacktester.calculate_rs_score() takes 4 positional arguments but 7 were given
2025-10-06 23:08:02,020 - rs_live_signal_generator - WARNING - Error calculating RS score for ADANIPORTS: RSStrategyBacktester.calculate_rs_score() takes 4 positional arguments but 7 were given
2025-10-06 23:08:02,025 - rs_live_signal_generator - WARNING - Error calculating RS score for ADANIPOWER: RSStrategyBacktester.calculate_rs_score() takes 4 positional arguments but 7 were given
2025-10-06 23:08:02,027 - rs_live_signal_generator - WARNING - Error calculating RS score for AEGISLOG: RSStrategyBacktester.calculate_rs_score() takes 4 positional arguments but 7 were given
2025-10-06 23:08:02,029 - rs_live_signal_generator - WARNING - Error calculating RS score for AFCONS: RSStrategyBacktester.calculate_rs_score() takes 4 positional arguments but 7 were given
2025-10-06 23:08:02,033 - rs_live_signal_generator - WARNING - Error calculating RS score for AFFLE: RSStrategyBacktester.calculate_rs_score() takes 4 positional arguments but 7 were given
2025-10-06 23:08:02,036 - rs_live_signal_generator - WARNING - Error calculating RS score for AIAENG: RSStrategyBacktester.calculate_rs_score() takes 4 positional arguments but 7 were given
2025-10-06 23:08:02,037 - rs_live_signal_generator - WARNING - Error calculating RS score for AIIL: RSStrategyBacktester.calculate_rs_score() takes 4 positional arguments but 7 were given
2025-10-06 23:08:02,041 - rs_live_signal_generator - WARNING - Error calculating RS score for AJANTPHARM: RSStrategyBacktester.calculate_rs_score() takes 4 positional arguments but 7 were given
2025-10-06 23:08:02,043 - rs_live_signal_generator - WARNING - Error calculating RS score for AKUMS: RSStrategyBacktester.calculate_rs_score() takes 4 positional arguments but 7 were given
2025-10-06 23:08:02,045 - rs_live_signal_generator - WARNING - Error calculating RS score for ALIVUS: RSStrategyBacktester.calculate_rs_score() takes 4 positional arguments but 7 were given
2025-10-06 23:08:02,046 - rs_live_signal_generator - WARNING - Error calculating RS score for ALKEM: RSStrategyBacktester.calculate_rs_score() takes 4 positional arguments but 7 were given
2025-10-06 23:08:02,047 - rs_live_signal_generator - WARNING - Error calculating RS score for ALKYLAMINE: RSStrategyBacktester.calculate_rs_score() takes 4 positional arguments but 7 were given
2025-10-06 23:08:02,051 - rs_live_signal_generator - WARNING - Error calculating RS score for ALOKINDS: RSStrategyBacktester.calculate_rs_score() takes 4 positional arguments but 7 were given
2025-10-06 23:08:02,053 - rs_live_signal_generator - WARNING - Error calculating RS score for AMBER: RSStrategyBacktester.calculate_rs_score() takes 4 positional arguments but 7 were given
2025-10-06 23:08:02,056 - rs_live_signal_generator - WARNING - Error calculating RS score for AMBUJACEM: RSStrategyBacktester.calculate_rs_score() takes 4 positional arguments but 7 were given
2025-10-06 23:08:02,058 - rs_live_signal_generator - WARNING - Error calculating RS score for ANANDRATHI: RSStrategyBacktester.calculate_rs_score() takes 4 positional arguments but 7 were given
2025-10-06 23:08:02,063 - rs_live_signal_generator - WARNING - Error calculating RS score for ANANTRAJ: RSStrategyBacktester.calculate_rs_score() takes 4 positional arguments but 7 were given
2025-10-06 23:08:02,065 - rs_live_signal_generator - WARNING - Error calculating RS score for ANGELONE: RSStrategyBacktester.calculate_rs_score() takes 4 positional arguments but 7 were given
2025-10-06 23:08:02,069 - rs_live_signal_generator - WARNING - Error calculating RS score for APARINDS: RSStrategyBacktester.calculate_rs_score() takes 4 positional arguments but 7 were given
2025-10-06 23:08:02,072 - rs_live_signal_generator - WARNING - Error calculating RS score for APLAPOLLO: RSStrategyBacktester.calculate_rs_score() takes 4 positional arguments but 7 were given
2025-10-06 23:08:02,076 - rs_live_signal_generator - WARNING - Error calculating RS score for APLLTD: RSStrategyBacktester.calculate_rs_score() takes 4 positional arguments but 7 were given
2025-10-06 23:08:02,079 - rs_live_signal_generator - WARNING - Error calculating RS score for APOLLOHOSP: RSStrategyBacktester.calculate_rs_score() takes 4 positional arguments but 7 were given
2025-10-06 23:08:02,081 - rs_live_signal_generator - WARNING - Error calculating RS score for APOLLOTYRE: RSStrategyBacktester.calculate_rs_score() takes 4 positional arguments but 7 were given
2025-10-06 23:08:02,084 - rs_live_signal_generator - WARNING - Error calculating RS score for APTUS: RSStrategyBacktester.calculate_rs_score() takes 4 positional arguments but 7 were given
2025-10-06 23:08:02,087 - rs_live_signal_generator - WARNING - Error calculating RS score for ARE&M: RSStrategyBacktester.calculate_rs_score() takes 4 positional arguments but 7 were given
2025-10-06 23:08:02,088 - rs_live_signal_generator - WARNING - Error calculating RS score for ASAHIINDIA: RSStrategyBacktester.calculate_rs_score() takes 4 positional arguments but 7 were given
2025-10-06 23:08:02,091 - rs_live_signal_generator - WARNING - Error calculating RS score for ASHOKLEY: RSStrategyBacktester.calculate_rs_score() takes 4 positional arguments but 7 were given
2025-10-06 23:08:02,094 - rs_live_signal_generator - WARNING - Error calculating RS score for ASIANPAINT: RSStrategyBacktester.calculate_rs_score() takes 4 positional arguments but 7 were given
2025-10-06 23:08:02,096 - rs_live_signal_generator - WARNING - Error calculating RS score for ASTERDM: RSStrategyBacktester.calculate_rs_score() takes 4 positional arguments but 7 were given
2025-10-06 23:08:02,097 - rs_live_signal_generator - WARNING - Error calculating RS score for ASTRAL: RSStrategyBacktester.calculate_rs_score() takes 4 positional arguments but 7 were given
2025-10-06 23:08:02,101 - rs_live_signal_generator - WARNING - Error calculating RS score for ASTRAZEN: RSStrategyBacktester.calculate_rs_score() takes 4 positional arguments but 7 were given
2025-10-06 23:08:02,104 - rs_live_signal_generator - WARNING - Error calculating RS score for ATGL: RSStrategyBacktester.calculate_rs_score() takes 4 positional arguments but 7 were given
2025-10-06 23:08:02,107 - rs_live_signal_generator - WARNING - Error calculating RS score for ATUL: RSStrategyBacktester.calculate_rs_score() takes 4 positional arguments but 7 were given
2025-10-06 23:08:02,111 - rs_live_signal_generator - WARNING - Error calculating RS score for AUBANK: RSStrategyBacktester.calculate_rs_score() takes 4 positional arguments but 7 were given
2025-10-06 23:08:02,113 - rs_live_signal_generator - WARNING - Error calculating RS score for AUROPHARMA: RSStrategyBacktester.calculate_rs_score() takes 4 positional arguments but 7 were given
2025-10-06 23:08:02,114 - rs_live_signal_generator - WARNING - Error calculating RS score for AWL: RSStrategyBacktester.calculate_rs_score() takes 4 positional arguments but 7 were given
2025-10-06 23:08:02,118 - rs_live_signal_generator - WARNING - Error calculating RS score for AXISBANK: RSStrategyBacktester.calculate_rs_score() takes 4 positional arguments but 7 were given
2025-10-06 23:08:02,120 - rs_live_signal_generator - WARNING - Error calculating RS score for BAJAJ-AUTO: RSStrategyBacktester.calculate_rs_score() takes 4 positional arguments but 7 were given
2025-10-06 23:08:02,122 - rs_live_signal_generator - WARNING - Error calculating RS score for BAJAJFINSV: RSStrategyBacktester.calculate_rs_score() takes 4 positional arguments but 7 were given
2025-10-06 23:08:02,126 - rs_live_signal_generator - WARNING - Error calculating RS score for BAJAJHFL: RSStrategyBacktester.calculate_rs_score() takes 4 positional arguments but 7 were given
2025-10-06 23:08:02,128 - rs_live_signal_generator - WARNING - Error calculating RS score for BAJAJHLDNG: RSStrategyBacktester.calculate_rs_score() takes 4 positional arguments but 7 were given
2025-10-06 23:08:02,129 - rs_live_signal_generator - WARNING - Error calculating RS score for BAJFINANCE: RSStrategyBacktester.calculate_rs_score() takes 4 positional arguments but 7 were given
2025-10-06 23:08:02,130 - rs_live_signal_generator - WARNING - Error calculating RS score for BALKRISIND: RSStrategyBacktester.calculate_rs_score() takes 4 positional arguments but 7 were given
2025-10-06 23:08:02,133 - rs_live_signal_generator - WARNING - Error calculating RS score for BALRAMCHIN: RSStrategyBacktester.calculate_rs_score() takes 4 positional arguments but 7 were given
2025-10-06 23:08:02,137 - rs_live_signal_generator - WARNING - Error calculating RS score for BANDHANBNK: RSStrategyBacktester.calculate_rs_score() takes 4 positional arguments but 7 were given
2025-10-06 23:08:02,142 - rs_live_signal_generator - WARNING - Error calculating RS score for BANKBARODA: RSStrategyBacktester.calculate_rs_score() takes 4 positional arguments but 7 were given
2025-10-06 23:08:02,146 - rs_live_signal_generator - WARNING - Error calculating RS score for BANKINDIA: RSStrategyBacktester.calculate_rs_score() takes 4 positional arguments but 7 were given
2025-10-06 23:08:02,147 - rs_live_signal_generator - WARNING - Error calculating RS score for BASF: RSStrategyBacktester.calculate_rs_score() takes 4 positional arguments but 7 were given
2025-10-06 23:08:02,148 - rs_live_signal_generator - WARNING - Error calculating RS score for BATAINDIA: RSStrategyBacktester.calculate_rs_score() takes 4 positional arguments but 7 were given
2025-10-06 23:08:02,153 - rs_live_signal_generator - WARNING - Error calculating RS score for BAYERCROP: RSStrategyBacktester.calculate_rs_score() takes 4 positional arguments but 7 were given
2025-10-06 23:08:02,154 - rs_live_signal_generator - WARNING - Error calculating RS score for BBTC: RSStrategyBacktester.calculate_rs_score() takes 4 positional arguments but 7 were given
2025-10-06 23:08:02,156 - rs_live_signal_generator - WARNING - Error calculating RS score for BDL: RSStrategyBacktester.calculate_rs_score() takes 4 positional arguments but 7 were given
2025-10-06 23:08:02,160 - rs_live_signal_generator - WARNING - Error calculating RS score for BEL: RSStrategyBacktester.calculate_rs_score() takes 4 positional arguments but 7 were given
2025-10-06 23:08:02,162 - rs_live_signal_generator - WARNING - Error calculating RS score for BEML: RSStrategyBacktester.calculate_rs_score() takes 4 positional arguments but 7 were given
2025-10-06 23:08:02,164 - rs_live_signal_generator - WARNING - Error calculating RS score for BERGEPAINT: RSStrategyBacktester.calculate_rs_score() takes 4 positional arguments but 7 were given
2025-10-06 23:08:02,166 - rs_live_signal_generator - WARNING - Error calculating RS score for BHARATFORG: RSStrategyBacktester.calculate_rs_score() takes 4 positional arguments but 7 were given
2025-10-06 23:08:02,171 - rs_live_signal_generator - WARNING - Error calculating RS score for BHARTIARTL: RSStrategyBacktester.calculate_rs_score() takes 4 positional arguments but 7 were given
2025-10-06 23:08:02,172 - rs_live_signal_generator - WARNING - Error calculating RS score for BHARTIHEXA: RSStrategyBacktester.calculate_rs_score() takes 4 positional arguments but 7 were given
2025-10-06 23:08:02,175 - rs_live_signal_generator - WARNING - Error calculating RS score for BHEL: RSStrategyBacktester.calculate_rs_score() takes 4 positional arguments but 7 were given
2025-10-06 23:08:02,178 - rs_live_signal_generator - WARNING - Error calculating RS score for BIKAJI: RSStrategyBacktester.calculate_rs_score() takes 4 positional arguments but 7 were given
2025-10-06 23:08:02,179 - rs_live_signal_generator - WARNING - Error calculating RS score for BIOCON: RSStrategyBacktester.calculate_rs_score() takes 4 positional arguments but 7 were given
2025-10-06 23:08:02,180 - rs_live_signal_generator - WARNING - Error calculating RS score for BLS: RSStrategyBacktester.calculate_rs_score() takes 4 positional arguments but 7 were given
2025-10-06 23:08:02,181 - rs_live_signal_generator - WARNING - Error calculating RS score for BLUEDART: RSStrategyBacktester.calculate_rs_score() takes 4 positional arguments but 7 were given
2025-10-06 23:08:02,186 - rs_live_signal_generator - WARNING - Error calculating RS score for BLUESTARCO: RSStrategyBacktester.calculate_rs_score() takes 4 positional arguments but 7 were given
2025-10-06 23:08:02,189 - rs_live_signal_generator - WARNING - Error calculating RS score for BOSCHLTD: RSStrategyBacktester.calculate_rs_score() takes 4 positional arguments but 7 were given
2025-10-06 23:08:02,193 - rs_live_signal_generator - WARNING - Error calculating RS score for BPCL: RSStrategyBacktester.calculate_rs_score() takes 4 positional arguments but 7 were given
2025-10-06 23:08:02,195 - rs_live_signal_generator - WARNING - Error calculating RS score for BRIGADE: RSStrategyBacktester.calculate_rs_score() takes 4 positional arguments but 7 were given
2025-10-06 23:08:02,196 - rs_live_signal_generator - WARNING - Error calculating RS score for BRITANNIA: RSStrategyBacktester.calculate_rs_score() takes 4 positional arguments but 7 were given
2025-10-06 23:08:02,199 - rs_live_signal_generator - WARNING - Error calculating RS score for BSE: RSStrategyBacktester.calculate_rs_score() takes 4 positional arguments but 7 were given
2025-10-06 23:08:02,202 - rs_live_signal_generator - WARNING - Error calculating RS score for BSOFT: RSStrategyBacktester.calculate_rs_score() takes 4 positional arguments but 7 were given
2025-10-06 23:08:02,204 - rs_live_signal_generator - WARNING - Error calculating RS score for CAMPUS: RSStrategyBacktester.calculate_rs_score() takes 4 positional arguments but 7 were given
2025-10-06 23:08:02,205 - rs_live_signal_generator - WARNING - Error calculating RS score for CAMS: RSStrategyBacktester.calculate_rs_score() takes 4 positional arguments but 7 were given
2025-10-06 23:08:02,210 - rs_live_signal_generator - WARNING - Error calculating RS score for CANBK: RSStrategyBacktester.calculate_rs_score() takes 4 positional arguments but 7 were given
2025-10-06 23:08:02,212 - rs_live_signal_generator - WARNING - Error calculating RS score for CANFINHOME: RSStrategyBacktester.calculate_rs_score() takes 4 positional arguments but 7 were given
2025-10-06 23:08:02,213 - rs_live_signal_generator - WARNING - Error calculating RS score for CAPLIPOINT: RSStrategyBacktester.calculate_rs_score() takes 4 positional arguments but 7 were given
2025-10-06 23:08:02,217 - rs_live_signal_generator - WARNING - Error calculating RS score for CARBORUNIV: RSStrategyBacktester.calculate_rs_score() takes 4 positional arguments but 7 were given
2025-10-06 23:08:02,220 - rs_live_signal_generator - WARNING - Error calculating RS score for CASTROLIND: RSStrategyBacktester.calculate_rs_score() takes 4 positional arguments but 7 were given
2025-10-06 23:08:02,222 - rs_live_signal_generator - WARNING - Error calculating RS score for CCL: RSStrategyBacktester.calculate_rs_score() takes 4 positional arguments but 7 were given
2025-10-06 23:08:02,229 - rs_live_signal_generator - WARNING - Error calculating RS score for CDSL: RSStrategyBacktester.calculate_rs_score() takes 4 positional arguments but 7 were given
2025-10-06 23:08:02,230 - rs_live_signal_generator - WARNING - Error calculating RS score for CEATLTD: RSStrategyBacktester.calculate_rs_score() takes 4 positional arguments but 7 were given
2025-10-06 23:08:02,234 - rs_live_signal_generator - WARNING - Error calculating RS score for CENTRALBK: RSStrategyBacktester.calculate_rs_score() takes 4 positional arguments but 7 were given
2025-10-06 23:08:02,235 - rs_live_signal_generator - WARNING - Error calculating RS score for CENTURYPLY: RSStrategyBacktester.calculate_rs_score() takes 4 positional arguments but 7 were given
2025-10-06 23:08:02,238 - rs_live_signal_generator - WARNING - Error calculating RS score for CERA: RSStrategyBacktester.calculate_rs_score() takes 4 positional arguments but 7 were given
2025-10-06 23:08:02,239 - rs_live_signal_generator - WARNING - Error calculating RS score for CESC: RSStrategyBacktester.calculate_rs_score() takes 4 positional arguments but 7 were given
2025-10-06 23:08:02,243 - rs_live_signal_generator - WARNING - Error calculating RS score for CGCL: RSStrategyBacktester.calculate_rs_score() takes 4 positional arguments but 7 were given
2025-10-06 23:08:02,245 - rs_live_signal_generator - WARNING - Error calculating RS score for CGPOWER: RSStrategyBacktester.calculate_rs_score() takes 4 positional arguments but 7 were given
2025-10-06 23:08:02,246 - rs_live_signal_generator - WARNING - Error calculating RS score for CHALET: RSStrategyBacktester.calculate_rs_score() takes 4 positional arguments but 7 were given
2025-10-06 23:08:02,249 - rs_live_signal_generator - WARNING - Error calculating RS score for CHAMBLFERT: RSStrategyBacktester.calculate_rs_score() takes 4 positional arguments but 7 were given
2025-10-06 23:08:02,253 - rs_live_signal_generator - WARNING - Error calculating RS score for CHENNPETRO: RSStrategyBacktester.calculate_rs_score() takes 4 positional arguments but 7 were given
2025-10-06 23:08:02,254 - rs_live_signal_generator - WARNING - Error calculating RS score for CHOLAFIN: RSStrategyBacktester.calculate_rs_score() takes 4 positional arguments but 7 were given
2025-10-06 23:08:02,259 - rs_live_signal_generator - WARNING - Error calculating RS score for CHOLAHLDNG: RSStrategyBacktester.calculate_rs_score() takes 4 positional arguments but 7 were given
2025-10-06 23:08:02,261 - rs_live_signal_generator - WARNING - Error calculating RS score for CIPLA: RSStrategyBacktester.calculate_rs_score() takes 4 positional arguments but 7 were given
2025-10-06 23:08:02,261 - rs_live_signal_generator - WARNING - Error calculating RS score for CLEAN: RSStrategyBacktester.calculate_rs_score() takes 4 positional arguments but 7 were given
2025-10-06 23:08:02,262 - rs_live_signal_generator - WARNING - Error calculating RS score for COALINDIA: RSStrategyBacktester.calculate_rs_score() takes 4 positional arguments but 7 were given
2025-10-06 23:08:02,263 - rs_live_signal_generator - WARNING - Error calculating RS score for COCHINSHIP: RSStrategyBacktester.calculate_rs_score() takes 4 positional arguments but 7 were given
2025-10-06 23:08:02,265 - rs_live_signal_generator - WARNING - Error calculating RS score for COFORGE: RSStrategyBacktester.calculate_rs_score() takes 4 positional arguments but 7 were given
2025-10-06 23:08:02,269 - rs_live_signal_generator - WARNING - Error calculating RS score for COLPAL: RSStrategyBacktester.calculate_rs_score() takes 4 positional arguments but 7 were given
2025-10-06 23:08:02,272 - rs_live_signal_generator - WARNING - Error calculating RS score for CONCOR: RSStrategyBacktester.calculate_rs_score() takes 4 positional arguments but 7 were given
2025-10-06 23:08:02,276 - rs_live_signal_generator - WARNING - Error calculating RS score for CONCORDBIO: RSStrategyBacktester.calculate_rs_score() takes 4 positional arguments but 7 were given
2025-10-06 23:08:02,278 - rs_live_signal_generator - WARNING - Error calculating RS score for COROMANDEL: RSStrategyBacktester.calculate_rs_score() takes 4 positional arguments but 7 were given
2025-10-06 23:08:02,279 - rs_live_signal_generator - WARNING - Error calculating RS score for CRAFTSMAN: RSStrategyBacktester.calculate_rs_score() takes 4 positional arguments but 7 were given
2025-10-06 23:08:02,280 - rs_live_signal_generator - WARNING - Error calculating RS score for CREDITACC: RSStrategyBacktester.calculate_rs_score() takes 4 positional arguments but 7 were given
2025-10-06 23:08:02,282 - rs_live_signal_generator - WARNING - Error calculating RS score for CRISIL: RSStrategyBacktester.calculate_rs_score() takes 4 positional arguments but 7 were given
2025-10-06 23:08:02,285 - rs_live_signal_generator - WARNING - Error calculating RS score for CROMPTON: RSStrategyBacktester.calculate_rs_score() takes 4 positional arguments but 7 were given
2025-10-06 23:08:02,289 - rs_live_signal_generator - WARNING - Error calculating RS score for CUB: RSStrategyBacktester.calculate_rs_score() takes 4 positional arguments but 7 were given
2025-10-06 23:08:02,295 - rs_live_signal_generator - WARNING - Error calculating RS score for CUMMINSIND: RSStrategyBacktester.calculate_rs_score() takes 4 positional arguments but 7 were given
2025-10-06 23:08:02,296 - rs_live_signal_generator - WARNING - Error calculating RS score for CYIENT: RSStrategyBacktester.calculate_rs_score() takes 4 positional arguments but 7 were given
2025-10-06 23:08:02,297 - rs_live_signal_generator - WARNING - Error calculating RS score for DABUR: RSStrategyBacktester.calculate_rs_score() takes 4 positional arguments but 7 were given
2025-10-06 23:08:02,301 - rs_live_signal_generator - WARNING - Error calculating RS score for DALBHARAT: RSStrategyBacktester.calculate_rs_score() takes 4 positional arguments but 7 were given
2025-10-06 23:08:02,307 - rs_live_signal_generator - WARNING - Error calculating RS score for DATAPATTNS: RSStrategyBacktester.calculate_rs_score() takes 4 positional arguments but 7 were given
2025-10-06 23:08:02,328 - rs_live_signal_generator - WARNING - Error calculating RS score for DBREALTY: RSStrategyBacktester.calculate_rs_score() takes 4 positional arguments but 7 were given
2025-10-06 23:08:02,344 - rs_live_signal_generator - WARNING - Error calculating RS score for DCMSHRIRAM: RSStrategyBacktester.calculate_rs_score() takes 4 positional arguments but 7 were given
2025-10-06 23:08:02,356 - rs_live_signal_generator - WARNING - Error calculating RS score for DEEPAKFERT: RSStrategyBacktester.calculate_rs_score() takes 4 positional arguments but 7 were given
2025-10-06 23:08:02,360 - rs_live_signal_generator - WARNING - Error calculating RS score for DEEPAKNTR: RSStrategyBacktester.calculate_rs_score() takes 4 positional arguments but 7 were given
2025-10-06 23:08:02,362 - rs_live_signal_generator - WARNING - Error calculating RS score for DELHIVERY: RSStrategyBacktester.calculate_rs_score() takes 4 positional arguments but 7 were given
2025-10-06 23:08:02,363 - rs_live_signal_generator - WARNING - Error calculating RS score for DEVYANI: RSStrategyBacktester.calculate_rs_score() takes 4 positional arguments but 7 were given
2025-10-06 23:08:02,365 - rs_live_signal_generator - WARNING - Error calculating RS score for DIVISLAB: RSStrategyBacktester.calculate_rs_score() takes 4 positional arguments but 7 were given
2025-10-06 23:08:02,369 - rs_live_signal_generator - WARNING - Error calculating RS score for DIXON: RSStrategyBacktester.calculate_rs_score() takes 4 positional arguments but 7 were given
2025-10-06 23:08:02,370 - rs_live_signal_generator - WARNING - Error calculating RS score for DLF: RSStrategyBacktester.calculate_rs_score() takes 4 positional arguments but 7 were given
2025-10-06 23:08:02,372 - rs_live_signal_generator - WARNING - Error calculating RS score for DMART: RSStrategyBacktester.calculate_rs_score() takes 4 positional arguments but 7 were given
2025-10-06 23:08:02,377 - rs_live_signal_generator - WARNING - Error calculating RS score for DOMS: RSStrategyBacktester.calculate_rs_score() takes 4 positional arguments but 7 were given
2025-10-06 23:08:02,379 - rs_live_signal_generator - WARNING - Error calculating RS score for DRREDDY: RSStrategyBacktester.calculate_rs_score() takes 4 positional arguments but 7 were given
2025-10-06 23:08:02,380 - rs_live_signal_generator - WARNING - Error calculating RS score for ECLERX: RSStrategyBacktester.calculate_rs_score() takes 4 positional arguments but 7 were given
2025-10-06 23:08:02,383 - rs_live_signal_generator - WARNING - Error calculating RS score for EICHERMOT: RSStrategyBacktester.calculate_rs_score() takes 4 positional arguments but 7 were given
2025-10-06 23:08:02,390 - rs_live_signal_generator - WARNING - Error calculating RS score for EIDPARRY: RSStrategyBacktester.calculate_rs_score() takes 4 positional arguments but 7 were given
2025-10-06 23:08:02,394 - rs_live_signal_generator - WARNING - Error calculating RS score for EIHOTEL: RSStrategyBacktester.calculate_rs_score() takes 4 positional arguments but 7 were given
2025-10-06 23:08:02,395 - rs_live_signal_generator - WARNING - Error calculating RS score for ELECON: RSStrategyBacktester.calculate_rs_score() takes 4 positional arguments but 7 were given
2025-10-06 23:08:02,396 - rs_live_signal_generator - WARNING - Error calculating RS score for ELGIEQUIP: RSStrategyBacktester.calculate_rs_score() takes 4 positional arguments but 7 were given
2025-10-06 23:08:02,397 - rs_live_signal_generator - WARNING - Error calculating RS score for EMAMILTD: RSStrategyBacktester.calculate_rs_score() takes 4 positional arguments but 7 were given
2025-10-06 23:08:02,400 - rs_live_signal_generator - WARNING - Error calculating RS score for EMCURE: RSStrategyBacktester.calculate_rs_score() takes 4 positional arguments but 7 were given
2025-10-06 23:08:02,402 - rs_live_signal_generator - WARNING - Error calculating RS score for ENDURANCE: RSStrategyBacktester.calculate_rs_score() takes 4 positional arguments but 7 were given
2025-10-06 23:08:02,403 - rs_live_signal_generator - WARNING - Error calculating RS score for ENGINERSIN: RSStrategyBacktester.calculate_rs_score() takes 4 positional arguments but 7 were given
2025-10-06 23:08:02,404 - rs_live_signal_generator - WARNING - Error calculating RS score for ERIS: RSStrategyBacktester.calculate_rs_score() takes 4 positional arguments but 7 were given
2025-10-06 23:08:02,409 - rs_live_signal_generator - WARNING - Error calculating RS score for ESCORTS: RSStrategyBacktester.calculate_rs_score() takes 4 positional arguments but 7 were given
2025-10-06 23:08:02,411 - rs_live_signal_generator - WARNING - Error calculating RS score for ETERNAL: RSStrategyBacktester.calculate_rs_score() takes 4 positional arguments but 7 were given
2025-10-06 23:08:02,412 - rs_live_signal_generator - WARNING - Error calculating RS score for EXIDEIND: RSStrategyBacktester.calculate_rs_score() takes 4 positional arguments but 7 were given
2025-10-06 23:08:02,413 - rs_live_signal_generator - WARNING - Error calculating RS score for FACT: RSStrategyBacktester.calculate_rs_score() takes 4 positional arguments but 7 were given
2025-10-06 23:08:02,415 - rs_live_signal_generator - WARNING - Error calculating RS score for FEDERALBNK: RSStrategyBacktester.calculate_rs_score() takes 4 positional arguments but 7 were given
2025-10-06 23:08:02,418 - rs_live_signal_generator - WARNING - Error calculating RS score for FINCABLES: RSStrategyBacktester.calculate_rs_score() takes 4 positional arguments but 7 were given
2025-10-06 23:08:02,421 - rs_live_signal_generator - WARNING - Error calculating RS score for FINPIPE: RSStrategyBacktester.calculate_rs_score() takes 4 positional arguments but 7 were given
2025-10-06 23:08:02,423 - rs_live_signal_generator - WARNING - Error calculating RS score for FIRSTCRY: RSStrategyBacktester.calculate_rs_score() takes 4 positional arguments but 7 were given
2025-10-06 23:08:02,427 - rs_live_signal_generator - WARNING - Error calculating RS score for FIVESTAR: RSStrategyBacktester.calculate_rs_score() takes 4 positional arguments but 7 were given
2025-10-06 23:08:02,428 - rs_live_signal_generator - WARNING - Error calculating RS score for FLUOROCHEM: RSStrategyBacktester.calculate_rs_score() takes 4 positional arguments but 7 were given
2025-10-06 23:08:02,429 - rs_live_signal_generator - WARNING - Error calculating RS score for FORTIS: RSStrategyBacktester.calculate_rs_score() takes 4 positional arguments but 7 were given
2025-10-06 23:08:02,430 - rs_live_signal_generator - WARNING - Error calculating RS score for FSL: RSStrategyBacktester.calculate_rs_score() takes 4 positional arguments but 7 were given
2025-10-06 23:08:02,431 - rs_live_signal_generator - WARNING - Error calculating RS score for GAIL: RSStrategyBacktester.calculate_rs_score() takes 4 positional arguments but 7 were given
2025-10-06 23:08:02,435 - rs_live_signal_generator - WARNING - Error calculating RS score for GESHIP: RSStrategyBacktester.calculate_rs_score() takes 4 positional arguments but 7 were given
2025-10-06 23:08:02,437 - rs_live_signal_generator - WARNING - Error calculating RS score for GICRE: RSStrategyBacktester.calculate_rs_score() takes 4 positional arguments but 7 were given
2025-10-06 23:08:02,438 - rs_live_signal_generator - WARNING - Error calculating RS score for GILLETTE: RSStrategyBacktester.calculate_rs_score() takes 4 positional arguments but 7 were given
2025-10-06 23:08:02,442 - rs_live_signal_generator - WARNING - Error calculating RS score for GLAND: RSStrategyBacktester.calculate_rs_score() takes 4 positional arguments but 7 were given
2025-10-06 23:08:02,444 - rs_live_signal_generator - WARNING - Error calculating RS score for GLAXO: RSStrategyBacktester.calculate_rs_score() takes 4 positional arguments but 7 were given
2025-10-06 23:08:02,445 - rs_live_signal_generator - WARNING - Error calculating RS score for GLENMARK: RSStrategyBacktester.calculate_rs_score() takes 4 positional arguments but 7 were given
2025-10-06 23:08:02,446 - rs_live_signal_generator - WARNING - Error calculating RS score for GMDCLTD: RSStrategyBacktester.calculate_rs_score() takes 4 positional arguments but 7 were given
2025-10-06 23:08:02,448 - rs_live_signal_generator - WARNING - Error calculating RS score for GMRAIRPORT: RSStrategyBacktester.calculate_rs_score() takes 4 positional arguments but 7 were given
2025-10-06 23:08:02,451 - rs_live_signal_generator - WARNING - Error calculating RS score for GNFC: RSStrategyBacktester.calculate_rs_score() takes 4 positional arguments but 7 were given
2025-10-06 23:08:02,453 - rs_live_signal_generator - WARNING - Error calculating RS score for GODFRYPHLP: RSStrategyBacktester.calculate_rs_score() takes 4 positional arguments but 7 were given
2025-10-06 23:08:02,455 - rs_live_signal_generator - WARNING - Error calculating RS score for GODIGIT: RSStrategyBacktester.calculate_rs_score() takes 4 positional arguments but 7 were given
2025-10-06 23:08:02,460 - rs_live_signal_generator - WARNING - Error calculating RS score for GODREJAGRO: RSStrategyBacktester.calculate_rs_score() takes 4 positional arguments but 7 were given
2025-10-06 23:08:02,463 - rs_live_signal_generator - WARNING - Error calculating RS score for GODREJCP: RSStrategyBacktester.calculate_rs_score() takes 4 positional arguments but 7 were given
2025-10-06 23:08:02,466 - rs_live_signal_generator - WARNING - Error calculating RS score for GODREJIND: RSStrategyBacktester.calculate_rs_score() takes 4 positional arguments but 7 were given
2025-10-06 23:08:02,471 - rs_live_signal_generator - WARNING - Error calculating RS score for GODREJPROP: RSStrategyBacktester.calculate_rs_score() takes 4 positional arguments but 7 were given
2025-10-06 23:08:02,474 - rs_live_signal_generator - WARNING - Error calculating RS score for GPIL: RSStrategyBacktester.calculate_rs_score() takes 4 positional arguments but 7 were given
2025-10-06 23:08:02,478 - rs_live_signal_generator - WARNING - Error calculating RS score for GPPL: RSStrategyBacktester.calculate_rs_score() takes 4 positional arguments but 7 were given
2025-10-06 23:08:02,479 - rs_live_signal_generator - WARNING - Error calculating RS score for GRANULES: RSStrategyBacktester.calculate_rs_score() takes 4 positional arguments but 7 were given
2025-10-06 23:08:02,481 - rs_live_signal_generator - WARNING - Error calculating RS score for GRAPHITE: RSStrategyBacktester.calculate_rs_score() takes 4 positional arguments but 7 were given
2025-10-06 23:08:02,484 - rs_live_signal_generator - WARNING - Error calculating RS score for GRASIM: RSStrategyBacktester.calculate_rs_score() takes 4 positional arguments but 7 were given
2025-10-06 23:08:02,486 - rs_live_signal_generator - WARNING - Error calculating RS score for GRAVITA: RSStrategyBacktester.calculate_rs_score() takes 4 positional arguments but 7 were given
2025-10-06 23:08:02,487 - rs_live_signal_generator - WARNING - Error calculating RS score for GRSE: RSStrategyBacktester.calculate_rs_score() takes 4 positional arguments but 7 were given
2025-10-06 23:08:02,491 - rs_live_signal_generator - WARNING - Error calculating RS score for GSPL: RSStrategyBacktester.calculate_rs_score() takes 4 positional arguments but 7 were given
2025-10-06 23:08:02,494 - rs_live_signal_generator - WARNING - Error calculating RS score for GUJGASLTD: RSStrategyBacktester.calculate_rs_score() takes 4 positional arguments but 7 were given
2025-10-06 23:08:02,495 - rs_live_signal_generator - WARNING - Error calculating RS score for GVT&D: RSStrategyBacktester.calculate_rs_score() takes 4 positional arguments but 7 were given
2025-10-06 23:08:02,496 - rs_live_signal_generator - WARNING - Error calculating RS score for HAL: RSStrategyBacktester.calculate_rs_score() takes 4 positional arguments but 7 were given
2025-10-06 23:08:02,497 - rs_live_signal_generator - WARNING - Error calculating RS score for HAPPSTMNDS: RSStrategyBacktester.calculate_rs_score() takes 4 positional arguments but 7 were given
2025-10-06 23:08:02,502 - rs_live_signal_generator - WARNING - Error calculating RS score for HAVELLS: RSStrategyBacktester.calculate_rs_score() takes 4 positional arguments but 7 were given
2025-10-06 23:08:02,504 - rs_live_signal_generator - WARNING - Error calculating RS score for HBLENGINE: RSStrategyBacktester.calculate_rs_score() takes 4 positional arguments but 7 were given
2025-10-06 23:08:02,508 - rs_live_signal_generator - WARNING - Error calculating RS score for HCLTECH: RSStrategyBacktester.calculate_rs_score() takes 4 positional arguments but 7 were given
2025-10-06 23:08:02,511 - rs_live_signal_generator - WARNING - Error calculating RS score for HDFCAMC: RSStrategyBacktester.calculate_rs_score() takes 4 positional arguments but 7 were given
2025-10-06 23:08:02,512 - rs_live_signal_generator - WARNING - Error calculating RS score for HDFCBANK: RSStrategyBacktester.calculate_rs_score() takes 4 positional arguments but 7 were given
2025-10-06 23:08:02,512 - rs_live_signal_generator - WARNING - Error calculating RS score for HDFCLIFE: RSStrategyBacktester.calculate_rs_score() takes 4 positional arguments but 7 were given
2025-10-06 23:08:02,513 - rs_live_signal_generator - WARNING - Error calculating RS score for HEG: RSStrategyBacktester.calculate_rs_score() takes 4 positional arguments but 7 were given
2025-10-06 23:08:02,517 - rs_live_signal_generator - WARNING - Error calculating RS score for HEROMOTOCO: RSStrategyBacktester.calculate_rs_score() takes 4 positional arguments but 7 were given
2025-10-06 23:08:02,519 - rs_live_signal_generator - WARNING - Error calculating RS score for HFCL: RSStrategyBacktester.calculate_rs_score() takes 4 positional arguments but 7 were given
2025-10-06 23:08:02,520 - rs_live_signal_generator - WARNING - Error calculating RS score for HINDALCO: RSStrategyBacktester.calculate_rs_score() takes 4 positional arguments but 7 were given
2025-10-06 23:08:02,521 - rs_live_signal_generator - WARNING - Error calculating RS score for HINDCOPPER: RSStrategyBacktester.calculate_rs_score() takes 4 positional arguments but 7 were given
2025-10-06 23:08:02,526 - rs_live_signal_generator - WARNING - Error calculating RS score for HINDPETRO: RSStrategyBacktester.calculate_rs_score() takes 4 positional arguments but 7 were given
2025-10-06 23:08:02,527 - rs_live_signal_generator - WARNING - Error calculating RS score for HINDUNILVR: RSStrategyBacktester.calculate_rs_score() takes 4 positional arguments but 7 were given
2025-10-06 23:08:02,528 - rs_live_signal_generator - WARNING - Error calculating RS score for HINDZINC: RSStrategyBacktester.calculate_rs_score() takes 4 positional arguments but 7 were given
2025-10-06 23:08:02,529 - rs_live_signal_generator - WARNING - Error calculating RS score for HOMEFIRST: RSStrategyBacktester.calculate_rs_score() takes 4 positional arguments but 7 were given
2025-10-06 23:08:02,530 - rs_live_signal_generator - WARNING - Error calculating RS score for HONASA: RSStrategyBacktester.calculate_rs_score() takes 4 positional arguments but 7 were given
2025-10-06 23:08:02,532 - rs_live_signal_generator - WARNING - Error calculating RS score for HONAUT: RSStrategyBacktester.calculate_rs_score() takes 4 positional arguments but 7 were given
2025-10-06 23:08:02,536 - rs_live_signal_generator - WARNING - Error calculating RS score for HSCL: RSStrategyBacktester.calculate_rs_score() takes 4 positional arguments but 7 were given
2025-10-06 23:08:02,537 - rs_live_signal_generator - WARNING - Error calculating RS score for HUDCO: RSStrategyBacktester.calculate_rs_score() takes 4 positional arguments but 7 were given
2025-10-06 23:08:02,539 - rs_live_signal_generator - WARNING - Error calculating RS score for HYUNDAI: RSStrategyBacktester.calculate_rs_score() takes 4 positional arguments but 7 were given
2025-10-06 23:08:02,543 - rs_live_signal_generator - WARNING - Error calculating RS score for ICICIBANK: RSStrategyBacktester.calculate_rs_score() takes 4 positional arguments but 7 were given
2025-10-06 23:08:02,544 - rs_live_signal_generator - WARNING - Error calculating RS score for ICICIGI: RSStrategyBacktester.calculate_rs_score() takes 4 positional arguments but 7 were given
2025-10-06 23:08:02,545 - rs_live_signal_generator - WARNING - Error calculating RS score for ICICIPRULI: RSStrategyBacktester.calculate_rs_score() takes 4 positional arguments but 7 were given
2025-10-06 23:08:02,546 - rs_live_signal_generator - WARNING - Error calculating RS score for IDBI: RSStrategyBacktester.calculate_rs_score() takes 4 positional arguments but 7 were given
2025-10-06 23:08:02,551 - rs_live_signal_generator - WARNING - Error calculating RS score for IDEA: RSStrategyBacktester.calculate_rs_score() takes 4 positional arguments but 7 were given
2025-10-06 23:08:02,552 - rs_live_signal_generator - WARNING - Error calculating RS score for IDFCFIRSTB: RSStrategyBacktester.calculate_rs_score() takes 4 positional arguments but 7 were given
2025-10-06 23:08:02,553 - rs_live_signal_generator - WARNING - Error calculating RS score for IEX: RSStrategyBacktester.calculate_rs_score() takes 4 positional arguments but 7 were given
2025-10-06 23:08:02,555 - rs_live_signal_generator - WARNING - Error calculating RS score for IFCI: RSStrategyBacktester.calculate_rs_score() takes 4 positional arguments but 7 were given
2025-10-06 23:08:02,560 - rs_live_signal_generator - WARNING - Error calculating RS score for IGIL: RSStrategyBacktester.calculate_rs_score() takes 4 positional arguments but 7 were given
2025-10-06 23:08:02,561 - rs_live_signal_generator - WARNING - Error calculating RS score for IGL: RSStrategyBacktester.calculate_rs_score() takes 4 positional arguments but 7 were given
2025-10-06 23:08:02,562 - rs_live_signal_generator - WARNING - Error calculating RS score for IIFL: RSStrategyBacktester.calculate_rs_score() takes 4 positional arguments but 7 were given
2025-10-06 23:08:02,564 - rs_live_signal_generator - WARNING - Error calculating RS score for IKS: RSStrategyBacktester.calculate_rs_score() takes 4 positional arguments but 7 were given
2025-10-06 23:08:02,567 - rs_live_signal_generator - WARNING - Error calculating RS score for INDGN: RSStrategyBacktester.calculate_rs_score() takes 4 positional arguments but 7 were given
2025-10-06 23:08:02,569 - rs_live_signal_generator - WARNING - Error calculating RS score for INDHOTEL: RSStrategyBacktester.calculate_rs_score() takes 4 positional arguments but 7 were given
2025-10-06 23:08:02,571 - rs_live_signal_generator - WARNING - Error calculating RS score for INDIACEM: RSStrategyBacktester.calculate_rs_score() takes 4 positional arguments but 7 were given
2025-10-06 23:08:02,575 - rs_live_signal_generator - WARNING - Error calculating RS score for INDIAMART: RSStrategyBacktester.calculate_rs_score() takes 4 positional arguments but 7 were given
2025-10-06 23:08:02,576 - rs_live_signal_generator - WARNING - Error calculating RS score for INDIANB: RSStrategyBacktester.calculate_rs_score() takes 4 positional arguments but 7 were given
2025-10-06 23:08:02,578 - rs_live_signal_generator - WARNING - Error calculating RS score for INDIGO: RSStrategyBacktester.calculate_rs_score() takes 4 positional arguments but 7 were given
2025-10-06 23:08:02,578 - rs_live_signal_generator - WARNING - Error calculating RS score for INDUSINDBK: RSStrategyBacktester.calculate_rs_score() takes 4 positional arguments but 7 were given
2025-10-06 23:08:02,579 - rs_live_signal_generator - WARNING - Error calculating RS score for INDUSTOWER: RSStrategyBacktester.calculate_rs_score() takes 4 positional arguments but 7 were given
2025-10-06 23:08:02,583 - rs_live_signal_generator - WARNING - Error calculating RS score for INFY: RSStrategyBacktester.calculate_rs_score() takes 4 positional arguments but 7 were given
2025-10-06 23:08:02,587 - rs_live_signal_generator - WARNING - Error calculating RS score for INOXINDIA: RSStrategyBacktester.calculate_rs_score() takes 4 positional arguments but 7 were given
2025-10-06 23:08:02,589 - rs_live_signal_generator - WARNING - Error calculating RS score for INOXWIND: RSStrategyBacktester.calculate_rs_score() takes 4 positional arguments but 7 were given
2025-10-06 23:08:02,592 - rs_live_signal_generator - WARNING - Error calculating RS score for INTELLECT: RSStrategyBacktester.calculate_rs_score() takes 4 positional arguments but 7 were given
2025-10-06 23:08:02,594 - rs_live_signal_generator - WARNING - Error calculating RS score for IOB: RSStrategyBacktester.calculate_rs_score() takes 4 positional arguments but 7 were given
2025-10-06 23:08:02,595 - rs_live_signal_generator - WARNING - Error calculating RS score for IOC: RSStrategyBacktester.calculate_rs_score() takes 4 positional arguments but 7 were given
2025-10-06 23:08:02,596 - rs_live_signal_generator - WARNING - Error calculating RS score for IPCALAB: RSStrategyBacktester.calculate_rs_score() takes 4 positional arguments but 7 were given
2025-10-06 23:08:02,597 - rs_live_signal_generator - WARNING - Error calculating RS score for IRB: RSStrategyBacktester.calculate_rs_score() takes 4 positional arguments but 7 were given
2025-10-06 23:08:02,599 - rs_live_signal_generator - WARNING - Error calculating RS score for IRCON: RSStrategyBacktester.calculate_rs_score() takes 4 positional arguments but 7 were given
2025-10-06 23:08:02,603 - rs_live_signal_generator - WARNING - Error calculating RS score for IRCTC: RSStrategyBacktester.calculate_rs_score() takes 4 positional arguments but 7 were given
2025-10-06 23:08:02,604 - rs_live_signal_generator - WARNING - Error calculating RS score for IREDA: RSStrategyBacktester.calculate_rs_score() takes 4 positional arguments but 7 were given
2025-10-06 23:08:02,606 - rs_live_signal_generator - WARNING - Error calculating RS score for IRFC: RSStrategyBacktester.calculate_rs_score() takes 4 positional arguments but 7 were given
2025-10-06 23:08:02,610 - rs_live_signal_generator - WARNING - Error calculating RS score for ITC: RSStrategyBacktester.calculate_rs_score() takes 4 positional arguments but 7 were given
2025-10-06 23:08:02,611 - rs_live_signal_generator - WARNING - Error calculating RS score for ITI: RSStrategyBacktester.calculate_rs_score() takes 4 positional arguments but 7 were given
2025-10-06 23:08:02,611 - rs_live_signal_generator - WARNING - Error calculating RS score for J&KBANK: RSStrategyBacktester.calculate_rs_score() takes 4 positional arguments but 7 were given
2025-10-06 23:08:02,612 - rs_live_signal_generator - WARNING - Error calculating RS score for JBCHEPHARM: RSStrategyBacktester.calculate_rs_score() takes 4 positional arguments but 7 were given
2025-10-06 23:08:02,613 - rs_live_signal_generator - WARNING - Error calculating RS score for JBMA: RSStrategyBacktester.calculate_rs_score() takes 4 positional arguments but 7 were given
2025-10-06 23:08:02,617 - rs_live_signal_generator - WARNING - Error calculating RS score for JINDALSAW: RSStrategyBacktester.calculate_rs_score() takes 4 positional arguments but 7 were given
2025-10-06 23:08:02,621 - rs_live_signal_generator - WARNING - Error calculating RS score for JINDALSTEL: RSStrategyBacktester.calculate_rs_score() takes 4 positional arguments but 7 were given
2025-10-06 23:08:02,626 - rs_live_signal_generator - WARNING - Error calculating RS score for JIOFIN: RSStrategyBacktester.calculate_rs_score() takes 4 positional arguments but 7 were given
2025-10-06 23:08:02,627 - rs_live_signal_generator - WARNING - Error calculating RS score for JKCEMENT: RSStrategyBacktester.calculate_rs_score() takes 4 positional arguments but 7 were given
2025-10-06 23:08:02,629 - rs_live_signal_generator - WARNING - Error calculating RS score for JKTYRE: RSStrategyBacktester.calculate_rs_score() takes 4 positional arguments but 7 were given
2025-10-06 23:08:02,631 - rs_live_signal_generator - WARNING - Error calculating RS score for JMFINANCIL: RSStrategyBacktester.calculate_rs_score() takes 4 positional arguments but 7 were given
2025-10-06 23:08:02,637 - rs_live_signal_generator - WARNING - Error calculating RS score for JPPOWER: RSStrategyBacktester.calculate_rs_score() takes 4 positional arguments but 7 were given
2025-10-06 23:08:02,640 - rs_live_signal_generator - WARNING - Error calculating RS score for JSL: RSStrategyBacktester.calculate_rs_score() takes 4 positional arguments but 7 were given
2025-10-06 23:08:02,644 - rs_live_signal_generator - WARNING - Error calculating RS score for JSWENERGY: RSStrategyBacktester.calculate_rs_score() takes 4 positional arguments but 7 were given
2025-10-06 23:08:02,645 - rs_live_signal_generator - WARNING - Error calculating RS score for JSWHL: RSStrategyBacktester.calculate_rs_score() takes 4 positional arguments but 7 were given
2025-10-06 23:08:02,647 - rs_live_signal_generator - WARNING - Error calculating RS score for JSWINFRA: RSStrategyBacktester.calculate_rs_score() takes 4 positional arguments but 7 were given
2025-10-06 23:08:02,650 - rs_live_signal_generator - WARNING - Error calculating RS score for JSWSTEEL: RSStrategyBacktester.calculate_rs_score() takes 4 positional arguments but 7 were given
2025-10-06 23:08:02,653 - rs_live_signal_generator - WARNING - Error calculating RS score for JUBLFOOD: RSStrategyBacktester.calculate_rs_score() takes 4 positional arguments but 7 were given
2025-10-06 23:08:02,654 - rs_live_signal_generator - WARNING - Error calculating RS score for JUBLINGREA: RSStrategyBacktester.calculate_rs_score() takes 4 positional arguments but 7 were given
2025-10-06 23:08:02,656 - rs_live_signal_generator - WARNING - Error calculating RS score for JUBLPHARMA: RSStrategyBacktester.calculate_rs_score() takes 4 positional arguments but 7 were given
2025-10-06 23:08:02,660 - rs_live_signal_generator - WARNING - Error calculating RS score for JUSTDIAL: RSStrategyBacktester.calculate_rs_score() takes 4 positional arguments but 7 were given
2025-10-06 23:08:02,661 - rs_live_signal_generator - WARNING - Error calculating RS score for JWL: RSStrategyBacktester.calculate_rs_score() takes 4 positional arguments but 7 were given
2025-10-06 23:08:02,662 - rs_live_signal_generator - WARNING - Error calculating RS score for JYOTHYLAB: RSStrategyBacktester.calculate_rs_score() takes 4 positional arguments but 7 were given
2025-10-06 23:08:02,663 - rs_live_signal_generator - WARNING - Error calculating RS score for JYOTICNC: RSStrategyBacktester.calculate_rs_score() takes 4 positional arguments but 7 were given
2025-10-06 23:08:02,664 - rs_live_signal_generator - WARNING - Error calculating RS score for KAJARIACER: RSStrategyBacktester.calculate_rs_score() takes 4 positional arguments but 7 were given
2025-10-06 23:08:02,668 - rs_live_signal_generator - WARNING - Error calculating RS score for KALYANKJIL: RSStrategyBacktester.calculate_rs_score() takes 4 positional arguments but 7 were given
2025-10-06 23:08:02,670 - rs_live_signal_generator - WARNING - Error calculating RS score for KANSAINER: RSStrategyBacktester.calculate_rs_score() takes 4 positional arguments but 7 were given
2025-10-06 23:08:02,671 - rs_live_signal_generator - WARNING - Error calculating RS score for KARURVYSYA: RSStrategyBacktester.calculate_rs_score() takes 4 positional arguments but 7 were given
2025-10-06 23:08:02,677 - rs_live_signal_generator - WARNING - Error calculating RS score for KAYNES: RSStrategyBacktester.calculate_rs_score() takes 4 positional arguments but 7 were given
2025-10-06 23:08:02,678 - rs_live_signal_generator - WARNING - Error calculating RS score for KEC: RSStrategyBacktester.calculate_rs_score() takes 4 positional arguments but 7 were given
2025-10-06 23:08:02,679 - rs_live_signal_generator - WARNING - Error calculating RS score for KEI: RSStrategyBacktester.calculate_rs_score() takes 4 positional arguments but 7 were given
2025-10-06 23:08:02,680 - rs_live_signal_generator - WARNING - Error calculating RS score for KFINTECH: RSStrategyBacktester.calculate_rs_score() takes 4 positional arguments but 7 were given
2025-10-06 23:08:02,684 - rs_live_signal_generator - WARNING - Error calculating RS score for KIMS: RSStrategyBacktester.calculate_rs_score() takes 4 positional arguments but 7 were given
2025-10-06 23:08:02,686 - rs_live_signal_generator - WARNING - Error calculating RS score for KIRLOSBROS: RSStrategyBacktester.calculate_rs_score() takes 4 positional arguments but 7 were given
2025-10-06 23:08:02,687 - rs_live_signal_generator - WARNING - Error calculating RS score for KIRLOSENG: RSStrategyBacktester.calculate_rs_score() takes 4 positional arguments but 7 were given
2025-10-06 23:08:02,689 - rs_live_signal_generator - WARNING - Error calculating RS score for KNRCON: RSStrategyBacktester.calculate_rs_score() takes 4 positional arguments but 7 were given
2025-10-06 23:08:02,694 - rs_live_signal_generator - WARNING - Error calculating RS score for KOTAKBANK: RSStrategyBacktester.calculate_rs_score() takes 4 positional arguments but 7 were given
2025-10-06 23:08:02,695 - rs_live_signal_generator - WARNING - Error calculating RS score for KPIL: RSStrategyBacktester.calculate_rs_score() takes 4 positional arguments but 7 were given
2025-10-06 23:08:02,696 - rs_live_signal_generator - WARNING - Error calculating RS score for KPITTECH: RSStrategyBacktester.calculate_rs_score() takes 4 positional arguments but 7 were given
2025-10-06 23:08:02,697 - rs_live_signal_generator - WARNING - Error calculating RS score for KPRMILL: RSStrategyBacktester.calculate_rs_score() takes 4 positional arguments but 7 were given
2025-10-06 23:08:02,700 - rs_live_signal_generator - WARNING - Error calculating RS score for LALPATHLAB: RSStrategyBacktester.calculate_rs_score() takes 4 positional arguments but 7 were given
2025-10-06 23:08:02,703 - rs_live_signal_generator - WARNING - Error calculating RS score for LATENTVIEW: RSStrategyBacktester.calculate_rs_score() takes 4 positional arguments but 7 were given
2025-10-06 23:08:02,704 - rs_live_signal_generator - WARNING - Error calculating RS score for LAURUSLABS: RSStrategyBacktester.calculate_rs_score() takes 4 positional arguments but 7 were given
2025-10-06 23:08:02,709 - rs_live_signal_generator - WARNING - Error calculating RS score for LEMONTREE: RSStrategyBacktester.calculate_rs_score() takes 4 positional arguments but 7 were given
2025-10-06 23:08:02,710 - rs_live_signal_generator - WARNING - Error calculating RS score for LICHSGFIN: RSStrategyBacktester.calculate_rs_score() takes 4 positional arguments but 7 were given
2025-10-06 23:08:02,712 - rs_live_signal_generator - WARNING - Error calculating RS score for LICI: RSStrategyBacktester.calculate_rs_score() takes 4 positional arguments but 7 were given
2025-10-06 23:08:02,712 - rs_live_signal_generator - WARNING - Error calculating RS score for LINDEINDIA: RSStrategyBacktester.calculate_rs_score() takes 4 positional arguments but 7 were given
2025-10-06 23:08:02,714 - rs_live_signal_generator - WARNING - Error calculating RS score for LLOYDSME: RSStrategyBacktester.calculate_rs_score() takes 4 positional arguments but 7 were given
2025-10-06 23:08:02,717 - rs_live_signal_generator - WARNING - Error calculating RS score for LODHA: RSStrategyBacktester.calculate_rs_score() takes 4 positional arguments but 7 were given
2025-10-06 23:08:02,720 - rs_live_signal_generator - WARNING - Error calculating RS score for LT: RSStrategyBacktester.calculate_rs_score() takes 4 positional arguments but 7 were given
2025-10-06 23:08:02,726 - rs_live_signal_generator - WARNING - Error calculating RS score for LTF: RSStrategyBacktester.calculate_rs_score() takes 4 positional arguments but 7 were given
2025-10-06 23:08:02,728 - rs_live_signal_generator - WARNING - Error calculating RS score for LTFOODS: RSStrategyBacktester.calculate_rs_score() takes 4 positional arguments but 7 were given
2025-10-06 23:08:02,728 - rs_live_signal_generator - WARNING - Error calculating RS score for LTIM: RSStrategyBacktester.calculate_rs_score() takes 4 positional arguments but 7 were given
2025-10-06 23:08:02,729 - rs_live_signal_generator - WARNING - Error calculating RS score for LTTS: RSStrategyBacktester.calculate_rs_score() takes 4 positional arguments but 7 were given
2025-10-06 23:08:02,731 - rs_live_signal_generator - WARNING - Error calculating RS score for LUPIN: RSStrategyBacktester.calculate_rs_score() takes 4 positional arguments but 7 were given
2025-10-06 23:08:02,734 - rs_live_signal_generator - WARNING - Error calculating RS score for M&M: RSStrategyBacktester.calculate_rs_score() takes 4 positional arguments but 7 were given
2025-10-06 23:08:02,738 - rs_live_signal_generator - WARNING - Error calculating RS score for M&MFIN: RSStrategyBacktester.calculate_rs_score() takes 4 positional arguments but 7 were given
2025-10-06 23:08:02,742 - rs_live_signal_generator - WARNING - Error calculating RS score for MAHABANK: RSStrategyBacktester.calculate_rs_score() takes 4 positional arguments but 7 were given
2025-10-06 23:08:02,744 - rs_live_signal_generator - WARNING - Error calculating RS score for MAHSEAMLES: RSStrategyBacktester.calculate_rs_score() takes 4 positional arguments but 7 were given
2025-10-06 23:08:02,745 - rs_live_signal_generator - WARNING - Error calculating RS score for MANAPPURAM: RSStrategyBacktester.calculate_rs_score() takes 4 positional arguments but 7 were given
2025-10-06 23:08:02,747 - rs_live_signal_generator - WARNING - Error calculating RS score for MANKIND: RSStrategyBacktester.calculate_rs_score() takes 4 positional arguments but 7 were given
2025-10-06 23:08:02,750 - rs_live_signal_generator - WARNING - Error calculating RS score for MANYAVAR: RSStrategyBacktester.calculate_rs_score() takes 4 positional arguments but 7 were given
2025-10-06 23:08:02,754 - rs_live_signal_generator - WARNING - Error calculating RS score for MAPMYINDIA: RSStrategyBacktester.calculate_rs_score() takes 4 positional arguments but 7 were given
2025-10-06 23:08:02,755 - rs_live_signal_generator - WARNING - Error calculating RS score for MARICO: RSStrategyBacktester.calculate_rs_score() takes 4 positional arguments but 7 were given
2025-10-06 23:08:02,760 - rs_live_signal_generator - WARNING - Error calculating RS score for MARUTI: RSStrategyBacktester.calculate_rs_score() takes 4 positional arguments but 7 were given
2025-10-06 23:08:02,762 - rs_live_signal_generator - WARNING - Error calculating RS score for MASTEK: RSStrategyBacktester.calculate_rs_score() takes 4 positional arguments but 7 were given
2025-10-06 23:08:02,762 - rs_live_signal_generator - WARNING - Error calculating RS score for MAXHEALTH: RSStrategyBacktester.calculate_rs_score() takes 4 positional arguments but 7 were given
2025-10-06 23:08:02,764 - rs_live_signal_generator - WARNING - Error calculating RS score for MAZDOCK: RSStrategyBacktester.calculate_rs_score() takes 4 positional arguments but 7 were given
2025-10-06 23:08:02,767 - rs_live_signal_generator - WARNING - Error calculating RS score for MCX: RSStrategyBacktester.calculate_rs_score() takes 4 positional arguments but 7 were given
2025-10-06 23:08:02,770 - rs_live_signal_generator - WARNING - Error calculating RS score for MEDANTA: RSStrategyBacktester.calculate_rs_score() takes 4 positional arguments but 7 were given
2025-10-06 23:08:02,775 - rs_live_signal_generator - WARNING - Error calculating RS score for METROPOLIS: RSStrategyBacktester.calculate_rs_score() takes 4 positional arguments but 7 were given
2025-10-06 23:08:02,777 - rs_live_signal_generator - WARNING - Error calculating RS score for MFSL: RSStrategyBacktester.calculate_rs_score() takes 4 positional arguments but 7 were given
2025-10-06 23:08:02,778 - rs_live_signal_generator - WARNING - Error calculating RS score for MGL: RSStrategyBacktester.calculate_rs_score() takes 4 positional arguments but 7 were given
2025-10-06 23:08:02,779 - rs_live_signal_generator - WARNING - Error calculating RS score for MINDACORP: RSStrategyBacktester.calculate_rs_score() takes 4 positional arguments but 7 were given
2025-10-06 23:08:02,782 - rs_live_signal_generator - WARNING - Error calculating RS score for MMTC: RSStrategyBacktester.calculate_rs_score() takes 4 positional arguments but 7 were given
2025-10-06 23:08:02,785 - rs_live_signal_generator - WARNING - Error calculating RS score for MOTHERSON: RSStrategyBacktester.calculate_rs_score() takes 4 positional arguments but 7 were given
2025-10-06 23:08:02,787 - rs_live_signal_generator - WARNING - Error calculating RS score for MOTILALOFS: RSStrategyBacktester.calculate_rs_score() takes 4 positional arguments but 7 were given
2025-10-06 23:08:02,788 - rs_live_signal_generator - WARNING - Error calculating RS score for MPHASIS: RSStrategyBacktester.calculate_rs_score() takes 4 positional arguments but 7 were given
2025-10-06 23:08:02,790 - rs_live_signal_generator - WARNING - Error calculating RS score for MRF: RSStrategyBacktester.calculate_rs_score() takes 4 positional arguments but 7 were given
2025-10-06 23:08:02,794 - rs_live_signal_generator - WARNING - Error calculating RS score for MRPL: RSStrategyBacktester.calculate_rs_score() takes 4 positional arguments but 7 were given
2025-10-06 23:08:02,795 - rs_live_signal_generator - WARNING - Error calculating RS score for MSUMI: RSStrategyBacktester.calculate_rs_score() takes 4 positional arguments but 7 were given
2025-10-06 23:08:02,796 - rs_live_signal_generator - WARNING - Error calculating RS score for MUTHOOTFIN: RSStrategyBacktester.calculate_rs_score() takes 4 positional arguments but 7 were given
2025-10-06 23:08:02,797 - rs_live_signal_generator - WARNING - Error calculating RS score for NAM-INDIA: RSStrategyBacktester.calculate_rs_score() takes 4 positional arguments but 7 were given
2025-10-06 23:08:02,800 - rs_live_signal_generator - WARNING - Error calculating RS score for NATCOPHARM: RSStrategyBacktester.calculate_rs_score() takes 4 positional arguments but 7 were given
2025-10-06 23:08:02,803 - rs_live_signal_generator - WARNING - Error calculating RS score for NATIONALUM: RSStrategyBacktester.calculate_rs_score() takes 4 positional arguments but 7 were given
2025-10-06 23:08:02,804 - rs_live_signal_generator - WARNING - Error calculating RS score for NAUKRI: RSStrategyBacktester.calculate_rs_score() takes 4 positional arguments but 7 were given
2025-10-06 23:08:02,808 - rs_live_signal_generator - WARNING - Error calculating RS score for NAVA: RSStrategyBacktester.calculate_rs_score() takes 4 positional arguments but 7 were given
2025-10-06 23:08:02,810 - rs_live_signal_generator - WARNING - Error calculating RS score for NAVINFLUOR: RSStrategyBacktester.calculate_rs_score() takes 4 positional arguments but 7 were given
2025-10-06 23:08:02,811 - rs_live_signal_generator - WARNING - Error calculating RS score for NBCC: RSStrategyBacktester.calculate_rs_score() takes 4 positional arguments but 7 were given
2025-10-06 23:08:02,812 - rs_live_signal_generator - WARNING - Error calculating RS score for NCC: RSStrategyBacktester.calculate_rs_score() takes 4 positional arguments but 7 were given
2025-10-06 23:08:02,814 - rs_live_signal_generator - WARNING - Error calculating RS score for NESTLEIND: RSStrategyBacktester.calculate_rs_score() takes 4 positional arguments but 7 were given
2025-10-06 23:08:02,817 - rs_live_signal_generator - WARNING - Error calculating RS score for NETWEB: RSStrategyBacktester.calculate_rs_score() takes 4 positional arguments but 7 were given
2025-10-06 23:08:02,820 - rs_live_signal_generator - WARNING - Error calculating RS score for NETWORK18: RSStrategyBacktester.calculate_rs_score() takes 4 positional arguments but 7 were given
2025-10-06 23:08:02,822 - rs_live_signal_generator - WARNING - Error calculating RS score for NEULANDLAB: RSStrategyBacktester.calculate_rs_score() takes 4 positional arguments but 7 were given
2025-10-06 23:08:02,826 - rs_live_signal_generator - WARNING - Error calculating RS score for NEWGEN: RSStrategyBacktester.calculate_rs_score() takes 4 positional arguments but 7 were given
2025-10-06 23:08:02,828 - rs_live_signal_generator - WARNING - Error calculating RS score for NH: RSStrategyBacktester.calculate_rs_score() takes 4 positional arguments but 7 were given
2025-10-06 23:08:02,829 - rs_live_signal_generator - WARNING - Error calculating RS score for NHPC: RSStrategyBacktester.calculate_rs_score() takes 4 positional arguments but 7 were given
2025-10-06 23:08:02,834 - rs_live_signal_generator - WARNING - Error calculating RS score for NIACL: RSStrategyBacktester.calculate_rs_score() takes 4 positional arguments but 7 were given
2025-10-06 23:08:02,839 - rs_live_signal_generator - WARNING - Error calculating RS score for NIVABUPA: RSStrategyBacktester.calculate_rs_score() takes 4 positional arguments but 7 were given
2025-10-06 23:08:02,845 - rs_live_signal_generator - WARNING - Error calculating RS score for NLCINDIA: RSStrategyBacktester.calculate_rs_score() takes 4 positional arguments but 7 were given
2025-10-06 23:08:02,847 - rs_live_signal_generator - WARNING - Error calculating RS score for NMDC: RSStrategyBacktester.calculate_rs_score() takes 4 positional arguments but 7 were given
2025-10-06 23:08:02,855 - rs_live_signal_generator - WARNING - Error calculating RS score for NSLNISP: RSStrategyBacktester.calculate_rs_score() takes 4 positional arguments but 7 were given
2025-10-06 23:08:02,861 - rs_live_signal_generator - WARNING - Error calculating RS score for NTPC: RSStrategyBacktester.calculate_rs_score() takes 4 positional arguments but 7 were given
2025-10-06 23:08:02,864 - rs_live_signal_generator - WARNING - Error calculating RS score for NTPCGREEN: RSStrategyBacktester.calculate_rs_score() takes 4 positional arguments but 7 were given
2025-10-06 23:08:02,868 - rs_live_signal_generator - WARNING - Error calculating RS score for NUVAMA: RSStrategyBacktester.calculate_rs_score() takes 4 positional arguments but 7 were given
2025-10-06 23:08:02,872 - rs_live_signal_generator - WARNING - Error calculating RS score for NYKAA: RSStrategyBacktester.calculate_rs_score() takes 4 positional arguments but 7 were given
2025-10-06 23:08:02,877 - rs_live_signal_generator - WARNING - Error calculating RS score for OBEROIRLTY: RSStrategyBacktester.calculate_rs_score() takes 4 positional arguments but 7 were given
2025-10-06 23:08:02,879 - rs_live_signal_generator - WARNING - Error calculating RS score for OFSS: RSStrategyBacktester.calculate_rs_score() takes 4 positional arguments but 7 were given
2025-10-06 23:08:02,880 - rs_live_signal_generator - WARNING - Error calculating RS score for OIL: RSStrategyBacktester.calculate_rs_score() takes 4 positional arguments but 7 were given
2025-10-06 23:08:02,883 - rs_live_signal_generator - WARNING - Error calculating RS score for OLAELEC: RSStrategyBacktester.calculate_rs_score() takes 4 positional arguments but 7 were given
2025-10-06 23:08:02,886 - rs_live_signal_generator - WARNING - Error calculating RS score for OLECTRA: RSStrategyBacktester.calculate_rs_score() takes 4 positional arguments but 7 were given
2025-10-06 23:08:02,887 - rs_live_signal_generator - WARNING - Error calculating RS score for ONGC: RSStrategyBacktester.calculate_rs_score() takes 4 positional arguments but 7 were given
2025-10-06 23:08:02,888 - rs_live_signal_generator - WARNING - Error calculating RS score for PAGEIND: RSStrategyBacktester.calculate_rs_score() takes 4 positional arguments but 7 were given
2025-10-06 23:08:02,893 - rs_live_signal_generator - WARNING - Error calculating RS score for PATANJALI: RSStrategyBacktester.calculate_rs_score() takes 4 positional arguments but 7 were given
2025-10-06 23:08:02,894 - rs_live_signal_generator - WARNING - Error calculating RS score for PAYTM: RSStrategyBacktester.calculate_rs_score() takes 4 positional arguments but 7 were given
2025-10-06 23:08:02,895 - rs_live_signal_generator - WARNING - Error calculating RS score for PCBL: RSStrategyBacktester.calculate_rs_score() takes 4 positional arguments but 7 were given
2025-10-06 23:08:02,896 - rs_live_signal_generator - WARNING - Error calculating RS score for PEL: RSStrategyBacktester.calculate_rs_score() takes 4 positional arguments but 7 were given
2025-10-06 23:08:02,900 - rs_live_signal_generator - WARNING - Error calculating RS score for PERSISTENT: RSStrategyBacktester.calculate_rs_score() takes 4 positional arguments but 7 were given
2025-10-06 23:08:02,902 - rs_live_signal_generator - WARNING - Error calculating RS score for PETRONET: RSStrategyBacktester.calculate_rs_score() takes 4 positional arguments but 7 were given
2025-10-06 23:08:02,904 - rs_live_signal_generator - WARNING - Error calculating RS score for PFC: RSStrategyBacktester.calculate_rs_score() takes 4 positional arguments but 7 were given
2025-10-06 23:08:02,910 - rs_live_signal_generator - WARNING - Error calculating RS score for PFIZER: RSStrategyBacktester.calculate_rs_score() takes 4 positional arguments but 7 were given
2025-10-06 23:08:02,911 - rs_live_signal_generator - WARNING - Error calculating RS score for PGEL: RSStrategyBacktester.calculate_rs_score() takes 4 positional arguments but 7 were given
2025-10-06 23:08:02,912 - rs_live_signal_generator - WARNING - Error calculating RS score for PHOENIXLTD: RSStrategyBacktester.calculate_rs_score() takes 4 positional arguments but 7 were given
2025-10-06 23:08:02,913 - rs_live_signal_generator - WARNING - Error calculating RS score for PIDILITIND: RSStrategyBacktester.calculate_rs_score() takes 4 positional arguments but 7 were given
2025-10-06 23:08:02,914 - rs_live_signal_generator - WARNING - Error calculating RS score for PIIND: RSStrategyBacktester.calculate_rs_score() takes 4 positional arguments but 7 were given
2025-10-06 23:08:02,918 - rs_live_signal_generator - WARNING - Error calculating RS score for PNB: RSStrategyBacktester.calculate_rs_score() takes 4 positional arguments but 7 were given
2025-10-06 23:08:02,920 - rs_live_signal_generator - WARNING - Error calculating RS score for PNBHOUSING: RSStrategyBacktester.calculate_rs_score() takes 4 positional arguments but 7 were given
2025-10-06 23:08:02,922 - rs_live_signal_generator - WARNING - Error calculating RS score for PNCINFRA: RSStrategyBacktester.calculate_rs_score() takes 4 positional arguments but 7 were given
2025-10-06 23:08:02,926 - rs_live_signal_generator - WARNING - Error calculating RS score for POLICYBZR: RSStrategyBacktester.calculate_rs_score() takes 4 positional arguments but 7 were given
2025-10-06 23:08:02,927 - rs_live_signal_generator - WARNING - Error calculating RS score for POLYCAB: RSStrategyBacktester.calculate_rs_score() takes 4 positional arguments but 7 were given
2025-10-06 23:08:02,928 - rs_live_signal_generator - WARNING - Error calculating RS score for POLYMED: RSStrategyBacktester.calculate_rs_score() takes 4 positional arguments but 7 were given
2025-10-06 23:08:02,929 - rs_live_signal_generator - WARNING - Error calculating RS score for POONAWALLA: RSStrategyBacktester.calculate_rs_score() takes 4 positional arguments but 7 were given
2025-10-06 23:08:02,930 - rs_live_signal_generator - WARNING - Error calculating RS score for POWERGRID: RSStrategyBacktester.calculate_rs_score() takes 4 positional arguments but 7 were given
2025-10-06 23:08:02,933 - rs_live_signal_generator - WARNING - Error calculating RS score for POWERINDIA: RSStrategyBacktester.calculate_rs_score() takes 4 positional arguments but 7 were given
2025-10-06 23:08:02,936 - rs_live_signal_generator - WARNING - Error calculating RS score for PPLPHARMA: RSStrategyBacktester.calculate_rs_score() takes 4 positional arguments but 7 were given
2025-10-06 23:08:02,937 - rs_live_signal_generator - WARNING - Error calculating RS score for PRAJIND: RSStrategyBacktester.calculate_rs_score() takes 4 positional arguments but 7 were given
2025-10-06 23:08:02,941 - rs_live_signal_generator - WARNING - Error calculating RS score for PREMIERENE: RSStrategyBacktester.calculate_rs_score() takes 4 positional arguments but 7 were given
2025-10-06 23:08:02,944 - rs_live_signal_generator - WARNING - Error calculating RS score for PRESTIGE: RSStrategyBacktester.calculate_rs_score() takes 4 positional arguments but 7 were given
2025-10-06 23:08:02,945 - rs_live_signal_generator - WARNING - Error calculating RS score for PTCIL: RSStrategyBacktester.calculate_rs_score() takes 4 positional arguments but 7 were given
2025-10-06 23:08:02,946 - rs_live_signal_generator - WARNING - Error calculating RS score for PVRINOX: RSStrategyBacktester.calculate_rs_score() takes 4 positional arguments but 7 were given
2025-10-06 23:08:02,947 - rs_live_signal_generator - WARNING - Error calculating RS score for RADICO: RSStrategyBacktester.calculate_rs_score() takes 4 positional arguments but 7 were given
2025-10-06 23:08:02,952 - rs_live_signal_generator - WARNING - Error calculating RS score for RAILTEL: RSStrategyBacktester.calculate_rs_score() takes 4 positional arguments but 7 were given
2025-10-06 23:08:02,953 - rs_live_signal_generator - WARNING - Error calculating RS score for RAINBOW: RSStrategyBacktester.calculate_rs_score() takes 4 positional arguments but 7 were given
2025-10-06 23:08:02,954 - rs_live_signal_generator - WARNING - Error calculating RS score for RAMCOCEM: RSStrategyBacktester.calculate_rs_score() takes 4 positional arguments but 7 were given
2025-10-06 23:08:02,956 - rs_live_signal_generator - WARNING - Error calculating RS score for RAYMOND: RSStrategyBacktester.calculate_rs_score() takes 4 positional arguments but 7 were given
2025-10-06 23:08:02,960 - rs_live_signal_generator - WARNING - Error calculating RS score for RAYMONDLSL: RSStrategyBacktester.calculate_rs_score() takes 4 positional arguments but 7 were given
2025-10-06 23:08:02,961 - rs_live_signal_generator - WARNING - Error calculating RS score for RBLBANK: RSStrategyBacktester.calculate_rs_score() takes 4 positional arguments but 7 were given
2025-10-06 23:08:02,962 - rs_live_signal_generator - WARNING - Error calculating RS score for RCF: RSStrategyBacktester.calculate_rs_score() takes 4 positional arguments but 7 were given
2025-10-06 23:08:02,963 - rs_live_signal_generator - WARNING - Error calculating RS score for RECLTD: RSStrategyBacktester.calculate_rs_score() takes 4 positional arguments but 7 were given
2025-10-06 23:08:02,964 - rs_live_signal_generator - WARNING - Error calculating RS score for REDINGTON: RSStrategyBacktester.calculate_rs_score() takes 4 positional arguments but 7 were given
2025-10-06 23:08:02,968 - rs_live_signal_generator - WARNING - Error calculating RS score for RELIANCE: RSStrategyBacktester.calculate_rs_score() takes 4 positional arguments but 7 were given
2025-10-06 23:08:02,970 - rs_live_signal_generator - WARNING - Error calculating RS score for RENUKA: RSStrategyBacktester.calculate_rs_score() takes 4 positional arguments but 7 were given
2025-10-06 23:08:02,972 - rs_live_signal_generator - WARNING - Error calculating RS score for RHIM: RSStrategyBacktester.calculate_rs_score() takes 4 positional arguments but 7 were given
2025-10-06 23:08:02,976 - rs_live_signal_generator - WARNING - Error calculating RS score for RITES: RSStrategyBacktester.calculate_rs_score() takes 4 positional arguments but 7 were given
2025-10-06 23:08:02,977 - rs_live_signal_generator - WARNING - Error calculating RS score for RKFORGE: RSStrategyBacktester.calculate_rs_score() takes 4 positional arguments but 7 were given
2025-10-06 23:08:02,978 - rs_live_signal_generator - WARNING - Error calculating RS score for ROUTE: RSStrategyBacktester.calculate_rs_score() takes 4 positional arguments but 7 were given
2025-10-06 23:08:02,979 - rs_live_signal_generator - WARNING - Error calculating RS score for RPOWER: RSStrategyBacktester.calculate_rs_score() takes 4 positional arguments but 7 were given
2025-10-06 23:08:02,981 - rs_live_signal_generator - WARNING - Error calculating RS score for RRKABEL: RSStrategyBacktester.calculate_rs_score() takes 4 positional arguments but 7 were given
2025-10-06 23:08:02,985 - rs_live_signal_generator - WARNING - Error calculating RS score for RTNINDIA: RSStrategyBacktester.calculate_rs_score() takes 4 positional arguments but 7 were given
2025-10-06 23:08:02,986 - rs_live_signal_generator - WARNING - Error calculating RS score for RVNL: RSStrategyBacktester.calculate_rs_score() takes 4 positional arguments but 7 were given
2025-10-06 23:08:02,987 - rs_live_signal_generator - WARNING - Error calculating RS score for SAGILITY: RSStrategyBacktester.calculate_rs_score() takes 4 positional arguments but 7 were given
2025-10-06 23:08:02,993 - rs_live_signal_generator - WARNING - Error calculating RS score for SAIL: RSStrategyBacktester.calculate_rs_score() takes 4 positional arguments but 7 were given
2025-10-06 23:08:02,994 - rs_live_signal_generator - WARNING - Error calculating RS score for SAILIFE: RSStrategyBacktester.calculate_rs_score() takes 4 positional arguments but 7 were given
2025-10-06 23:08:02,995 - rs_live_signal_generator - WARNING - Error calculating RS score for SAMMAANCAP: RSStrategyBacktester.calculate_rs_score() takes 4 positional arguments but 7 were given
2025-10-06 23:08:02,996 - rs_live_signal_generator - WARNING - Error calculating RS score for SAPPHIRE: RSStrategyBacktester.calculate_rs_score() takes 4 positional arguments but 7 were given
2025-10-06 23:08:02,998 - rs_live_signal_generator - WARNING - Error calculating RS score for SARDAEN: RSStrategyBacktester.calculate_rs_score() takes 4 positional arguments but 7 were given
2025-10-06 23:08:03,002 - rs_live_signal_generator - WARNING - Error calculating RS score for SAREGAMA: RSStrategyBacktester.calculate_rs_score() takes 4 positional arguments but 7 were given
2025-10-06 23:08:03,003 - rs_live_signal_generator - WARNING - Error calculating RS score for SBFC: RSStrategyBacktester.calculate_rs_score() takes 4 positional arguments but 7 were given
2025-10-06 23:08:03,004 - rs_live_signal_generator - WARNING - Error calculating RS score for SBICARD: RSStrategyBacktester.calculate_rs_score() takes 4 positional arguments but 7 were given
2025-10-06 23:08:03,009 - rs_live_signal_generator - WARNING - Error calculating RS score for SBILIFE: RSStrategyBacktester.calculate_rs_score() takes 4 positional arguments but 7 were given
2025-10-06 23:08:03,010 - rs_live_signal_generator - WARNING - Error calculating RS score for SBIN: RSStrategyBacktester.calculate_rs_score() takes 4 positional arguments but 7 were given
2025-10-06 23:08:03,011 - rs_live_signal_generator - WARNING - Error calculating RS score for SCHAEFFLER: RSStrategyBacktester.calculate_rs_score() takes 4 positional arguments but 7 were given
2025-10-06 23:08:03,012 - rs_live_signal_generator - WARNING - Error calculating RS score for SCHNEIDER: RSStrategyBacktester.calculate_rs_score() takes 4 positional arguments but 7 were given
2025-10-06 23:08:03,014 - rs_live_signal_generator - WARNING - Error calculating RS score for SCI: RSStrategyBacktester.calculate_rs_score() takes 4 positional arguments but 7 were given
2025-10-06 23:08:03,017 - rs_live_signal_generator - WARNING - Error calculating RS score for SHREECEM: RSStrategyBacktester.calculate_rs_score() takes 4 positional arguments but 7 were given
2025-10-06 23:08:03,020 - rs_live_signal_generator - WARNING - Error calculating RS score for SHRIRAMFIN: RSStrategyBacktester.calculate_rs_score() takes 4 positional arguments but 7 were given
2025-10-06 23:08:03,021 - rs_live_signal_generator - WARNING - Error calculating RS score for SHYAMMETL: RSStrategyBacktester.calculate_rs_score() takes 4 positional arguments but 7 were given
2025-10-06 23:08:03,025 - rs_live_signal_generator - WARNING - Error calculating RS score for SIEMENS: RSStrategyBacktester.calculate_rs_score() takes 4 positional arguments but 7 were given
2025-10-06 23:08:03,027 - rs_live_signal_generator - WARNING - Error calculating RS score for SIGNATURE: RSStrategyBacktester.calculate_rs_score() takes 4 positional arguments but 7 were given
2025-10-06 23:08:03,028 - rs_live_signal_generator - WARNING - Error calculating RS score for SJVN: RSStrategyBacktester.calculate_rs_score() takes 4 positional arguments but 7 were given
2025-10-06 23:08:03,029 - rs_live_signal_generator - WARNING - Error calculating RS score for SKFINDIA: RSStrategyBacktester.calculate_rs_score() takes 4 positional arguments but 7 were given
2025-10-06 23:08:03,030 - rs_live_signal_generator - WARNING - Error calculating RS score for SOBHA: RSStrategyBacktester.calculate_rs_score() takes 4 positional arguments but 7 were given
2025-10-06 23:08:03,034 - rs_live_signal_generator - WARNING - Error calculating RS score for SOLARINDS: RSStrategyBacktester.calculate_rs_score() takes 4 positional arguments but 7 were given
2025-10-06 23:08:03,112 - rs_live_signal_generator - WARNING - Error calculating RS score for SONACOMS: RSStrategyBacktester.calculate_rs_score() takes 4 positional arguments but 7 were given
2025-10-06 23:08:03,147 - rs_live_signal_generator - WARNING - Error calculating RS score for SONATSOFTW: RSStrategyBacktester.calculate_rs_score() takes 4 positional arguments but 7 were given
2025-10-06 23:08:03,201 - rs_live_signal_generator - WARNING - Error calculating RS score for SRF: RSStrategyBacktester.calculate_rs_score() takes 4 positional arguments but 7 were given
2025-10-06 23:08:03,217 - rs_live_signal_generator - WARNING - Error calculating RS score for STARHEALTH: RSStrategyBacktester.calculate_rs_score() takes 4 positional arguments but 7 were given
2025-10-06 23:08:03,219 - rs_live_signal_generator - WARNING - Error calculating RS score for SUMICHEM: RSStrategyBacktester.calculate_rs_score() takes 4 positional arguments but 7 were given
2025-10-06 23:08:03,238 - rs_live_signal_generator - WARNING - Error calculating RS score for SUNDARMFIN: RSStrategyBacktester.calculate_rs_score() takes 4 positional arguments but 7 were given
2025-10-06 23:08:03,240 - rs_live_signal_generator - WARNING - Error calculating RS score for SUNDRMFAST: RSStrategyBacktester.calculate_rs_score() takes 4 positional arguments but 7 were given
2025-10-06 23:08:03,241 - rs_live_signal_generator - WARNING - Error calculating RS score for SUNPHARMA: RSStrategyBacktester.calculate_rs_score() takes 4 positional arguments but 7 were given
2025-10-06 23:08:03,245 - rs_live_signal_generator - WARNING - Error calculating RS score for SUNTV: RSStrategyBacktester.calculate_rs_score() takes 4 positional arguments but 7 were given
2025-10-06 23:08:03,249 - rs_live_signal_generator - WARNING - Error calculating RS score for SUPREMEIND: RSStrategyBacktester.calculate_rs_score() takes 4 positional arguments but 7 were given
2025-10-06 23:08:03,250 - rs_live_signal_generator - WARNING - Error calculating RS score for SUZLON: RSStrategyBacktester.calculate_rs_score() takes 4 positional arguments but 7 were given
2025-10-06 23:08:03,251 - rs_live_signal_generator - WARNING - Error calculating RS score for SWANCORP: RSStrategyBacktester.calculate_rs_score() takes 4 positional arguments but 7 were given
2025-10-06 23:08:03,252 - rs_live_signal_generator - WARNING - Error calculating RS score for SWIGGY: RSStrategyBacktester.calculate_rs_score() takes 4 positional arguments but 7 were given
2025-10-06 23:08:03,252 - rs_live_signal_generator - WARNING - Error calculating RS score for SWSOLAR: RSStrategyBacktester.calculate_rs_score() takes 4 positional arguments but 7 were given
2025-10-06 23:08:03,254 - rs_live_signal_generator - WARNING - Error calculating RS score for SYNGENE: RSStrategyBacktester.calculate_rs_score() takes 4 positional arguments but 7 were given
2025-10-06 23:08:03,255 - rs_live_signal_generator - WARNING - Error calculating RS score for SYRMA: RSStrategyBacktester.calculate_rs_score() takes 4 positional arguments but 7 were given
2025-10-06 23:08:03,256 - rs_live_signal_generator - WARNING - Error calculating RS score for TANLA: RSStrategyBacktester.calculate_rs_score() takes 4 positional arguments but 7 were given
2025-10-06 23:08:03,257 - rs_live_signal_generator - WARNING - Error calculating RS score for TARIL: RSStrategyBacktester.calculate_rs_score() takes 4 positional arguments but 7 were given
2025-10-06 23:08:03,258 - rs_live_signal_generator - WARNING - Error calculating RS score for TATACHEM: RSStrategyBacktester.calculate_rs_score() takes 4 positional arguments but 7 were given
2025-10-06 23:08:03,260 - rs_live_signal_generator - WARNING - Error calculating RS score for TATACOMM: RSStrategyBacktester.calculate_rs_score() takes 4 positional arguments but 7 were given
2025-10-06 23:08:03,263 - rs_live_signal_generator - WARNING - Error calculating RS score for TATACONSUM: RSStrategyBacktester.calculate_rs_score() takes 4 positional arguments but 7 were given
2025-10-06 23:08:03,294 - rs_live_signal_generator - WARNING - Error calculating RS score for TATAELXSI: RSStrategyBacktester.calculate_rs_score() takes 4 positional arguments but 7 were given
2025-10-06 23:08:03,306 - rs_live_signal_generator - WARNING - Error calculating RS score for TATAINVEST: RSStrategyBacktester.calculate_rs_score() takes 4 positional arguments but 7 were given
2025-10-06 23:08:03,309 - rs_live_signal_generator - WARNING - Error calculating RS score for TATAMOTORS: RSStrategyBacktester.calculate_rs_score() takes 4 positional arguments but 7 were given
2025-10-06 23:08:03,311 - rs_live_signal_generator - WARNING - Error calculating RS score for TATAPOWER: RSStrategyBacktester.calculate_rs_score() takes 4 positional arguments but 7 were given
2025-10-06 23:08:03,312 - rs_live_signal_generator - WARNING - Error calculating RS score for TATASTEEL: RSStrategyBacktester.calculate_rs_score() takes 4 positional arguments but 7 were given
2025-10-06 23:08:03,319 - rs_live_signal_generator - WARNING - Error calculating RS score for TATATECH: RSStrategyBacktester.calculate_rs_score() takes 4 positional arguments but 7 were given
2025-10-06 23:08:03,323 - rs_live_signal_generator - WARNING - Error calculating RS score for TBOTEK: RSStrategyBacktester.calculate_rs_score() takes 4 positional arguments but 7 were given
2025-10-06 23:08:03,325 - rs_live_signal_generator - WARNING - Error calculating RS score for TCS: RSStrategyBacktester.calculate_rs_score() takes 4 positional arguments but 7 were given
2025-10-06 23:08:03,326 - rs_live_signal_generator - WARNING - Error calculating RS score for TECHM: RSStrategyBacktester.calculate_rs_score() takes 4 positional arguments but 7 were given
2025-10-06 23:08:03,327 - rs_live_signal_generator - WARNING - Error calculating RS score for TECHNOE: RSStrategyBacktester.calculate_rs_score() takes 4 positional arguments but 7 were given
2025-10-06 23:08:03,328 - rs_live_signal_generator - WARNING - Error calculating RS score for TEJASNET: RSStrategyBacktester.calculate_rs_score() takes 4 positional arguments but 7 were given
2025-10-06 23:08:03,329 - rs_live_signal_generator - WARNING - Error calculating RS score for THERMAX: RSStrategyBacktester.calculate_rs_score() takes 4 positional arguments but 7 were given
2025-10-06 23:08:03,335 - rs_live_signal_generator - WARNING - Error calculating RS score for TIINDIA: RSStrategyBacktester.calculate_rs_score() takes 4 positional arguments but 7 were given
2025-10-06 23:08:03,340 - rs_live_signal_generator - WARNING - Error calculating RS score for TIMKEN: RSStrategyBacktester.calculate_rs_score() takes 4 positional arguments but 7 were given
2025-10-06 23:08:03,342 - rs_live_signal_generator - WARNING - Error calculating RS score for TITAGARH: RSStrategyBacktester.calculate_rs_score() takes 4 positional arguments but 7 were given
2025-10-06 23:08:03,342 - rs_live_signal_generator - WARNING - Error calculating RS score for TITAN: RSStrategyBacktester.calculate_rs_score() takes 4 positional arguments but 7 were given
2025-10-06 23:08:03,343 - rs_live_signal_generator - WARNING - Error calculating RS score for TORNTPHARM: RSStrategyBacktester.calculate_rs_score() takes 4 positional arguments but 7 were given
2025-10-06 23:08:03,344 - rs_live_signal_generator - WARNING - Error calculating RS score for TORNTPOWER: RSStrategyBacktester.calculate_rs_score() takes 4 positional arguments but 7 were given
2025-10-06 23:08:03,347 - rs_live_signal_generator - WARNING - Error calculating RS score for TRENT: RSStrategyBacktester.calculate_rs_score() takes 4 positional arguments but 7 were given
2025-10-06 23:08:03,352 - rs_live_signal_generator - WARNING - Error calculating RS score for TRIDENT: RSStrategyBacktester.calculate_rs_score() takes 4 positional arguments but 7 were given
2025-10-06 23:08:03,356 - rs_live_signal_generator - WARNING - Error calculating RS score for TRITURBINE: RSStrategyBacktester.calculate_rs_score() takes 4 positional arguments but 7 were given
2025-10-06 23:08:03,357 - rs_live_signal_generator - WARNING - Error calculating RS score for TRIVENI: RSStrategyBacktester.calculate_rs_score() takes 4 positional arguments but 7 were given
2025-10-06 23:08:03,358 - rs_live_signal_generator - WARNING - Error calculating RS score for TTML: RSStrategyBacktester.calculate_rs_score() takes 4 positional arguments but 7 were given
2025-10-06 23:08:03,360 - rs_live_signal_generator - WARNING - Error calculating RS score for TVSMOTOR: RSStrategyBacktester.calculate_rs_score() takes 4 positional arguments but 7 were given
2025-10-06 23:08:03,361 - rs_live_signal_generator - WARNING - Error calculating RS score for UBL: RSStrategyBacktester.calculate_rs_score() takes 4 positional arguments but 7 were given
2025-10-06 23:08:03,362 - rs_live_signal_generator - WARNING - Error calculating RS score for UCOBANK: RSStrategyBacktester.calculate_rs_score() takes 4 positional arguments but 7 were given
2025-10-06 23:08:03,368 - rs_live_signal_generator - WARNING - Error calculating RS score for ULTRACEMCO: RSStrategyBacktester.calculate_rs_score() takes 4 positional arguments but 7 were given
2025-10-06 23:08:03,372 - rs_live_signal_generator - WARNING - Error calculating RS score for UNIONBANK: RSStrategyBacktester.calculate_rs_score() takes 4 positional arguments but 7 were given
2025-10-06 23:08:03,373 - rs_live_signal_generator - WARNING - Error calculating RS score for UNITDSPR: RSStrategyBacktester.calculate_rs_score() takes 4 positional arguments but 7 were given
2025-10-06 23:08:03,374 - rs_live_signal_generator - WARNING - Error calculating RS score for UNOMINDA: RSStrategyBacktester.calculate_rs_score() takes 4 positional arguments but 7 were given
2025-10-06 23:08:03,376 - rs_live_signal_generator - WARNING - Error calculating RS score for UPL: RSStrategyBacktester.calculate_rs_score() takes 4 positional arguments but 7 were given
2025-10-06 23:08:03,377 - rs_live_signal_generator - WARNING - Error calculating RS score for USHAMART: RSStrategyBacktester.calculate_rs_score() takes 4 positional arguments but 7 were given
2025-10-06 23:08:03,377 - rs_live_signal_generator - WARNING - Error calculating RS score for UTIAMC: RSStrategyBacktester.calculate_rs_score() takes 4 positional arguments but 7 were given
2025-10-06 23:08:03,378 - rs_live_signal_generator - WARNING - Error calculating RS score for VBL: RSStrategyBacktester.calculate_rs_score() takes 4 positional arguments but 7 were given
2025-10-06 23:08:03,379 - rs_live_signal_generator - WARNING - Error calculating RS score for VEDL: RSStrategyBacktester.calculate_rs_score() takes 4 positional arguments but 7 were given
2025-10-06 23:08:03,389 - rs_live_signal_generator - WARNING - Error calculating RS score for VGUARD: RSStrategyBacktester.calculate_rs_score() takes 4 positional arguments but 7 were given
2025-10-06 23:08:03,390 - rs_live_signal_generator - WARNING - Error calculating RS score for VIJAYA: RSStrategyBacktester.calculate_rs_score() takes 4 positional arguments but 7 were given
2025-10-06 23:08:03,392 - rs_live_signal_generator - WARNING - Error calculating RS score for VMM: RSStrategyBacktester.calculate_rs_score() takes 4 positional arguments but 7 were given
2025-10-06 23:08:03,393 - rs_live_signal_generator - WARNING - Error calculating RS score for VOLTAS: RSStrategyBacktester.calculate_rs_score() takes 4 positional arguments but 7 were given
2025-10-06 23:08:03,393 - rs_live_signal_generator - WARNING - Error calculating RS score for VTL: RSStrategyBacktester.calculate_rs_score() takes 4 positional arguments but 7 were given
2025-10-06 23:08:03,394 - rs_live_signal_generator - WARNING - Error calculating RS score for WAAREEENER: RSStrategyBacktester.calculate_rs_score() takes 4 positional arguments but 7 were given
2025-10-06 23:08:03,396 - rs_live_signal_generator - WARNING - Error calculating RS score for WELCORP: RSStrategyBacktester.calculate_rs_score() takes 4 positional arguments but 7 were given
2025-10-06 23:08:03,401 - rs_live_signal_generator - WARNING - Error calculating RS score for WELSPUNLIV: RSStrategyBacktester.calculate_rs_score() takes 4 positional arguments but 7 were given
2025-10-06 23:08:03,406 - rs_live_signal_generator - WARNING - Error calculating RS score for WESTLIFE: RSStrategyBacktester.calculate_rs_score() takes 4 positional arguments but 7 were given
2025-10-06 23:08:03,407 - rs_live_signal_generator - WARNING - Error calculating RS score for WHIRLPOOL: RSStrategyBacktester.calculate_rs_score() takes 4 positional arguments but 7 were given
2025-10-06 23:08:03,408 - rs_live_signal_generator - WARNING - Error calculating RS score for WIPRO: RSStrategyBacktester.calculate_rs_score() takes 4 positional arguments but 7 were given
2025-10-06 23:08:03,409 - rs_live_signal_generator - WARNING - Error calculating RS score for WOCKPHARMA: RSStrategyBacktester.calculate_rs_score() takes 4 positional arguments but 7 were given
2025-10-06 23:08:03,410 - rs_live_signal_generator - WARNING - Error calculating RS score for YESBANK: RSStrategyBacktester.calculate_rs_score() takes 4 positional arguments but 7 were given
2025-10-06 23:08:03,411 - rs_live_signal_generator - WARNING - Error calculating RS score for ZEEL: RSStrategyBacktester.calculate_rs_score() takes 4 positional arguments but 7 were given
2025-10-06 23:08:03,417 - rs_live_signal_generator - WARNING - Error calculating RS score for ZENSARTECH: RSStrategyBacktester.calculate_rs_score() takes 4 positional arguments but 7 were given
2025-10-06 23:08:03,420 - rs_live_signal_generator - WARNING - Error calculating RS score for ZENTEC: RSStrategyBacktester.calculate_rs_score() takes 4 positional arguments but 7 were given
2025-10-06 23:08:03,424 - rs_live_signal_generator - WARNING - Error calculating RS score for ZFCVINDIA: RSStrategyBacktester.calculate_rs_score() takes 4 positional arguments but 7 were given
2025-10-06 23:08:03,425 - rs_live_signal_generator - WARNING - Error calculating RS score for ZYDUSLIFE: RSStrategyBacktester.calculate_rs_score() takes 4 positional arguments but 7 were given
2025-10-06 23:08:03,426 - rs_live_signal_generator - INFO - Saved 0 signals to database
2025-10-06 23:08:03,427 - rs_live_signal_generator - INFO - Successfully generated 0 signals
2025-10-06 23:10:18,425 - rs_live_signal_generator - INFO - RS live signal tables created successfully
2025-10-06 23:10:18,427 - rs_live_signal_generator - INFO - Starting RS signal generation for config 1
2025-10-06 23:10:18,448 - rs_live_signal_generator - INFO - Using configuration: cursor
2025-10-06 23:10:18,448 - rs_live_signal_generator - INFO - Getting stock data from 2024-08-29 to 2025-10-03
2025-10-06 23:10:18,748 - rs_live_signal_generator - INFO - Found 499 stock symbols for signal generation
2025-10-06 23:10:21,693 - rs_live_signal_generator - WARNING - No Nifty 50 index data found
2025-10-06 23:10:21,695 - rs_live_signal_generator - INFO - Successfully loaded data for 499 symbols
2025-10-06 23:10:22,149 - rs_live_signal_generator - INFO - Saved 0 signals to database
2025-10-06 23:10:22,149 - rs_live_signal_generator - INFO - Successfully generated 0 signals
2025-10-06 23:11:31,328 - rs_live_signal_generator - INFO - RS live signal tables created successfully
2025-10-06 23:11:31,329 - rs_live_signal_generator - INFO - Starting RS signal generation for config 1
2025-10-06 23:11:31,354 - rs_live_signal_generator - INFO - Using configuration: cursor
2025-10-06 23:11:31,354 - rs_live_signal_generator - INFO - Getting stock data from 2024-08-29 to 2025-10-03
2025-10-06 23:11:31,693 - rs_live_signal_generator - INFO - Found 499 stock symbols for signal generation
2025-10-06 23:11:34,492 - rs_live_signal_generator - WARNING - No Nifty 50 index data found
2025-10-06 23:11:34,492 - rs_live_signal_generator - INFO - Successfully loaded data for 499 symbols
2025-10-06 23:11:34,662 - rs_live_signal_generator - INFO - Saved 0 signals to database
2025-10-06 23:11:34,662 - rs_live_signal_generator - INFO - Successfully generated 0 signals
2025-10-06 23:12:09,762 - rs_live_signal_generator - INFO - RS live signal tables created successfully
2025-10-06 23:12:09,763 - rs_live_signal_generator - INFO - Starting RS signal generation for config 1
2025-10-06 23:12:09,787 - rs_live_signal_generator - INFO - Using configuration: cursor
2025-10-06 23:12:09,787 - rs_live_signal_generator - INFO - Getting stock data from 2024-08-29 to 2025-10-03
2025-10-06 23:12:10,095 - rs_live_signal_generator - INFO - Found 499 stock symbols for signal generation
2025-10-06 23:12:12,571 - rs_live_signal_generator - INFO - Nifty 50 index data loaded successfully
2025-10-06 23:12:12,573 - rs_live_signal_generator - INFO - Successfully loaded data for 500 symbols
2025-10-06 23:12:13,581 - rs_live_signal_generator - INFO - Saved 2 signals to database
2025-10-06 23:12:13,582 - rs_live_signal_generator - INFO - Successfully generated 2 signals
2025-10-06 23:12:53,398 - rs_live_signal_generator - INFO - RS live signal tables created successfully
2025-10-06 23:16:02,226 - rs_live_signal_generator - INFO - RS live signal tables created successfully
2025-10-06 23:18:45,098 - rs_live_signal_generator - INFO - RS live signal tables created successfully
2025-10-06 23:20:56,123 - rs_live_signal_generator - INFO - RS live signal tables created successfully
2025-10-06 23:32:19,649 - rs_live_signal_generator - INFO - RS live signal tables created successfully
2025-10-06 23:32:37,790 - rs_live_signal_generator - INFO - RS live signal tables created successfully
2025-10-06 23:41:42,268 - rs_live_signal_generator - INFO - RS live signal tables created successfully
2025-10-06 23:43:51,127 - rs_live_signal_generator - INFO - RS live signal tables created successfully
2025-10-06 23:45:12,453 - rs_live_signal_generator - INFO - RS live signal tables created successfully
2025-10-06 23:45:42,987 - rs_live_signal_generator - INFO - RS live signal tables created successfully
2025-10-06 23:48:11,228 - rs_live_signal_generator - INFO - RS live signal tables created successfully
2025-10-06 23:48:55,516 - rs_live_signal_generator - INFO - RS live signal tables created successfully
2025-10-06 23:50:00,025 - rs_live_signal_generator - INFO - Starting RS signal generation for config 1
2025-10-06 23:50:00,049 - rs_live_signal_generator - INFO - Using configuration: cursor
2025-10-06 23:50:00,050 - rs_live_signal_generator - INFO - Getting stock data from 2024-08-29 to 2025-10-03
2025-10-06 23:50:00,267 - rs_live_signal_generator - INFO - Found 499 stock symbols for signal generation
2025-10-06 23:50:01,666 - rs_live_signal_generator - INFO - Nifty 50 index data loaded successfully
2025-10-06 23:50:01,667 - rs_live_signal_generator - INFO - Successfully loaded data for 500 symbols
2025-10-06 23:50:02,226 - rs_live_signal_generator - INFO - Saved 2 signals to database
2025-10-06 23:50:02,226 - rs_live_signal_generator - INFO - Successfully generated 2 signals
2025-10-06 23:51:25,734 - rs_live_signal_generator - INFO - RS live signal tables created successfully
2025-10-07 09:28:52,287 - rs_live_signal_generator - INFO - RS live signal tables created successfully
2025-10-07 09:30:08,742 - rs_live_signal_generator - INFO - RS live signal tables created successfully
2025-10-07 09:51:22,256 - rs_live_signal_generator - INFO - RS live signal tables created successfully
2025-10-07 09:51:22,257 - rs_live_signal_generator - INFO - Starting RS signal generation for config 1
2025-10-07 09:51:22,284 - rs_live_signal_generator - INFO - Using configuration: cursor
2025-10-07 09:51:22,286 - rs_live_signal_generator - INFO - Getting stock data from 2024-08-29 to 2025-10-03
2025-10-07 09:51:23,636 - rs_live_signal_generator - INFO - Found 499 stock symbols for signal generation
2025-10-07 09:51:26,650 - rs_live_signal_generator - INFO - Nifty 50 index data loaded successfully
2025-10-07 09:51:26,651 - rs_live_signal_generator - INFO - Successfully loaded data for 500 symbols
2025-10-07 09:51:27,582 - rs_live_signal_generator - INFO - Saved 2 signals to database
2025-10-07 09:51:27,582 - rs_live_signal_generator - INFO - Successfully generated 2 signals
2025-10-07 10:39:13,871 - rs_live_signal_generator - INFO - RS live signal tables created successfully
2025-10-07 11:47:35,110 - rs_live_signal_generator - INFO - RS live signal tables created successfully
2025-10-07 11:47:35,111 - rs_live_signal_generator - INFO - Starting RS signal generation for config 1
2025-10-07 11:47:35,129 - rs_live_signal_generator - ERROR - Error generating RS signals: (sqlite3.OperationalError) unable to open database file
(Background on this error at: https://sqlalche.me/e/20/e3q8)
2025-10-07 11:48:20,573 - rs_live_signal_generator - INFO - RS live signal tables created successfully
2025-10-07 11:48:20,573 - rs_live_signal_generator - INFO - Starting RS signal generation for config 1
2025-10-07 11:48:20,605 - rs_live_signal_generator - INFO - Using configuration: cursor
2025-10-07 11:48:20,605 - rs_live_signal_generator - INFO - Getting stock data from 2024-08-29 to 2025-10-03
2025-10-07 11:48:22,210 - rs_live_signal_generator - INFO - Found 499 stock symbols for signal generation
2025-10-07 11:48:26,738 - rs_live_signal_generator - INFO - Nifty 50 index data loaded successfully
2025-10-07 11:48:26,740 - rs_live_signal_generator - INFO - Successfully loaded data for 500 symbols
2025-10-07 11:48:26,742 - rs_live_signal_generator - ERROR - Error generating RS signals: 'RSStrategyBacktester' object has no attribute 'index_data'
2025-10-07 11:50:16,391 - rs_live_signal_generator - INFO - RS live signal tables created successfully
2025-10-07 11:50:16,391 - rs_live_signal_generator - INFO - Starting RS signal generation for config 1
2025-10-07 11:50:16,449 - rs_live_signal_generator - INFO - Using configuration: cursor
2025-10-07 11:50:16,449 - rs_live_signal_generator - INFO - Getting stock data from 2024-08-29 to 2025-10-03
2025-10-07 11:50:17,020 - rs_live_signal_generator - INFO - Found 499 stock symbols for signal generation
2025-10-07 11:50:20,888 - rs_live_signal_generator - INFO - Nifty 50 index data loaded successfully
2025-10-07 11:50:20,889 - rs_live_signal_generator - INFO - Successfully loaded data for 500 symbols
2025-10-07 11:50:20,919 - rs_live_signal_generator - INFO - Index data loaded successfully for detailed calculation
2025-10-07 11:50:20,919 - rs_live_signal_generator - ERROR - Error in detailed RS calculation: 'dict' object has no attribute 'index'
2025-10-07 11:50:24,266 - rs_live_signal_generator - INFO - Saved 0 signals to database
2025-10-07 11:50:24,266 - rs_live_signal_generator - INFO - Successfully generated 0 signals
2025-10-07 11:51:21,760 - rs_live_signal_generator - INFO - RS live signal tables created successfully
2025-10-07 11:51:21,761 - rs_live_signal_generator - INFO - Starting RS signal generation for config 1
2025-10-07 11:51:21,872 - rs_live_signal_generator - INFO - Using configuration: cursor
2025-10-07 11:51:21,876 - rs_live_signal_generator - INFO - Getting stock data from 2024-08-29 to 2025-10-03
2025-10-07 11:51:22,831 - rs_live_signal_generator - INFO - Found 499 stock symbols for signal generation
2025-10-07 11:51:30,357 - rs_live_signal_generator - INFO - Nifty 50 index data loaded successfully
2025-10-07 11:51:30,362 - rs_live_signal_generator - INFO - Successfully loaded data for 500 symbols
2025-10-07 11:51:30,384 - rs_live_signal_generator - INFO - Index data loaded successfully for detailed calculation
2025-10-07 11:51:30,385 - rs_live_signal_generator - ERROR - Error in detailed RS calculation: 'charmap' codec can't encode character '\u2705' in position 3: character maps to <undefined>
2025-10-07 11:51:33,656 - rs_live_signal_generator - INFO - Saved 0 signals to database
2025-10-07 11:51:33,657 - rs_live_signal_generator - INFO - Successfully generated 0 signals
2025-10-07 11:52:06,184 - rs_live_signal_generator - INFO - RS live signal tables created successfully
2025-10-07 11:52:06,184 - rs_live_signal_generator - INFO - Starting RS signal generation for config 1
2025-10-07 11:52:06,217 - rs_live_signal_generator - INFO - Using configuration: cursor
2025-10-07 11:52:06,218 - rs_live_signal_generator - INFO - Getting stock data from 2024-08-29 to 2025-10-03
2025-10-07 11:52:06,559 - rs_live_signal_generator - INFO - Found 499 stock symbols for signal generation
2025-10-07 11:52:08,886 - rs_live_signal_generator - INFO - Nifty 50 index data loaded successfully
2025-10-07 11:52:08,887 - rs_live_signal_generator - INFO - Successfully loaded data for 500 symbols
2025-10-07 11:52:08,898 - rs_live_signal_generator - INFO - Index data loaded successfully for detailed calculation
2025-10-07 11:52:10,370 - rs_live_signal_generator - INFO - Saved 0 signals to database
2025-10-07 11:52:10,370 - rs_live_signal_generator - INFO - Successfully generated 0 signals
2025-10-07 11:52:31,830 - rs_live_signal_generator - INFO - RS live signal tables created successfully
2025-10-07 11:52:31,832 - rs_live_signal_generator - INFO - Starting RS signal generation for config 1
2025-10-07 11:52:31,862 - rs_live_signal_generator - INFO - Using configuration: cursor
2025-10-07 11:52:31,864 - rs_live_signal_generator - INFO - Getting stock data from 2024-08-29 to 2025-10-03
2025-10-07 11:52:32,199 - rs_live_signal_generator - INFO - Found 499 stock symbols for signal generation
2025-10-07 11:52:36,924 - rs_live_signal_generator - INFO - Nifty 50 index data loaded successfully
2025-10-07 11:52:36,925 - rs_live_signal_generator - INFO - Successfully loaded data for 500 symbols
2025-10-07 11:52:36,950 - rs_live_signal_generator - INFO - Index data loaded successfully for detailed calculation
2025-10-07 11:52:39,122 - rs_live_signal_generator - INFO - Saved 2 signals to database
2025-10-07 11:52:39,122 - rs_live_signal_generator - INFO - Successfully generated 2 signals
2025-10-07 12:20:27,880 - rs_live_signal_generator - INFO - RS live signal tables created successfully
2025-10-07 12:20:27,882 - rs_live_signal_generator - INFO - Starting RS signal generation for config 1
2025-10-07 12:20:27,911 - rs_live_signal_generator - INFO - Using configuration: cursor
2025-10-07 12:20:27,911 - rs_live_signal_generator - INFO - Getting stock data from 2024-08-29 to 2025-10-03
2025-10-07 12:20:28,256 - rs_live_signal_generator - INFO - Found 499 stock symbols for signal generation
2025-10-07 12:20:31,084 - rs_live_signal_generator - INFO - Nifty 50 index data loaded successfully
2025-10-07 12:20:31,084 - rs_live_signal_generator - INFO - Successfully loaded data for 500 symbols
2025-10-07 12:20:31,091 - rs_live_signal_generator - INFO - Index data loaded successfully for detailed calculation
2025-10-07 12:20:32,096 - rs_live_signal_generator - INFO - Total stocks with RS scores: 1
2025-10-07 12:20:32,097 - rs_live_signal_generator - INFO - BUY signal #1: ZYDUSLIFE (Rank #1, RS: 0.0509)
2025-10-07 12:20:32,099 - rs_live_signal_generator - INFO - SELL signal #1: ZYDUSLIFE (Rank #1, RS: 0.0509)
2025-10-07 12:20:32,100 - rs_live_signal_generator - INFO - Signal generation complete: 1 BUY, 1 SELL
2025-10-07 12:20:32,119 - rs_live_signal_generator - INFO - Saved 2 signals to database
2025-10-07 12:20:32,120 - rs_live_signal_generator - INFO - Successfully generated 2 signals
2025-10-07 12:21:28,329 - rs_live_signal_generator - INFO - RS live signal tables created successfully
2025-10-07 12:21:28,331 - rs_live_signal_generator - INFO - Starting RS signal generation for config 1
2025-10-07 12:21:28,352 - rs_live_signal_generator - INFO - Using configuration: cursor
2025-10-07 12:21:28,352 - rs_live_signal_generator - INFO - Getting stock data from 2024-08-29 to 2025-10-03
2025-10-07 12:21:28,637 - rs_live_signal_generator - INFO - Found 499 stock symbols for signal generation
2025-10-07 12:21:31,160 - rs_live_signal_generator - INFO - Nifty 50 index data loaded successfully
2025-10-07 12:21:31,161 - rs_live_signal_generator - INFO - Successfully loaded data for 500 symbols
2025-10-07 12:21:31,168 - rs_live_signal_generator - INFO - Index data loaded successfully for detailed calculation
2025-10-07 12:21:32,165 - rs_live_signal_generator - INFO - RS calculation summary: 1 successful, 498 skipped, 0 errors
2025-10-07 12:21:32,165 - rs_live_signal_generator - INFO - Total stocks with RS scores: 1
2025-10-07 12:21:32,166 - rs_live_signal_generator - INFO - BUY signal #1: ZYDUSLIFE (Rank #1, RS: 0.0509)
2025-10-07 12:21:32,167 - rs_live_signal_generator - INFO - SELL signal #1: ZYDUSLIFE (Rank #1, RS: 0.0509)
2025-10-07 12:21:32,168 - rs_live_signal_generator - INFO - Signal generation complete: 1 BUY, 1 SELL
2025-10-07 12:21:32,184 - rs_live_signal_generator - INFO - Saved 2 signals to database
2025-10-07 12:21:32,184 - rs_live_signal_generator - INFO - Successfully generated 2 signals
2025-10-07 12:21:48,599 - rs_live_signal_generator - INFO - RS live signal tables created successfully
2025-10-07 12:21:48,603 - rs_live_signal_generator - INFO - Starting RS signal generation for config 1
2025-10-07 12:21:48,627 - rs_live_signal_generator - INFO - Using configuration: cursor
2025-10-07 12:21:48,627 - rs_live_signal_generator - INFO - Getting stock data from 2024-08-29 to 2025-10-03
2025-10-07 12:21:48,915 - rs_live_signal_generator - INFO - Found 499 stock symbols for signal generation
2025-10-07 12:21:51,328 - rs_live_signal_generator - INFO - Nifty 50 index data loaded successfully
2025-10-07 12:21:51,329 - rs_live_signal_generator - INFO - Successfully loaded data for 500 symbols
2025-10-07 12:21:51,338 - rs_live_signal_generator - INFO - Index data loaded successfully for detailed calculation
2025-10-07 12:21:52,291 - rs_live_signal_generator - INFO - RS calculation summary: 1 successful, 498 skipped, 0 errors
2025-10-07 12:21:52,291 - rs_live_signal_generator - INFO - Total stocks with RS scores: 1
2025-10-07 12:21:52,293 - rs_live_signal_generator - INFO - BUY signal #1: ZYDUSLIFE (Rank #1, RS: 0.0509)
2025-10-07 12:21:52,293 - rs_live_signal_generator - INFO - SELL signal #1: ZYDUSLIFE (Rank #1, RS: 0.0509)
2025-10-07 12:21:52,294 - rs_live_signal_generator - INFO - Signal generation complete: 1 BUY, 1 SELL
2025-10-07 12:21:52,307 - rs_live_signal_generator - INFO - Saved 2 signals to database
2025-10-07 12:21:52,309 - rs_live_signal_generator - INFO - Successfully generated 2 signals
2025-10-07 12:22:06,178 - rs_live_signal_generator - INFO - RS live signal tables created successfully
2025-10-07 12:22:06,178 - rs_live_signal_generator - INFO - Starting RS signal generation for config 1
2025-10-07 12:22:06,194 - rs_live_signal_generator - ERROR - Error generating RS signals: (sqlite3.OperationalError) unable to open database file
(Background on this error at: https://sqlalche.me/e/20/e3q8)
2025-10-07 12:23:03,007 - rs_live_signal_generator - INFO - RS live signal tables created successfully
2025-10-07 12:23:03,007 - rs_live_signal_generator - INFO - Starting RS signal generation for config 1
2025-10-07 12:23:03,051 - rs_live_signal_generator - INFO - Using configuration: cursor
2025-10-07 12:23:03,051 - rs_live_signal_generator - INFO - Getting stock data from 2024-08-29 to 2025-10-03
2025-10-07 12:23:03,406 - rs_live_signal_generator - INFO - Found 499 stock symbols for signal generation
2025-10-07 12:23:06,690 - rs_live_signal_generator - INFO - Nifty 50 index data loaded successfully
2025-10-07 12:23:06,691 - rs_live_signal_generator - INFO - Successfully loaded data for 500 symbols
2025-10-07 12:23:06,707 - rs_live_signal_generator - INFO - Index data loaded successfully for detailed calculation
2025-10-07 12:23:06,877 - rs_live_signal_generator - WARNING - Error calculating RS score for ADANIENT: The truth value of a Series is ambiguous. Use a.empty, a.bool(), a.item(), a.any() or a.all().
2025-10-07 12:23:07,188 - rs_live_signal_generator - WARNING - Error calculating RS score for ASIANPAINT: The truth value of a Series is ambiguous. Use a.empty, a.bool(), a.item(), a.any() or a.all().
2025-10-07 12:23:07,290 - rs_live_signal_generator - WARNING - Error calculating RS score for AXISBANK: The truth value of a Series is ambiguous. Use a.empty, a.bool(), a.item(), a.any() or a.all().
2025-10-07 12:23:07,355 - rs_live_signal_generator - WARNING - Error calculating RS score for BAJFINANCE: The truth value of a Series is ambiguous. Use a.empty, a.bool(), a.item(), a.any() or a.all().
2025-10-07 12:23:07,530 - rs_live_signal_generator - WARNING - Error calculating RS score for BHARTIARTL: The truth value of a Series is ambiguous. Use a.empty, a.bool(), a.item(), a.any() or a.all().
2025-10-07 12:23:07,624 - rs_live_signal_generator - WARNING - Error calculating RS score for BPCL: The truth value of a Series is ambiguous. Use a.empty, a.bool(), a.item(), a.any() or a.all().
2025-10-07 12:23:07,663 - rs_live_signal_generator - WARNING - Error calculating RS score for BRITANNIA: The truth value of a Series is ambiguous. Use a.empty, a.bool(), a.item(), a.any() or a.all().
2025-10-07 12:23:08,639 - rs_live_signal_generator - WARNING - Error calculating RS score for HCLTECH: The truth value of a Series is ambiguous. Use a.empty, a.bool(), a.item(), a.any() or a.all().
2025-10-07 12:23:08,657 - rs_live_signal_generator - WARNING - Error calculating RS score for HDFCBANK: The truth value of a Series is ambiguous. Use a.empty, a.bool(), a.item(), a.any() or a.all().
2025-10-07 12:23:08,793 - rs_live_signal_generator - WARNING - Error calculating RS score for ICICIBANK: The truth value of a Series is ambiguous. Use a.empty, a.bool(), a.item(), a.any() or a.all().
2025-10-07 12:23:08,874 - rs_live_signal_generator - WARNING - Error calculating RS score for INDUSINDBK: The truth value of a Series is ambiguous. Use a.empty, a.bool(), a.item(), a.any() or a.all().
2025-10-07 12:23:08,888 - rs_live_signal_generator - WARNING - Error calculating RS score for INFY: The truth value of a Series is ambiguous. Use a.empty, a.bool(), a.item(), a.any() or a.all().
2025-10-07 12:23:08,934 - rs_live_signal_generator - WARNING - Error calculating RS score for ITC: The truth value of a Series is ambiguous. Use a.empty, a.bool(), a.item(), a.any() or a.all().
2025-10-07 12:23:09,073 - rs_live_signal_generator - WARNING - Error calculating RS score for KOTAKBANK: The truth value of a Series is ambiguous. Use a.empty, a.bool(), a.item(), a.any() or a.all().
2025-10-07 12:23:09,132 - rs_live_signal_generator - WARNING - Error calculating RS score for LT: The truth value of a Series is ambiguous. Use a.empty, a.bool(), a.item(), a.any() or a.all().
2025-10-07 12:23:09,167 - rs_live_signal_generator - WARNING - Error calculating RS score for M&M: The truth value of a Series is ambiguous. Use a.empty, a.bool(), a.item(), a.any() or a.all().
2025-10-07 12:23:09,206 - rs_live_signal_generator - WARNING - Error calculating RS score for MARUTI: The truth value of a Series is ambiguous. Use a.empty, a.bool(), a.item(), a.any() or a.all().
2025-10-07 12:23:09,307 - rs_live_signal_generator - WARNING - Error calculating RS score for NESTLEIND: The truth value of a Series is ambiguous. Use a.empty, a.bool(), a.item(), a.any() or a.all().
2025-10-07 12:23:09,369 - rs_live_signal_generator - WARNING - Error calculating RS score for NTPC: The truth value of a Series is ambiguous. Use a.empty, a.bool(), a.item(), a.any() or a.all().
2025-10-07 12:23:09,540 - rs_live_signal_generator - WARNING - Error calculating RS score for RELIANCE: The truth value of a Series is ambiguous. Use a.empty, a.bool(), a.item(), a.any() or a.all().
2025-10-07 12:23:09,622 - rs_live_signal_generator - WARNING - Error calculating RS score for SBIN: The truth value of a Series is ambiguous. Use a.empty, a.bool(), a.item(), a.any() or a.all().
2025-10-07 12:23:09,704 - rs_live_signal_generator - WARNING - Error calculating RS score for SUNPHARMA: The truth value of a Series is ambiguous. Use a.empty, a.bool(), a.item(), a.any() or a.all().
2025-10-07 12:23:09,764 - rs_live_signal_generator - WARNING - Error calculating RS score for TATACONSUM: The truth value of a Series is ambiguous. Use a.empty, a.bool(), a.item(), a.any() or a.all().
2025-10-07 12:23:09,774 - rs_live_signal_generator - WARNING - Error calculating RS score for TATAMOTORS: The truth value of a Series is ambiguous. Use a.empty, a.bool(), a.item(), a.any() or a.all().
2025-10-07 12:23:09,789 - rs_live_signal_generator - WARNING - Error calculating RS score for TATASTEEL: The truth value of a Series is ambiguous. Use a.empty, a.bool(), a.item(), a.any() or a.all().
2025-10-07 12:23:09,807 - rs_live_signal_generator - WARNING - Error calculating RS score for TCS: The truth value of a Series is ambiguous. Use a.empty, a.bool(), a.item(), a.any() or a.all().
2025-10-07 12:23:09,820 - rs_live_signal_generator - WARNING - Error calculating RS score for TECHM: The truth value of a Series is ambiguous. Use a.empty, a.bool(), a.item(), a.any() or a.all().
2025-10-07 12:23:09,857 - rs_live_signal_generator - WARNING - Error calculating RS score for TITAN: The truth value of a Series is ambiguous. Use a.empty, a.bool(), a.item(), a.any() or a.all().
2025-10-07 12:23:09,923 - rs_live_signal_generator - WARNING - Error calculating RS score for UPL: The truth value of a Series is ambiguous. Use a.empty, a.bool(), a.item(), a.any() or a.all().
2025-10-07 12:23:09,990 - rs_live_signal_generator - WARNING - Error calculating RS score for WIPRO: The truth value of a Series is ambiguous. Use a.empty, a.bool(), a.item(), a.any() or a.all().
2025-10-07 12:23:10,022 - rs_live_signal_generator - INFO - RS calculation summary: 469 successful, 0 skipped, 30 errors
2025-10-07 12:23:10,023 - rs_live_signal_generator - INFO - Total stocks with RS scores: 469
2025-10-07 12:23:10,024 - rs_live_signal_generator - INFO - BUY signal #1: NETWEB (Rank #1, RS: 0.6919)
2025-10-07 12:23:10,029 - rs_live_signal_generator - INFO - BUY signal #2: TATAINVEST (Rank #2, RS: 0.5581)
2025-10-07 12:23:10,032 - rs_live_signal_generator - INFO - BUY signal #3: HINDCOPPER (Rank #3, RS: 0.3685)
2025-10-07 12:23:10,035 - rs_live_signal_generator - INFO - BUY signal #4: GMDCLTD (Rank #4, RS: 0.3661)
2025-10-07 12:23:10,036 - rs_live_signal_generator - INFO - BUY signal #5: ANANTRAJ (Rank #5, RS: 0.3516)
2025-10-07 12:23:10,037 - rs_live_signal_generator - INFO - BUY signal #6: USHAMART (Rank #6, RS: 0.3256)
2025-10-07 12:23:10,038 - rs_live_signal_generator - INFO - BUY signal #7: SAMMAANCAP (Rank #7, RS: 0.3167)
2025-10-07 12:23:10,038 - rs_live_signal_generator - INFO - BUY signal #8: NLCINDIA (Rank #8, RS: 0.2391)
2025-10-07 12:23:10,039 - rs_live_signal_generator - INFO - BUY signal #9: LTF (Rank #10, RS: 0.2105)
2025-10-07 12:23:10,040 - rs_live_signal_generator - INFO - BUY signal #10: GPIL (Rank #11, RS: 0.2039)
2025-10-07 12:23:10,040 - rs_live_signal_generator - INFO - BUY signal #11: OLAELEC (Rank #12, RS: 0.2006)
2025-10-07 12:23:10,045 - rs_live_signal_generator - INFO - BUY signal #12: SYRMA (Rank #13, RS: 0.1826)
2025-10-07 12:23:10,045 - rs_live_signal_generator - INFO - BUY signal #13: INDIANB (Rank #14, RS: 0.1734)
2025-10-07 12:23:10,045 - rs_live_signal_generator - INFO - BUY signal #14: HBLENGINE (Rank #15, RS: 0.1623)
2025-10-07 12:23:10,045 - rs_live_signal_generator - INFO - BUY signal #15: GVT&D (Rank #16, RS: 0.1560)
2025-10-07 12:23:10,045 - rs_live_signal_generator - INFO - BUY signal #16: CANBK (Rank #17, RS: 0.1548)
2025-10-07 12:23:10,045 - rs_live_signal_generator - INFO - BUY signal #17: HINDPETRO (Rank #18, RS: 0.1496)
2025-10-07 12:23:10,045 - rs_live_signal_generator - INFO - BUY signal #18: PTCIL (Rank #19, RS: 0.1495)
2025-10-07 12:23:10,045 - rs_live_signal_generator - INFO - BUY signal #19: OLECTRA (Rank #20, RS: 0.1451)
2025-10-07 12:23:10,045 - rs_live_signal_generator - INFO - BUY signal #20: POONAWALLA (Rank #21, RS: 0.1385)
2025-10-07 12:23:10,045 - rs_live_signal_generator - INFO - SELL signal #1: ADANIPOWER (Rank #469, RS: -0.7512)
2025-10-07 12:23:10,062 - rs_live_signal_generator - INFO - SELL signal #2: GODFRYPHLP (Rank #468, RS: -0.6333)
2025-10-07 12:23:10,066 - rs_live_signal_generator - INFO - SELL signal #3: PIDILITIND (Rank #467, RS: -0.5092)
2025-10-07 12:23:10,068 - rs_live_signal_generator - INFO - SELL signal #4: PRAJIND (Rank #466, RS: -0.2144)
2025-10-07 12:23:10,069 - rs_live_signal_generator - INFO - SELL signal #5: ANGELONE (Rank #465, RS: -0.1731)
2025-10-07 12:23:10,070 - rs_live_signal_generator - INFO - SELL signal #6: BALRAMCHIN (Rank #464, RS: -0.1701)
2025-10-07 12:23:10,071 - rs_live_signal_generator - INFO - SELL signal #7: BSE (Rank #463, RS: -0.1696)
2025-10-07 12:23:10,072 - rs_live_signal_generator - INFO - SELL signal #8: CRISIL (Rank #462, RS: -0.1610)
2025-10-07 12:23:10,072 - rs_live_signal_generator - INFO - SELL signal #9: PGEL (Rank #461, RS: -0.1525)
2025-10-07 12:23:10,077 - rs_live_signal_generator - INFO - SELL signal #10: TRENT (Rank #460, RS: -0.1444)
2025-10-07 12:23:10,083 - rs_live_signal_generator - INFO - SELL signal #11: ABREL (Rank #458, RS: -0.1303)
2025-10-07 12:23:10,085 - rs_live_signal_generator - INFO - SELL signal #12: SWSOLAR (Rank #457, RS: -0.1248)
2025-10-07 12:23:10,086 - rs_live_signal_generator - INFO - SELL signal #13: JYOTICNC (Rank #456, RS: -0.1245)
2025-10-07 12:23:10,087 - rs_live_signal_generator - INFO - SELL signal #14: DBREALTY (Rank #455, RS: -0.1236)
2025-10-07 12:23:10,087 - rs_live_signal_generator - INFO - SELL signal #15: KPITTECH (Rank #454, RS: -0.1214)
2025-10-07 12:23:10,088 - rs_live_signal_generator - INFO - SELL signal #16: ROUTE (Rank #453, RS: -0.1171)
2025-10-07 12:23:10,089 - rs_live_signal_generator - INFO - SELL signal #17: LLOYDSME (Rank #452, RS: -0.1096)
2025-10-07 12:23:10,095 - rs_live_signal_generator - INFO - SELL signal #18: CLEAN (Rank #451, RS: -0.1090)
2025-10-07 12:23:10,100 - rs_live_signal_generator - INFO - SELL signal #19: CROMPTON (Rank #450, RS: -0.1081)
2025-10-07 12:23:10,100 - rs_live_signal_generator - INFO - Signal generation complete: 20 BUY, 19 SELL
2025-10-07 12:23:10,120 - rs_live_signal_generator - INFO - Saved 39 signals to database
2025-10-07 12:23:10,120 - rs_live_signal_generator - INFO - Successfully generated 39 signals
2025-10-07 14:02:49,827 - rs_live_signal_generator - INFO - RS live signal tables created successfully
2025-10-07 14:24:39,591 - rs_live_signal_generator - INFO - RS live signal tables created successfully
2025-10-07 14:24:39,595 - rs_live_signal_generator - INFO - Starting RS signal generation for config 1
2025-10-07 14:24:39,644 - rs_live_signal_generator - INFO - Using configuration: cursor
2025-10-07 14:24:39,644 - rs_live_signal_generator - INFO - Getting stock data from 2024-08-29 to 2025-10-03
2025-10-07 14:24:40,087 - rs_live_signal_generator - INFO - Found 499 stock symbols for signal generation
2025-10-07 14:24:45,017 - rs_live_signal_generator - INFO - Nifty 50 index data loaded successfully
2025-10-07 14:24:45,017 - rs_live_signal_generator - INFO - Successfully loaded data for 500 symbols
2025-10-07 14:24:45,034 - rs_live_signal_generator - INFO - Index data loaded successfully for detailed calculation
2025-10-07 14:26:46,853 - rs_live_signal_generator - INFO - RS live signal tables created successfully
2025-10-07 14:26:46,857 - rs_live_signal_generator - INFO - Starting RS signal generation for config 1
2025-10-07 14:26:46,910 - rs_live_signal_generator - INFO - Using configuration: cursor
2025-10-07 14:26:46,912 - rs_live_signal_generator - INFO - Getting stock data from 2024-08-29 to 2025-10-03
2025-10-07 14:26:47,352 - rs_live_signal_generator - INFO - Found 499 stock symbols for signal generation
2025-10-07 14:26:50,101 - rs_live_signal_generator - INFO - Nifty 50 index data loaded successfully
2025-10-07 14:26:50,101 - rs_live_signal_generator - INFO - Successfully loaded data for 500 symbols
2025-10-07 14:26:50,112 - rs_live_signal_generator - INFO - Index data loaded successfully for detailed calculation
2025-10-07 14:29:19,336 - rs_live_signal_generator - INFO - RS live signal tables created successfully
2025-10-07 14:29:19,346 - rs_live_signal_generator - INFO - Starting RS signal generation for config 1
2025-10-07 14:29:19,438 - rs_live_signal_generator - INFO - Using configuration: cursor
2025-10-07 14:29:19,438 - rs_live_signal_generator - INFO - Getting stock data from 2024-08-29 to 2025-10-03
2025-10-07 14:29:21,444 - rs_live_signal_generator - INFO - Found 499 stock symbols for signal generation
2025-10-07 14:29:25,670 - rs_live_signal_generator - INFO - Nifty 50 index data loaded successfully
2025-10-07 14:29:25,670 - rs_live_signal_generator - INFO - Successfully loaded data for 500 symbols
2025-10-07 14:29:25,686 - rs_live_signal_generator - INFO - Index data loaded successfully for detailed calculation
2025-10-07 14:40:32,656 - rs_live_signal_generator - INFO - RS live signal tables created successfully
2025-10-07 15:46:37,853 - rs_live_signal_generator - INFO - RS live signal tables created successfully
2025-10-07 16:02:31,851 - rs_live_signal_generator - INFO - RS live signal tables created successfully
2025-10-07 16:08:14,784 - rs_live_signal_generator - INFO - RS live signal tables created successfully
2025-10-07 16:08:14,788 - rs_live_signal_generator - INFO - RS live signal tables created successfully
2025-10-07 16:08:44,272 - rs_live_signal_generator - INFO - RS live signal tables created successfully
2025-10-07 16:08:44,272 - rs_live_signal_generator - INFO - Starting RS signal generation for config 1
2025-10-07 16:08:44,293 - rs_live_signal_generator - ERROR - Error generating RS signals: (sqlite3.OperationalError) unable to open database file
(Background on this error at: https://sqlalche.me/e/20/e3q8)
2025-10-07 16:11:36,793 - rs_live_signal_generator - INFO - RS live signal tables created successfully
2025-10-07 16:11:36,872 - rs_live_signal_generator - INFO - Starting RS signal generation for config 1
2025-10-07 16:11:37,016 - rs_live_signal_generator - INFO - Using configuration: cursor
2025-10-07 16:11:37,022 - rs_live_signal_generator - INFO - Getting stock data from 2024-08-29 to 2025-10-03
2025-10-07 16:11:37,535 - rs_live_signal_generator - INFO - Found 499 stock symbols for signal generation
2025-10-07 16:11:40,899 - rs_live_signal_generator - INFO - Nifty 50 index data loaded successfully
2025-10-07 16:11:40,905 - rs_live_signal_generator - INFO - Successfully loaded data for 500 symbols
2025-10-07 16:11:40,969 - rs_live_signal_generator - INFO - Index data loaded successfully for detailed calculation
2025-10-07 16:11:44,626 - rs_live_signal_generator - WARNING - Error calculating RS score for ADANIENT: The truth value of a Series is ambiguous. Use a.empty, a.bool(), a.item(), a.any() or a.all().
2025-10-07 16:11:46,510 - rs_live_signal_generator - WARNING - Error calculating RS score for ASIANPAINT: The truth value of a Series is ambiguous. Use a.empty, a.bool(), a.item(), a.any() or a.all().
2025-10-07 16:11:46,862 - rs_live_signal_generator - WARNING - Error calculating RS score for AXISBANK: The truth value of a Series is ambiguous. Use a.empty, a.bool(), a.item(), a.any() or a.all().
2025-10-07 16:11:46,961 - rs_live_signal_generator - WARNING - Error calculating RS score for BAJFINANCE: The truth value of a Series is ambiguous. Use a.empty, a.bool(), a.item(), a.any() or a.all().
2025-10-07 16:11:47,227 - rs_live_signal_generator - WARNING - Error calculating RS score for BHARTIARTL: The truth value of a Series is ambiguous. Use a.empty, a.bool(), a.item(), a.any() or a.all().
2025-10-07 16:11:47,387 - rs_live_signal_generator - WARNING - Error calculating RS score for BPCL: The truth value of a Series is ambiguous. Use a.empty, a.bool(), a.item(), a.any() or a.all().
2025-10-07 16:11:47,429 - rs_live_signal_generator - WARNING - Error calculating RS score for BRITANNIA: The truth value of a Series is ambiguous. Use a.empty, a.bool(), a.item(), a.any() or a.all().
2025-10-07 16:11:49,895 - rs_live_signal_generator - WARNING - Error calculating RS score for HCLTECH: The truth value of a Series is ambiguous. Use a.empty, a.bool(), a.item(), a.any() or a.all().
2025-10-07 16:11:49,939 - rs_live_signal_generator - WARNING - Error calculating RS score for HDFCBANK: The truth value of a Series is ambiguous. Use a.empty, a.bool(), a.item(), a.any() or a.all().
2025-10-07 16:11:50,220 - rs_live_signal_generator - WARNING - Error calculating RS score for ICICIBANK: The truth value of a Series is ambiguous. Use a.empty, a.bool(), a.item(), a.any() or a.all().
2025-10-07 16:11:50,514 - rs_live_signal_generator - WARNING - Error calculating RS score for INDUSINDBK: The truth value of a Series is ambiguous. Use a.empty, a.bool(), a.item(), a.any() or a.all().
2025-10-07 16:11:50,558 - rs_live_signal_generator - WARNING - Error calculating RS score for INFY: The truth value of a Series is ambiguous. Use a.empty, a.bool(), a.item(), a.any() or a.all().
2025-10-07 16:11:50,762 - rs_live_signal_generator - WARNING - Error calculating RS score for ITC: The truth value of a Series is ambiguous. Use a.empty, a.bool(), a.item(), a.any() or a.all().
2025-10-07 16:11:51,308 - rs_live_signal_generator - WARNING - Error calculating RS score for KOTAKBANK: The truth value of a Series is ambiguous. Use a.empty, a.bool(), a.item(), a.any() or a.all().
2025-10-07 16:11:51,525 - rs_live_signal_generator - WARNING - Error calculating RS score for LT: The truth value of a Series is ambiguous. Use a.empty, a.bool(), a.item(), a.any() or a.all().
2025-10-07 16:11:51,644 - rs_live_signal_generator - WARNING - Error calculating RS score for M&M: The truth value of a Series is ambiguous. Use a.empty, a.bool(), a.item(), a.any() or a.all().
2025-10-07 16:11:51,788 - rs_live_signal_generator - WARNING - Error calculating RS score for MARUTI: The truth value of a Series is ambiguous. Use a.empty, a.bool(), a.item(), a.any() or a.all().
2025-10-07 16:11:52,241 - rs_live_signal_generator - WARNING - Error calculating RS score for NESTLEIND: The truth value of a Series is ambiguous. Use a.empty, a.bool(), a.item(), a.any() or a.all().
2025-10-07 16:11:52,487 - rs_live_signal_generator - WARNING - Error calculating RS score for NTPC: The truth value of a Series is ambiguous. Use a.empty, a.bool(), a.item(), a.any() or a.all().
2025-10-07 16:11:53,224 - rs_live_signal_generator - WARNING - Error calculating RS score for RELIANCE: The truth value of a Series is ambiguous. Use a.empty, a.bool(), a.item(), a.any() or a.all().
2025-10-07 16:11:53,508 - rs_live_signal_generator - WARNING - Error calculating RS score for SBIN: The truth value of a Series is ambiguous. Use a.empty, a.bool(), a.item(), a.any() or a.all().
2025-10-07 16:11:53,823 - rs_live_signal_generator - WARNING - Error calculating RS score for SUNPHARMA: The truth value of a Series is ambiguous. Use a.empty, a.bool(), a.item(), a.any() or a.all().
2025-10-07 16:11:55,485 - rs_live_signal_generator - WARNING - Error calculating RS score for TATACONSUM: The truth value of a Series is ambiguous. Use a.empty, a.bool(), a.item(), a.any() or a.all().
2025-10-07 16:11:55,540 - rs_live_signal_generator - WARNING - Error calculating RS score for TATAMOTORS: The truth value of a Series is ambiguous. Use a.empty, a.bool(), a.item(), a.any() or a.all().
2025-10-07 16:11:55,580 - rs_live_signal_generator - WARNING - Error calculating RS score for TATASTEEL: The truth value of a Series is ambiguous. Use a.empty, a.bool(), a.item(), a.any() or a.all().
2025-10-07 16:11:55,655 - rs_live_signal_generator - WARNING - Error calculating RS score for TCS: The truth value of a Series is ambiguous. Use a.empty, a.bool(), a.item(), a.any() or a.all().
2025-10-07 16:11:55,677 - rs_live_signal_generator - WARNING - Error calculating RS score for TECHM: The truth value of a Series is ambiguous. Use a.empty, a.bool(), a.item(), a.any() or a.all().
2025-10-07 16:11:55,888 - rs_live_signal_generator - WARNING - Error calculating RS score for TITAN: The truth value of a Series is ambiguous. Use a.empty, a.bool(), a.item(), a.any() or a.all().
2025-10-07 16:11:56,201 - rs_live_signal_generator - WARNING - Error calculating RS score for UPL: The truth value of a Series is ambiguous. Use a.empty, a.bool(), a.item(), a.any() or a.all().
2025-10-07 16:11:56,421 - rs_live_signal_generator - WARNING - Error calculating RS score for WIPRO: The truth value of a Series is ambiguous. Use a.empty, a.bool(), a.item(), a.any() or a.all().
2025-10-07 16:11:56,537 - rs_live_signal_generator - INFO - RS calculation summary: 469 successful, 0 skipped, 30 errors
2025-10-07 16:11:56,537 - rs_live_signal_generator - INFO - Total stocks with RS scores: 469
2025-10-07 16:11:56,539 - rs_live_signal_generator - INFO - BUY signal #1: NETWEB (Rank #1, RS: 0.6919)
2025-10-07 16:11:56,546 - rs_live_signal_generator - INFO - BUY signal #2: TATAINVEST (Rank #2, RS: 0.5581)
2025-10-07 16:11:56,550 - rs_live_signal_generator - INFO - BUY signal #3: HINDCOPPER (Rank #3, RS: 0.3685)
2025-10-07 16:11:56,552 - rs_live_signal_generator - INFO - BUY signal #4: GMDCLTD (Rank #4, RS: 0.3661)
2025-10-07 16:11:56,554 - rs_live_signal_generator - INFO - BUY signal #5: ANANTRAJ (Rank #5, RS: 0.3516)
2025-10-07 16:11:56,554 - rs_live_signal_generator - INFO - BUY signal #6: USHAMART (Rank #6, RS: 0.3256)
2025-10-07 16:11:56,556 - rs_live_signal_generator - INFO - BUY signal #7: SAMMAANCAP (Rank #7, RS: 0.3167)
2025-10-07 16:11:56,564 - rs_live_signal_generator - INFO - BUY signal #8: NLCINDIA (Rank #8, RS: 0.2391)
2025-10-07 16:11:56,568 - rs_live_signal_generator - INFO - BUY signal #9: LTF (Rank #10, RS: 0.2105)
2025-10-07 16:11:56,571 - rs_live_signal_generator - INFO - BUY signal #10: GPIL (Rank #11, RS: 0.2039)
2025-10-07 16:11:56,571 - rs_live_signal_generator - INFO - BUY signal #11: OLAELEC (Rank #12, RS: 0.2006)
2025-10-07 16:11:56,576 - rs_live_signal_generator - INFO - BUY signal #12: SYRMA (Rank #13, RS: 0.1826)
2025-10-07 16:11:56,580 - rs_live_signal_generator - INFO - BUY signal #13: INDIANB (Rank #14, RS: 0.1734)
2025-10-07 16:11:56,584 - rs_live_signal_generator - INFO - BUY signal #14: HBLENGINE (Rank #15, RS: 0.1623)
2025-10-07 16:11:56,586 - rs_live_signal_generator - INFO - BUY signal #15: GVT&D (Rank #16, RS: 0.1560)
2025-10-07 16:11:56,587 - rs_live_signal_generator - INFO - BUY signal #16: CANBK (Rank #17, RS: 0.1548)
2025-10-07 16:11:56,589 - rs_live_signal_generator - INFO - BUY signal #17: HINDPETRO (Rank #18, RS: 0.1496)
2025-10-07 16:11:56,591 - rs_live_signal_generator - INFO - BUY signal #18: PTCIL (Rank #19, RS: 0.1495)
2025-10-07 16:11:56,597 - rs_live_signal_generator - INFO - BUY signal #19: OLECTRA (Rank #20, RS: 0.1451)
2025-10-07 16:11:56,601 - rs_live_signal_generator - INFO - BUY signal #20: POONAWALLA (Rank #21, RS: 0.1385)
2025-10-07 16:11:56,604 - rs_live_signal_generator - INFO - SELL signal #1: ADANIPOWER (Rank #469, RS: -0.7512)
2025-10-07 16:11:56,605 - rs_live_signal_generator - INFO - SELL signal #2: GODFRYPHLP (Rank #468, RS: -0.6333)
2025-10-07 16:11:56,606 - rs_live_signal_generator - INFO - SELL signal #3: PIDILITIND (Rank #467, RS: -0.5092)
2025-10-07 16:11:56,612 - rs_live_signal_generator - INFO - SELL signal #4: PRAJIND (Rank #466, RS: -0.2144)
2025-10-07 16:11:56,616 - rs_live_signal_generator - INFO - SELL signal #5: ANGELONE (Rank #465, RS: -0.1731)
2025-10-07 16:11:56,621 - rs_live_signal_generator - INFO - SELL signal #6: BALRAMCHIN (Rank #464, RS: -0.1701)
2025-10-07 16:11:56,623 - rs_live_signal_generator - INFO - SELL signal #7: BSE (Rank #463, RS: -0.1696)
2025-10-07 16:11:56,623 - rs_live_signal_generator - INFO - SELL signal #8: CRISIL (Rank #462, RS: -0.1610)
2025-10-07 16:11:56,631 - rs_live_signal_generator - INFO - SELL signal #9: PGEL (Rank #461, RS: -0.1525)
2025-10-07 16:11:56,635 - rs_live_signal_generator - INFO - SELL signal #10: TRENT (Rank #460, RS: -0.1444)
2025-10-07 16:11:56,637 - rs_live_signal_generator - INFO - SELL signal #11: ABREL (Rank #458, RS: -0.1303)
2025-10-07 16:11:56,638 - rs_live_signal_generator - INFO - SELL signal #12: SWSOLAR (Rank #457, RS: -0.1248)
2025-10-07 16:11:56,639 - rs_live_signal_generator - INFO - SELL signal #13: JYOTICNC (Rank #456, RS: -0.1245)
2025-10-07 16:11:56,647 - rs_live_signal_generator - INFO - SELL signal #14: DBREALTY (Rank #455, RS: -0.1236)
2025-10-07 16:11:56,650 - rs_live_signal_generator - INFO - SELL signal #15: KPITTECH (Rank #454, RS: -0.1214)
2025-10-07 16:11:56,652 - rs_live_signal_generator - INFO - SELL signal #16: ROUTE (Rank #453, RS: -0.1171)
2025-10-07 16:11:56,653 - rs_live_signal_generator - INFO - SELL signal #17: LLOYDSME (Rank #452, RS: -0.1096)
2025-10-07 16:11:56,655 - rs_live_signal_generator - INFO - SELL signal #18: CLEAN (Rank #451, RS: -0.1090)
2025-10-07 16:11:56,657 - rs_live_signal_generator - INFO - SELL signal #19: CROMPTON (Rank #450, RS: -0.1081)
2025-10-07 16:11:56,657 - rs_live_signal_generator - INFO - Signal generation complete: 20 BUY, 19 SELL
2025-10-07 16:11:56,738 - rs_live_signal_generator - INFO - Saved 39 signals to database
2025-10-07 16:11:56,739 - rs_live_signal_generator - INFO - Successfully generated 39 signals
2025-10-07 16:41:17,923 - rs_live_signal_generator - INFO - RS live signal tables created successfully
2025-10-07 16:41:17,923 - rs_live_signal_generator - INFO - Starting RS signal generation for config 1
2025-10-07 16:41:17,939 - rs_live_signal_generator - INFO - Using configuration: cursor
2025-10-07 16:41:17,939 - rs_live_signal_generator - INFO - Getting stock data from 2024-08-29 to 2025-10-03
2025-10-07 16:41:18,171 - rs_live_signal_generator - INFO - Found 499 stock symbols for signal generation
2025-10-07 16:41:19,606 - rs_live_signal_generator - INFO - Nifty 50 index data loaded successfully
2025-10-07 16:41:19,622 - rs_live_signal_generator - INFO - Successfully loaded data for 500 symbols
2025-10-07 16:41:19,622 - rs_live_signal_generator - INFO - Index data loaded successfully for detailed calculation
2025-10-07 16:41:44,731 - rs_live_signal_generator - INFO - RS live signal tables created successfully
2025-10-07 16:48:21,929 - rs_live_signal_generator - INFO - RS live signal tables created successfully
2025-10-07 17:00:25,552 - rs_live_signal_generator - INFO - RS live signal tables created successfully
2025-10-07 17:45:56,922 - rs_live_signal_generator - INFO - RS live signal tables created successfully
2025-10-07 17:45:56,922 - rs_live_signal_generator - INFO - Starting RS signal generation for config 1
2025-10-07 17:45:56,957 - rs_live_signal_generator - INFO - Using configuration: cursor
2025-10-07 17:45:56,957 - rs_live_signal_generator - INFO - Getting stock data from 2024-08-29 to 2025-10-03
2025-10-07 17:45:57,375 - rs_live_signal_generator - INFO - Found 499 stock symbols for signal generation
2025-10-07 17:45:59,931 - rs_live_signal_generator - INFO - Nifty 50 index data loaded successfully
2025-10-07 17:45:59,931 - rs_live_signal_generator - INFO - Successfully loaded data for 500 symbols
2025-10-07 17:45:59,945 - rs_live_signal_generator - INFO - Index data loaded successfully for detailed calculation
2025-10-07 17:46:00,854 - rs_live_signal_generator - WARNING - Error calculating RS score for ADANIENT: The truth value of a Series is ambiguous. Use a.empty, a.bool(), a.item(), a.any() or a.all().
2025-10-07 22:13:30,543 - rs_live_signal_generator - INFO - RS live signal tables created successfully
2025-10-07 22:13:30,543 - rs_live_signal_generator - INFO - Starting RS signal generation for config 1
2025-10-07 22:13:30,561 - rs_live_signal_generator - INFO - Using configuration: cursor
2025-10-07 22:13:30,561 - rs_live_signal_generator - INFO - Getting stock data from 2024-08-29 to 2025-10-03
2025-10-07 22:13:30,627 - rs_live_signal_generator - INFO - Using 50 curated stocks with complete lookback data for signal generation
2025-10-07 22:13:31,167 - rs_live_signal_generator - INFO - Nifty 50 index data loaded successfully
2025-10-07 22:13:31,179 - rs_live_signal_generator - INFO - Successfully loaded data for 51 symbols
2025-10-07 22:13:31,189 - rs_live_signal_generator - INFO - Index data loaded successfully for detailed calculation
2025-10-07 22:13:31,227 - rs_live_signal_generator - WARNING - Error calculating RS score for ADANIENT: unsupported format string passed to Series.__format__
2025-10-07 22:13:31,261 - rs_live_signal_generator - WARNING - Error calculating RS score for ASIANPAINT: unsupported format string passed to Series.__format__
2025-10-07 22:13:31,271 - rs_live_signal_generator - WARNING - Error calculating RS score for AXISBANK: The truth value of a Series is ambiguous. Use a.empty, a.bool(), a.item(), a.any() or a.all().
2025-10-07 22:13:31,307 - rs_live_signal_generator - WARNING - Error calculating RS score for BAJFINANCE: The truth value of a Series is ambiguous. Use a.empty, a.bool(), a.item(), a.any() or a.all().
2025-10-07 22:13:31,337 - rs_live_signal_generator - WARNING - Error calculating RS score for BHARTIARTL: The truth value of a Series is ambiguous. Use a.empty, a.bool(), a.item(), a.any() or a.all().
2025-10-07 22:13:31,369 - rs_live_signal_generator - WARNING - Error calculating RS score for BPCL: The truth value of a Series is ambiguous. Use a.empty, a.bool(), a.item(), a.any() or a.all().
2025-10-07 22:13:31,404 - rs_live_signal_generator - WARNING - Error calculating RS score for BRITANNIA: The truth value of a Series is ambiguous. Use a.empty, a.bool(), a.item(), a.any() or a.all().
2025-10-07 22:13:31,482 - rs_live_signal_generator - WARNING - Error calculating RS score for HCLTECH: The truth value of a Series is ambiguous. Use a.empty, a.bool(), a.item(), a.any() or a.all().
2025-10-07 22:13:31,500 - rs_live_signal_generator - WARNING - Error calculating RS score for HDFCBANK: The truth value of a Series is ambiguous. Use a.empty, a.bool(), a.item(), a.any() or a.all().
2025-10-07 22:13:31,590 - rs_live_signal_generator - WARNING - Error calculating RS score for ICICIBANK: The truth value of a Series is ambiguous. Use a.empty, a.bool(), a.item(), a.any() or a.all().
2025-10-07 22:13:44,648 - rs_live_signal_generator - INFO - RS live signal tables created successfully
2025-10-07 22:13:44,650 - rs_live_signal_generator - INFO - Starting RS signal generation for config 1
2025-10-07 22:13:44,665 - rs_live_signal_generator - INFO - Using configuration: cursor
2025-10-07 22:13:44,665 - rs_live_signal_generator - INFO - Getting stock data from 2024-08-29 to 2025-10-03
2025-10-07 22:13:44,757 - rs_live_signal_generator - INFO - Using 50 curated stocks with complete lookback data for signal generation
2025-10-07 22:13:45,216 - rs_live_signal_generator - INFO - Nifty 50 index data loaded successfully
2025-10-07 22:13:45,223 - rs_live_signal_generator - INFO - Successfully loaded data for 51 symbols
2025-10-07 22:13:45,223 - rs_live_signal_generator - INFO - Index data loaded successfully for detailed calculation
2025-10-07 22:13:45,241 - rs_live_signal_generator - WARNING - Error calculating RS score for ADANIENT: unsupported format string passed to Series.__format__
2025-10-07 22:13:45,255 - rs_live_signal_generator - WARNING - Error calculating RS score for ASIANPAINT: unsupported format string passed to Series.__format__
2025-10-07 22:13:45,273 - rs_live_signal_generator - WARNING - Error calculating RS score for AXISBANK: The truth value of a Series is ambiguous. Use a.empty, a.bool(), a.item(), a.any() or a.all().
2025-10-07 22:13:45,299 - rs_live_signal_generator - WARNING - Error calculating RS score for BAJFINANCE: The truth value of a Series is ambiguous. Use a.empty, a.bool(), a.item(), a.any() or a.all().
2025-10-07 22:13:45,302 - rs_live_signal_generator - WARNING - Error calculating RS score for BHARTIARTL: The truth value of a Series is ambiguous. Use a.empty, a.bool(), a.item(), a.any() or a.all().
2025-10-07 22:13:45,322 - rs_live_signal_generator - WARNING - Error calculating RS score for BPCL: The truth value of a Series is ambiguous. Use a.empty, a.bool(), a.item(), a.any() or a.all().
2025-10-07 22:13:45,326 - rs_live_signal_generator - WARNING - Error calculating RS score for BRITANNIA: The truth value of a Series is ambiguous. Use a.empty, a.bool(), a.item(), a.any() or a.all().
2025-10-07 22:13:45,371 - rs_live_signal_generator - WARNING - Error calculating RS score for HCLTECH: The truth value of a Series is ambiguous. Use a.empty, a.bool(), a.item(), a.any() or a.all().
2025-10-07 22:13:45,371 - rs_live_signal_generator - WARNING - Error calculating RS score for HDFCBANK: The truth value of a Series is ambiguous. Use a.empty, a.bool(), a.item(), a.any() or a.all().
2025-10-07 22:13:45,410 - rs_live_signal_generator - WARNING - Error calculating RS score for ICICIBANK: The truth value of a Series is ambiguous. Use a.empty, a.bool(), a.item(), a.any() or a.all().
2025-10-07 22:13:45,422 - rs_live_signal_generator - WARNING - Error calculating RS score for INDUSINDBK: The truth value of a Series is ambiguous. Use a.empty, a.bool(), a.item(), a.any() or a.all().
2025-10-07 22:13:45,437 - rs_live_signal_generator - WARNING - Error calculating RS score for INFY: The truth value of a Series is ambiguous. Use a.empty, a.bool(), a.item(), a.any() or a.all().
2025-10-07 22:13:45,447 - rs_live_signal_generator - WARNING - Error calculating RS score for ITC: The truth value of a Series is ambiguous. Use a.empty, a.bool(), a.item(), a.any() or a.all().
2025-10-07 22:13:45,460 - rs_live_signal_generator - WARNING - Error calculating RS score for KOTAKBANK: The truth value of a Series is ambiguous. Use a.empty, a.bool(), a.item(), a.any() or a.all().
2025-10-07 22:13:45,474 - rs_live_signal_generator - WARNING - Error calculating RS score for LT: The truth value of a Series is ambiguous. Use a.empty, a.bool(), a.item(), a.any() or a.all().
2025-10-07 22:13:45,491 - rs_live_signal_generator - WARNING - Error calculating RS score for M&M: The truth value of a Series is ambiguous. Use a.empty, a.bool(), a.item(), a.any() or a.all().
2025-10-07 22:13:45,503 - rs_live_signal_generator - WARNING - Error calculating RS score for MARUTI: The truth value of a Series is ambiguous. Use a.empty, a.bool(), a.item(), a.any() or a.all().
2025-10-07 22:13:45,507 - rs_live_signal_generator - WARNING - Error calculating RS score for NESTLEIND: The truth value of a Series is ambiguous. Use a.empty, a.bool(), a.item(), a.any() or a.all().
2025-10-07 22:13:45,523 - rs_live_signal_generator - WARNING - Error calculating RS score for NTPC: The truth value of a Series is ambiguous. Use a.empty, a.bool(), a.item(), a.any() or a.all().
2025-10-07 22:13:45,539 - rs_live_signal_generator - WARNING - Error calculating RS score for RELIANCE: The truth value of a Series is ambiguous. Use a.empty, a.bool(), a.item(), a.any() or a.all().
2025-10-07 22:13:45,555 - rs_live_signal_generator - WARNING - Error calculating RS score for SBIN: The truth value of a Series is ambiguous. Use a.empty, a.bool(), a.item(), a.any() or a.all().
2025-10-07 22:13:45,555 - rs_live_signal_generator - WARNING - Error calculating RS score for SUNPHARMA: The truth value of a Series is ambiguous. Use a.empty, a.bool(), a.item(), a.any() or a.all().
2025-10-07 22:13:45,574 - rs_live_signal_generator - WARNING - Error calculating RS score for TATACONSUM: The truth value of a Series is ambiguous. Use a.empty, a.bool(), a.item(), a.any() or a.all().
2025-10-07 22:13:45,585 - rs_live_signal_generator - WARNING - Error calculating RS score for TATAMOTORS: The truth value of a Series is ambiguous. Use a.empty, a.bool(), a.item(), a.any() or a.all().
2025-10-07 22:13:45,592 - rs_live_signal_generator - WARNING - Error calculating RS score for TATASTEEL: The truth value of a Series is ambiguous. Use a.empty, a.bool(), a.item(), a.any() or a.all().
2025-10-07 22:13:45,604 - rs_live_signal_generator - WARNING - Error calculating RS score for TCS: The truth value of a Series is ambiguous. Use a.empty, a.bool(), a.item(), a.any() or a.all().
2025-10-07 22:13:45,622 - rs_live_signal_generator - WARNING - Error calculating RS score for TECHM: The truth value of a Series is ambiguous. Use a.empty, a.bool(), a.item(), a.any() or a.all().
2025-10-07 22:13:45,637 - rs_live_signal_generator - WARNING - Error calculating RS score for TITAN: The truth value of a Series is ambiguous. Use a.empty, a.bool(), a.item(), a.any() or a.all().
2025-10-07 22:13:45,647 - rs_live_signal_generator - WARNING - Error calculating RS score for UPL: The truth value of a Series is ambiguous. Use a.empty, a.bool(), a.item(), a.any() or a.all().
2025-10-07 22:13:45,658 - rs_live_signal_generator - WARNING - Error calculating RS score for WIPRO: The truth value of a Series is ambiguous. Use a.empty, a.bool(), a.item(), a.any() or a.all().
2025-10-07 22:13:45,658 - rs_live_signal_generator - INFO - RS calculation summary: 18 successful, 2 skipped, 30 errors
2025-10-07 22:13:45,658 - rs_live_signal_generator - INFO - Total stocks with RS scores: 18
2025-10-07 22:13:45,672 - rs_live_signal_generator - INFO - BUY signal #1: EICHERMOT (Rank #1, RS: 0.1341)
2025-10-07 22:13:45,673 - rs_live_signal_generator - INFO - BUY signal #2: HEROMOTOCO (Rank #2, RS: 0.1330)
2025-10-07 22:13:45,675 - rs_live_signal_generator - INFO - BUY signal #3: HINDALCO (Rank #3, RS: 0.0752)
2025-10-07 22:13:45,677 - rs_live_signal_generator - INFO - BUY signal #4: JSWSTEEL (Rank #4, RS: 0.0709)
2025-10-07 22:13:45,679 - rs_live_signal_generator - INFO - BUY signal #5: COALINDIA (Rank #5, RS: 0.0227)
2025-10-07 22:13:45,686 - rs_live_signal_generator - INFO - BUY signal #6: ONGC (Rank #6, RS: 0.0153)
2025-10-07 22:13:45,690 - rs_live_signal_generator - INFO - BUY signal #7: BAJAJFINSV (Rank #7, RS: 0.0145)
2025-10-07 22:13:45,692 - rs_live_signal_generator - INFO - BUY signal #8: HINDUNILVR (Rank #8, RS: 0.0127)
2025-10-07 22:13:45,693 - rs_live_signal_generator - INFO - BUY signal #9: SBILIFE (Rank #9, RS: 0.0055)
2025-10-07 22:13:45,694 - rs_live_signal_generator - INFO - BUY signal #10: BAJAJ-AUTO (Rank #10, RS: 0.0028)
2025-10-07 22:13:45,702 - rs_live_signal_generator - INFO - BUY signal #11: GRASIM (Rank #11, RS: 0.0018)
2025-10-07 22:13:45,706 - rs_live_signal_generator - INFO - BUY signal #12: LTIM (Rank #12, RS: -0.0003)
2025-10-07 22:13:45,708 - rs_live_signal_generator - INFO - BUY signal #13: ULTRACEMCO (Rank #13, RS: -0.0007)
2025-10-07 22:13:45,710 - rs_live_signal_generator - INFO - BUY signal #14: CIPLA (Rank #14, RS: -0.0014)
2025-10-07 22:13:45,715 - rs_live_signal_generator - INFO - BUY signal #15: HDFCLIFE (Rank #15, RS: -0.0151)
2025-10-07 22:13:45,721 - rs_live_signal_generator - INFO - BUY signal #16: POWERGRID (Rank #16, RS: -0.0169)
2025-10-07 22:13:45,724 - rs_live_signal_generator - INFO - BUY signal #17: DRREDDY (Rank #17, RS: -0.0272)
2025-10-07 22:13:45,726 - rs_live_signal_generator - INFO - BUY signal #18: DIVISLAB (Rank #18, RS: -0.0852)
2025-10-07 22:13:45,727 - rs_live_signal_generator - INFO - SELL signal #1: DIVISLAB (Rank #18, RS: -0.0852)
2025-10-07 22:13:45,741 - rs_live_signal_generator - INFO - SELL signal #2: DRREDDY (Rank #17, RS: -0.0272)
2025-10-07 22:13:45,741 - rs_live_signal_generator - INFO - SELL signal #3: POWERGRID (Rank #16, RS: -0.0169)
2025-10-07 22:13:45,745 - rs_live_signal_generator - INFO - SELL signal #4: HDFCLIFE (Rank #15, RS: -0.0151)
2025-10-07 22:13:45,749 - rs_live_signal_generator - INFO - SELL signal #5: CIPLA (Rank #14, RS: -0.0014)
2025-10-07 22:13:45,755 - rs_live_signal_generator - INFO - SELL signal #6: ULTRACEMCO (Rank #13, RS: -0.0007)
2025-10-07 22:13:45,757 - rs_live_signal_generator - INFO - SELL signal #7: LTIM (Rank #12, RS: -0.0003)
2025-10-07 22:13:45,758 - rs_live_signal_generator - INFO - SELL signal #8: GRASIM (Rank #11, RS: 0.0018)
2025-10-07 22:13:45,759 - rs_live_signal_generator - INFO - SELL signal #9: BAJAJ-AUTO (Rank #10, RS: 0.0028)
2025-10-07 22:13:45,766 - rs_live_signal_generator - INFO - SELL signal #10: SBILIFE (Rank #9, RS: 0.0055)
2025-10-07 22:13:45,771 - rs_live_signal_generator - INFO - SELL signal #11: HINDUNILVR (Rank #8, RS: 0.0127)
2025-10-07 22:13:45,773 - rs_live_signal_generator - INFO - SELL signal #12: BAJAJFINSV (Rank #7, RS: 0.0145)
2025-10-07 22:13:45,775 - rs_live_signal_generator - INFO - SELL signal #13: ONGC (Rank #6, RS: 0.0153)
2025-10-07 22:13:45,776 - rs_live_signal_generator - INFO - SELL signal #14: COALINDIA (Rank #5, RS: 0.0227)
2025-10-07 22:13:45,777 - rs_live_signal_generator - INFO - SELL signal #15: JSWSTEEL (Rank #4, RS: 0.0709)
2025-10-07 22:13:45,784 - rs_live_signal_generator - INFO - SELL signal #16: HINDALCO (Rank #3, RS: 0.0752)
2025-10-07 22:13:45,793 - rs_live_signal_generator - INFO - SELL signal #17: HEROMOTOCO (Rank #2, RS: 0.1330)
2025-10-07 22:13:45,799 - rs_live_signal_generator - INFO - SELL signal #18: EICHERMOT (Rank #1, RS: 0.1341)
2025-10-07 22:13:45,799 - rs_live_signal_generator - INFO - Signal generation complete: 18 BUY, 18 SELL
2025-10-07 22:13:45,825 - rs_live_signal_generator - INFO - Saved 36 signals to database
2025-10-07 22:13:45,826 - rs_live_signal_generator - INFO - Successfully generated 36 signals
2025-10-07 22:13:59,152 - rs_live_signal_generator - INFO - RS live signal tables created successfully
2025-10-07 22:13:59,152 - rs_live_signal_generator - INFO - Starting RS signal generation for config 1
2025-10-07 22:13:59,179 - rs_live_signal_generator - INFO - Using configuration: cursor
2025-10-07 22:13:59,179 - rs_live_signal_generator - INFO - Getting stock data from 2024-08-29 to 2025-10-03
2025-10-07 22:13:59,274 - rs_live_signal_generator - INFO - Using 50 curated stocks with complete lookback data for signal generation
2025-10-07 22:13:59,555 - rs_live_signal_generator - INFO - Nifty 50 index data loaded successfully
2025-10-07 22:13:59,555 - rs_live_signal_generator - INFO - Successfully loaded data for 51 symbols
2025-10-07 22:13:59,567 - rs_live_signal_generator - INFO - Index data loaded successfully for detailed calculation
2025-10-07 22:13:59,567 - rs_live_signal_generator - WARNING - Error calculating RS score for ADANIENT: unsupported format string passed to Series.__format__
2025-10-07 22:13:59,597 - rs_live_signal_generator - WARNING - Error calculating RS score for ASIANPAINT: unsupported format string passed to Series.__format__
2025-10-07 22:13:59,610 - rs_live_signal_generator - WARNING - Error calculating RS score for AXISBANK: The truth value of a Series is ambiguous. Use a.empty, a.bool(), a.item(), a.any() or a.all().
2025-10-07 22:13:59,627 - rs_live_signal_generator - WARNING - Error calculating RS score for BAJFINANCE: The truth value of a Series is ambiguous. Use a.empty, a.bool(), a.item(), a.any() or a.all().
2025-10-07 22:13:59,634 - rs_live_signal_generator - WARNING - Error calculating RS score for BHARTIARTL: The truth value of a Series is ambiguous. Use a.empty, a.bool(), a.item(), a.any() or a.all().
2025-10-07 22:13:59,645 - rs_live_signal_generator - WARNING - Error calculating RS score for BPCL: The truth value of a Series is ambiguous. Use a.empty, a.bool(), a.item(), a.any() or a.all().
2025-10-07 22:13:59,649 - rs_live_signal_generator - WARNING - Error calculating RS score for BRITANNIA: The truth value of a Series is ambiguous. Use a.empty, a.bool(), a.item(), a.any() or a.all().
2025-10-07 22:13:59,683 - rs_live_signal_generator - WARNING - Error calculating RS score for HCLTECH: The truth value of a Series is ambiguous. Use a.empty, a.bool(), a.item(), a.any() or a.all().
2025-10-07 22:13:59,699 - rs_live_signal_generator - WARNING - Error calculating RS score for HDFCBANK: The truth value of a Series is ambiguous. Use a.empty, a.bool(), a.item(), a.any() or a.all().
2025-10-07 22:13:59,727 - rs_live_signal_generator - WARNING - Error calculating RS score for ICICIBANK: The truth value of a Series is ambiguous. Use a.empty, a.bool(), a.item(), a.any() or a.all().
2025-10-07 22:13:59,737 - rs_live_signal_generator - WARNING - Error calculating RS score for INDUSINDBK: The truth value of a Series is ambiguous. Use a.empty, a.bool(), a.item(), a.any() or a.all().
2025-10-07 22:13:59,744 - rs_live_signal_generator - WARNING - Error calculating RS score for INFY: The truth value of a Series is ambiguous. Use a.empty, a.bool(), a.item(), a.any() or a.all().
2025-10-07 22:13:59,758 - rs_live_signal_generator - WARNING - Error calculating RS score for ITC: The truth value of a Series is ambiguous. Use a.empty, a.bool(), a.item(), a.any() or a.all().
2025-10-07 22:13:59,767 - rs_live_signal_generator - WARNING - Error calculating RS score for KOTAKBANK: The truth value of a Series is ambiguous. Use a.empty, a.bool(), a.item(), a.any() or a.all().
2025-10-07 22:13:59,767 - rs_live_signal_generator - WARNING - Error calculating RS score for LT: The truth value of a Series is ambiguous. Use a.empty, a.bool(), a.item(), a.any() or a.all().
2025-10-07 22:13:59,787 - rs_live_signal_generator - WARNING - Error calculating RS score for M&M: The truth value of a Series is ambiguous. Use a.empty, a.bool(), a.item(), a.any() or a.all().
2025-10-07 22:13:59,801 - rs_live_signal_generator - WARNING - Error calculating RS score for MARUTI: The truth value of a Series is ambiguous. Use a.empty, a.bool(), a.item(), a.any() or a.all().
2025-10-07 22:13:59,801 - rs_live_signal_generator - WARNING - Error calculating RS score for NESTLEIND: The truth value of a Series is ambiguous. Use a.empty, a.bool(), a.item(), a.any() or a.all().
2025-10-07 22:13:59,822 - rs_live_signal_generator - WARNING - Error calculating RS score for NTPC: The truth value of a Series is ambiguous. Use a.empty, a.bool(), a.item(), a.any() or a.all().
2025-10-07 22:13:59,832 - rs_live_signal_generator - WARNING - Error calculating RS score for RELIANCE: The truth value of a Series is ambiguous. Use a.empty, a.bool(), a.item(), a.any() or a.all().
2025-10-07 22:13:59,849 - rs_live_signal_generator - WARNING - Error calculating RS score for SBIN: The truth value of a Series is ambiguous. Use a.empty, a.bool(), a.item(), a.any() or a.all().
2025-10-07 22:13:59,849 - rs_live_signal_generator - WARNING - Error calculating RS score for SUNPHARMA: The truth value of a Series is ambiguous. Use a.empty, a.bool(), a.item(), a.any() or a.all().
2025-10-07 22:13:59,869 - rs_live_signal_generator - WARNING - Error calculating RS score for TATACONSUM: The truth value of a Series is ambiguous. Use a.empty, a.bool(), a.item(), a.any() or a.all().
2025-10-07 22:13:59,877 - rs_live_signal_generator - WARNING - Error calculating RS score for TATAMOTORS: The truth value of a Series is ambiguous. Use a.empty, a.bool(), a.item(), a.any() or a.all().
2025-10-07 22:13:59,882 - rs_live_signal_generator - WARNING - Error calculating RS score for TATASTEEL: The truth value of a Series is ambiguous. Use a.empty, a.bool(), a.item(), a.any() or a.all().
2025-10-07 22:13:59,899 - rs_live_signal_generator - WARNING - Error calculating RS score for TCS: The truth value of a Series is ambiguous. Use a.empty, a.bool(), a.item(), a.any() or a.all().
2025-10-07 22:13:59,901 - rs_live_signal_generator - WARNING - Error calculating RS score for TECHM: The truth value of a Series is ambiguous. Use a.empty, a.bool(), a.item(), a.any() or a.all().
2025-10-07 22:13:59,917 - rs_live_signal_generator - WARNING - Error calculating RS score for TITAN: The truth value of a Series is ambiguous. Use a.empty, a.bool(), a.item(), a.any() or a.all().
2025-10-07 22:13:59,931 - rs_live_signal_generator - WARNING - Error calculating RS score for UPL: The truth value of a Series is ambiguous. Use a.empty, a.bool(), a.item(), a.any() or a.all().
2025-10-07 22:13:59,933 - rs_live_signal_generator - WARNING - Error calculating RS score for WIPRO: The truth value of a Series is ambiguous. Use a.empty, a.bool(), a.item(), a.any() or a.all().
2025-10-07 22:13:59,933 - rs_live_signal_generator - INFO - RS calculation summary: 18 successful, 2 skipped, 30 errors
2025-10-07 22:13:59,933 - rs_live_signal_generator - INFO - Total stocks with RS scores: 18
2025-10-07 22:13:59,944 - rs_live_signal_generator - INFO - BUY signal #1: EICHERMOT (Rank #1, RS: 0.1341)
2025-10-07 22:13:59,944 - rs_live_signal_generator - INFO - BUY signal #2: HEROMOTOCO (Rank #2, RS: 0.1330)
2025-10-07 22:13:59,944 - rs_live_signal_generator - INFO - BUY signal #3: HINDALCO (Rank #3, RS: 0.0752)
2025-10-07 22:13:59,944 - rs_live_signal_generator - INFO - BUY signal #4: JSWSTEEL (Rank #4, RS: 0.0709)
2025-10-07 22:13:59,947 - rs_live_signal_generator - INFO - BUY signal #5: COALINDIA (Rank #5, RS: 0.0227)
2025-10-07 22:13:59,947 - rs_live_signal_generator - INFO - BUY signal #6: ONGC (Rank #6, RS: 0.0153)
2025-10-07 22:13:59,947 - rs_live_signal_generator - INFO - BUY signal #7: BAJAJFINSV (Rank #7, RS: 0.0145)
2025-10-07 22:13:59,950 - rs_live_signal_generator - INFO - BUY signal #8: HINDUNILVR (Rank #8, RS: 0.0127)
2025-10-07 22:13:59,953 - rs_live_signal_generator - INFO - BUY signal #9: SBILIFE (Rank #9, RS: 0.0055)
2025-10-07 22:13:59,957 - rs_live_signal_generator - INFO - BUY signal #10: BAJAJ-AUTO (Rank #10, RS: 0.0028)
2025-10-07 22:13:59,957 - rs_live_signal_generator - INFO - BUY signal #11: GRASIM (Rank #11, RS: 0.0018)
2025-10-07 22:13:59,959 - rs_live_signal_generator - INFO - BUY signal #12: LTIM (Rank #12, RS: -0.0003)
2025-10-07 22:13:59,961 - rs_live_signal_generator - INFO - BUY signal #13: ULTRACEMCO (Rank #13, RS: -0.0007)
2025-10-07 22:13:59,961 - rs_live_signal_generator - INFO - BUY signal #14: CIPLA (Rank #14, RS: -0.0014)
2025-10-07 22:13:59,963 - rs_live_signal_generator - INFO - BUY signal #15: HDFCLIFE (Rank #15, RS: -0.0151)
2025-10-07 22:13:59,963 - rs_live_signal_generator - INFO - BUY signal #16: POWERGRID (Rank #16, RS: -0.0169)
2025-10-07 22:13:59,963 - rs_live_signal_generator - INFO - BUY signal #17: DRREDDY (Rank #17, RS: -0.0272)
2025-10-07 22:13:59,965 - rs_live_signal_generator - INFO - BUY signal #18: DIVISLAB (Rank #18, RS: -0.0852)
2025-10-07 22:13:59,966 - rs_live_signal_generator - INFO - SELL signal #1: DIVISLAB (Rank #18, RS: -0.0852)
2025-10-07 22:13:59,966 - rs_live_signal_generator - INFO - SELL signal #2: DRREDDY (Rank #17, RS: -0.0272)
2025-10-07 22:13:59,966 - rs_live_signal_generator - INFO - SELL signal #3: POWERGRID (Rank #16, RS: -0.0169)
2025-10-07 22:13:59,966 - rs_live_signal_generator - INFO - SELL signal #4: HDFCLIFE (Rank #15, RS: -0.0151)
2025-10-07 22:13:59,966 - rs_live_signal_generator - INFO - SELL signal #5: CIPLA (Rank #14, RS: -0.0014)
2025-10-07 22:13:59,966 - rs_live_signal_generator - INFO - SELL signal #6: ULTRACEMCO (Rank #13, RS: -0.0007)
2025-10-07 22:13:59,966 - rs_live_signal_generator - INFO - SELL signal #7: LTIM (Rank #12, RS: -0.0003)
2025-10-07 22:13:59,966 - rs_live_signal_generator - INFO - SELL signal #8: GRASIM (Rank #11, RS: 0.0018)
2025-10-07 22:13:59,966 - rs_live_signal_generator - INFO - SELL signal #9: BAJAJ-AUTO (Rank #10, RS: 0.0028)
2025-10-07 22:13:59,966 - rs_live_signal_generator - INFO - SELL signal #10: SBILIFE (Rank #9, RS: 0.0055)
2025-10-07 22:13:59,966 - rs_live_signal_generator - INFO - SELL signal #11: HINDUNILVR (Rank #8, RS: 0.0127)
2025-10-07 22:13:59,966 - rs_live_signal_generator - INFO - SELL signal #12: BAJAJFINSV (Rank #7, RS: 0.0145)
2025-10-07 22:13:59,981 - rs_live_signal_generator - INFO - SELL signal #13: ONGC (Rank #6, RS: 0.0153)
2025-10-07 22:13:59,981 - rs_live_signal_generator - INFO - SELL signal #14: COALINDIA (Rank #5, RS: 0.0227)
2025-10-07 22:13:59,981 - rs_live_signal_generator - INFO - SELL signal #15: JSWSTEEL (Rank #4, RS: 0.0709)
2025-10-07 22:13:59,981 - rs_live_signal_generator - INFO - SELL signal #16: HINDALCO (Rank #3, RS: 0.0752)
2025-10-07 22:13:59,988 - rs_live_signal_generator - INFO - SELL signal #17: HEROMOTOCO (Rank #2, RS: 0.1330)
2025-10-07 22:13:59,988 - rs_live_signal_generator - INFO - SELL signal #18: EICHERMOT (Rank #1, RS: 0.1341)
2025-10-07 22:13:59,988 - rs_live_signal_generator - INFO - Signal generation complete: 18 BUY, 18 SELL
2025-10-07 22:14:00,002 - rs_live_signal_generator - INFO - Saved 36 signals to database
2025-10-07 22:14:00,002 - rs_live_signal_generator - INFO - Successfully generated 36 signals
2025-10-07 22:14:09,160 - rs_live_signal_generator - INFO - RS live signal tables created successfully
2025-10-07 22:14:09,160 - rs_live_signal_generator - INFO - Starting RS signal generation for config 1
2025-10-07 22:14:09,194 - rs_live_signal_generator - INFO - Using configuration: cursor
2025-10-07 22:14:09,194 - rs_live_signal_generator - INFO - Getting stock data from 2024-08-29 to 2025-10-03
2025-10-07 22:14:09,260 - rs_live_signal_generator - INFO - Using 50 curated stocks with complete lookback data for signal generation
2025-10-07 22:14:09,645 - rs_live_signal_generator - INFO - Nifty 50 index data loaded successfully
2025-10-07 22:14:09,652 - rs_live_signal_generator - INFO - Successfully loaded data for 51 symbols
2025-10-07 22:14:09,663 - rs_live_signal_generator - INFO - Index data loaded successfully for detailed calculation
2025-10-07 22:14:09,688 - rs_live_signal_generator - WARNING - Error calculating RS score for ADANIENT: unsupported format string passed to Series.__format__
2025-10-07 22:14:09,813 - rs_live_signal_generator - WARNING - Error calculating RS score for ASIANPAINT: unsupported format string passed to Series.__format__
2025-10-07 22:14:09,836 - rs_live_signal_generator - WARNING - Error calculating RS score for AXISBANK: The truth value of a Series is ambiguous. Use a.empty, a.bool(), a.item(), a.any() or a.all().
2025-10-07 22:14:09,917 - rs_live_signal_generator - WARNING - Error calculating RS score for BAJFINANCE: The truth value of a Series is ambiguous. Use a.empty, a.bool(), a.item(), a.any() or a.all().
2025-10-07 22:14:09,951 - rs_live_signal_generator - WARNING - Error calculating RS score for BHARTIARTL: The truth value of a Series is ambiguous. Use a.empty, a.bool(), a.item(), a.any() or a.all().
2025-10-07 22:14:09,976 - rs_live_signal_generator - WARNING - Error calculating RS score for BPCL: The truth value of a Series is ambiguous. Use a.empty, a.bool(), a.item(), a.any() or a.all().
2025-10-07 22:14:10,020 - rs_live_signal_generator - WARNING - Error calculating RS score for BRITANNIA: The truth value of a Series is ambiguous. Use a.empty, a.bool(), a.item(), a.any() or a.all().
2025-10-07 22:14:10,128 - rs_live_signal_generator - WARNING - Error calculating RS score for HCLTECH: The truth value of a Series is ambiguous. Use a.empty, a.bool(), a.item(), a.any() or a.all().
2025-10-07 22:14:10,143 - rs_live_signal_generator - WARNING - Error calculating RS score for HDFCBANK: The truth value of a Series is ambiguous. Use a.empty, a.bool(), a.item(), a.any() or a.all().
2025-10-07 22:14:10,249 - rs_live_signal_generator - WARNING - Error calculating RS score for ICICIBANK: The truth value of a Series is ambiguous. Use a.empty, a.bool(), a.item(), a.any() or a.all().
2025-10-07 22:14:10,262 - rs_live_signal_generator - WARNING - Error calculating RS score for INDUSINDBK: The truth value of a Series is ambiguous. Use a.empty, a.bool(), a.item(), a.any() or a.all().
2025-10-07 22:14:10,317 - rs_live_signal_generator - WARNING - Error calculating RS score for INFY: The truth value of a Series is ambiguous. Use a.empty, a.bool(), a.item(), a.any() or a.all().
2025-10-07 22:14:10,334 - rs_live_signal_generator - WARNING - Error calculating RS score for ITC: The truth value of a Series is ambiguous. Use a.empty, a.bool(), a.item(), a.any() or a.all().
2025-10-07 22:14:10,367 - rs_live_signal_generator - WARNING - Error calculating RS score for KOTAKBANK: The truth value of a Series is ambiguous. Use a.empty, a.bool(), a.item(), a.any() or a.all().
2025-10-07 22:14:10,388 - rs_live_signal_generator - WARNING - Error calculating RS score for LT: The truth value of a Series is ambiguous. Use a.empty, a.bool(), a.item(), a.any() or a.all().
2025-10-07 22:14:10,421 - rs_live_signal_generator - WARNING - Error calculating RS score for M&M: The truth value of a Series is ambiguous. Use a.empty, a.bool(), a.item(), a.any() or a.all().
2025-10-07 22:14:10,449 - rs_live_signal_generator - WARNING - Error calculating RS score for MARUTI: The truth value of a Series is ambiguous. Use a.empty, a.bool(), a.item(), a.any() or a.all().
2025-10-07 22:14:10,469 - rs_live_signal_generator - WARNING - Error calculating RS score for NESTLEIND: The truth value of a Series is ambiguous. Use a.empty, a.bool(), a.item(), a.any() or a.all().
2025-10-07 22:14:10,567 - rs_live_signal_generator - WARNING - Error calculating RS score for NTPC: The truth value of a Series is ambiguous. Use a.empty, a.bool(), a.item(), a.any() or a.all().
2025-10-07 22:14:10,601 - rs_live_signal_generator - WARNING - Error calculating RS score for RELIANCE: The truth value of a Series is ambiguous. Use a.empty, a.bool(), a.item(), a.any() or a.all().
2025-10-07 22:14:10,636 - rs_live_signal_generator - WARNING - Error calculating RS score for SBIN: The truth value of a Series is ambiguous. Use a.empty, a.bool(), a.item(), a.any() or a.all().
2025-10-07 22:14:10,654 - rs_live_signal_generator - WARNING - Error calculating RS score for SUNPHARMA: The truth value of a Series is ambiguous. Use a.empty, a.bool(), a.item(), a.any() or a.all().
2025-10-07 22:14:10,676 - rs_live_signal_generator - WARNING - Error calculating RS score for TATACONSUM: The truth value of a Series is ambiguous. Use a.empty, a.bool(), a.item(), a.any() or a.all().
2025-10-07 22:14:10,702 - rs_live_signal_generator - WARNING - Error calculating RS score for TATAMOTORS: The truth value of a Series is ambiguous. Use a.empty, a.bool(), a.item(), a.any() or a.all().
2025-10-07 22:14:10,719 - rs_live_signal_generator - WARNING - Error calculating RS score for TATASTEEL: The truth value of a Series is ambiguous. Use a.empty, a.bool(), a.item(), a.any() or a.all().
2025-10-07 22:14:10,736 - rs_live_signal_generator - WARNING - Error calculating RS score for TCS: The truth value of a Series is ambiguous. Use a.empty, a.bool(), a.item(), a.any() or a.all().
2025-10-07 22:14:10,751 - rs_live_signal_generator - WARNING - Error calculating RS score for TECHM: The truth value of a Series is ambiguous. Use a.empty, a.bool(), a.item(), a.any() or a.all().
2025-10-07 22:14:10,760 - rs_live_signal_generator - WARNING - Error calculating RS score for TITAN: The truth value of a Series is ambiguous. Use a.empty, a.bool(), a.item(), a.any() or a.all().
2025-10-07 22:14:10,775 - rs_live_signal_generator - WARNING - Error calculating RS score for UPL: The truth value of a Series is ambiguous. Use a.empty, a.bool(), a.item(), a.any() or a.all().
2025-10-07 22:14:10,775 - rs_live_signal_generator - WARNING - Error calculating RS score for WIPRO: The truth value of a Series is ambiguous. Use a.empty, a.bool(), a.item(), a.any() or a.all().
2025-10-07 22:14:10,775 - rs_live_signal_generator - INFO - RS calculation summary: 18 successful, 2 skipped, 30 errors
2025-10-07 22:14:10,775 - rs_live_signal_generator - INFO - Total stocks with RS scores: 18
2025-10-07 22:14:10,788 - rs_live_signal_generator - INFO - BUY signal #1: EICHERMOT (Rank #1, RS: 0.1341)
2025-10-07 22:14:10,789 - rs_live_signal_generator - INFO - BUY signal #2: HEROMOTOCO (Rank #2, RS: 0.1330)
2025-10-07 22:14:10,792 - rs_live_signal_generator - INFO - BUY signal #3: HINDALCO (Rank #3, RS: 0.0752)
2025-10-07 22:14:10,792 - rs_live_signal_generator - INFO - BUY signal #4: JSWSTEEL (Rank #4, RS: 0.0709)
2025-10-07 22:14:10,796 - rs_live_signal_generator - INFO - BUY signal #5: COALINDIA (Rank #5, RS: 0.0227)
2025-10-07 22:14:10,800 - rs_live_signal_generator - INFO - BUY signal #6: ONGC (Rank #6, RS: 0.0153)
2025-10-07 22:14:10,800 - rs_live_signal_generator - INFO - BUY signal #7: BAJAJFINSV (Rank #7, RS: 0.0145)
2025-10-07 22:14:10,800 - rs_live_signal_generator - INFO - BUY signal #8: HINDUNILVR (Rank #8, RS: 0.0127)
2025-10-07 22:14:10,800 - rs_live_signal_generator - INFO - BUY signal #9: SBILIFE (Rank #9, RS: 0.0055)
2025-10-07 22:14:10,800 - rs_live_signal_generator - INFO - BUY signal #10: BAJAJ-AUTO (Rank #10, RS: 0.0028)
2025-10-07 22:14:10,800 - rs_live_signal_generator - INFO - BUY signal #11: GRASIM (Rank #11, RS: 0.0018)
2025-10-07 22:14:10,800 - rs_live_signal_generator - INFO - BUY signal #12: LTIM (Rank #12, RS: -0.0003)
2025-10-07 22:14:10,800 - rs_live_signal_generator - INFO - BUY signal #13: ULTRACEMCO (Rank #13, RS: -0.0007)
2025-10-07 22:14:10,805 - rs_live_signal_generator - INFO - BUY signal #14: CIPLA (Rank #14, RS: -0.0014)
2025-10-07 22:14:10,809 - rs_live_signal_generator - INFO - BUY signal #15: HDFCLIFE (Rank #15, RS: -0.0151)
2025-10-07 22:14:10,809 - rs_live_signal_generator - INFO - BUY signal #16: POWERGRID (Rank #16, RS: -0.0169)
2025-10-07 22:14:10,809 - rs_live_signal_generator - INFO - BUY signal #17: DRREDDY (Rank #17, RS: -0.0272)
2025-10-07 22:14:10,809 - rs_live_signal_generator - INFO - BUY signal #18: DIVISLAB (Rank #18, RS: -0.0852)
2025-10-07 22:14:10,809 - rs_live_signal_generator - INFO - SELL signal #1: DIVISLAB (Rank #18, RS: -0.0852)
2025-10-07 22:14:10,809 - rs_live_signal_generator - INFO - SELL signal #2: DRREDDY (Rank #17, RS: -0.0272)
2025-10-07 22:14:10,809 - rs_live_signal_generator - INFO - SELL signal #3: POWERGRID (Rank #16, RS: -0.0169)
2025-10-07 22:14:10,809 - rs_live_signal_generator - INFO - SELL signal #4: HDFCLIFE (Rank #15, RS: -0.0151)
2025-10-07 22:14:10,809 - rs_live_signal_generator - INFO - SELL signal #5: CIPLA (Rank #14, RS: -0.0014)
2025-10-07 22:14:10,809 - rs_live_signal_generator - INFO - SELL signal #6: ULTRACEMCO (Rank #13, RS: -0.0007)
2025-10-07 22:14:10,809 - rs_live_signal_generator - INFO - SELL signal #7: LTIM (Rank #12, RS: -0.0003)
2025-10-07 22:14:10,809 - rs_live_signal_generator - INFO - SELL signal #8: GRASIM (Rank #11, RS: 0.0018)
2025-10-07 22:14:10,822 - rs_live_signal_generator - INFO - SELL signal #9: BAJAJ-AUTO (Rank #10, RS: 0.0028)
2025-10-07 22:14:10,825 - rs_live_signal_generator - INFO - SELL signal #10: SBILIFE (Rank #9, RS: 0.0055)
2025-10-07 22:14:10,828 - rs_live_signal_generator - INFO - SELL signal #11: HINDUNILVR (Rank #8, RS: 0.0127)
2025-10-07 22:14:10,830 - rs_live_signal_generator - INFO - SELL signal #12: BAJAJFINSV (Rank #7, RS: 0.0145)
2025-10-07 22:14:10,830 - rs_live_signal_generator - INFO - SELL signal #13: ONGC (Rank #6, RS: 0.0153)
2025-10-07 22:14:10,830 - rs_live_signal_generator - INFO - SELL signal #14: COALINDIA (Rank #5, RS: 0.0227)
2025-10-07 22:14:10,830 - rs_live_signal_generator - INFO - SELL signal #15: JSWSTEEL (Rank #4, RS: 0.0709)
2025-10-07 22:14:10,830 - rs_live_signal_generator - INFO - SELL signal #16: HINDALCO (Rank #3, RS: 0.0752)
2025-10-07 22:14:10,830 - rs_live_signal_generator - INFO - SELL signal #17: HEROMOTOCO (Rank #2, RS: 0.1330)
2025-10-07 22:14:10,830 - rs_live_signal_generator - INFO - SELL signal #18: EICHERMOT (Rank #1, RS: 0.1341)
2025-10-07 22:14:10,830 - rs_live_signal_generator - INFO - Signal generation complete: 18 BUY, 18 SELL
2025-10-07 22:14:10,853 - rs_live_signal_generator - INFO - Saved 36 signals to database
2025-10-07 22:14:10,853 - rs_live_signal_generator - INFO - Successfully generated 36 signals
2025-10-07 22:24:30,764 - rs_live_signal_generator - INFO - RS live signal tables created successfully
2025-10-07 22:24:30,764 - rs_live_signal_generator - INFO - Starting RS signal generation for config 1
2025-10-07 22:24:30,802 - rs_live_signal_generator - INFO - Using configuration: cursor
2025-10-07 22:24:30,802 - rs_live_signal_generator - INFO - Getting stock data from 2024-08-29 to 2025-10-03
2025-10-07 22:24:30,901 - rs_live_signal_generator - INFO - Using 50 curated stocks with complete lookback data for signal generation
2025-10-07 22:24:31,364 - rs_live_signal_generator - INFO - Nifty 50 index data loaded successfully
2025-10-07 22:24:31,364 - rs_live_signal_generator - INFO - Successfully loaded data for 51 symbols
2025-10-07 22:24:31,378 - rs_live_signal_generator - INFO - Index data loaded successfully for detailed calculation
2025-10-07 22:24:31,414 - rs_live_signal_generator - WARNING - Error calculating RS score for ADANIENT: unsupported format string passed to Series.__format__
2025-10-07 22:24:31,450 - rs_live_signal_generator - WARNING - Error calculating RS score for ASIANPAINT: unsupported format string passed to Series.__format__
2025-10-07 22:24:31,471 - rs_live_signal_generator - WARNING - Error calculating RS score for AXISBANK: The truth value of a Series is ambiguous. Use a.empty, a.bool(), a.item(), a.any() or a.all().
2025-10-07 22:24:31,534 - rs_live_signal_generator - WARNING - Error calculating RS score for BAJFINANCE: The truth value of a Series is ambiguous. Use a.empty, a.bool(), a.item(), a.any() or a.all().
2025-10-07 22:24:31,583 - rs_live_signal_generator - WARNING - Error calculating RS score for BHARTIARTL: The truth value of a Series is ambiguous. Use a.empty, a.bool(), a.item(), a.any() or a.all().
2025-10-07 22:24:31,632 - rs_live_signal_generator - WARNING - Error calculating RS score for BPCL: The truth value of a Series is ambiguous. Use a.empty, a.bool(), a.item(), a.any() or a.all().
2025-10-07 22:24:31,669 - rs_live_signal_generator - WARNING - Error calculating RS score for BRITANNIA: The truth value of a Series is ambiguous. Use a.empty, a.bool(), a.item(), a.any() or a.all().
2025-10-07 22:24:44,897 - rs_live_signal_generator - INFO - RS live signal tables created successfully
2025-10-07 22:24:44,899 - rs_live_signal_generator - INFO - Starting RS signal generation for config 1
2025-10-07 22:24:44,929 - rs_live_signal_generator - INFO - Using configuration: cursor
2025-10-07 22:24:44,929 - rs_live_signal_generator - INFO - Getting stock data from 2024-08-29 to 2025-10-03
2025-10-07 22:24:45,018 - rs_live_signal_generator - INFO - Using 50 curated stocks with complete lookback data for signal generation
2025-10-07 22:24:45,316 - rs_live_signal_generator - INFO - Nifty 50 index data loaded successfully
2025-10-07 22:24:45,316 - rs_live_signal_generator - INFO - Successfully loaded data for 51 symbols
2025-10-07 22:24:45,316 - rs_live_signal_generator - INFO - Index data loaded successfully for detailed calculation
2025-10-07 22:24:45,334 - rs_live_signal_generator - WARNING - Error calculating RS score for ADANIENT: unsupported format string passed to Series.__format__
2025-10-07 22:24:45,348 - rs_live_signal_generator - WARNING - Error calculating RS score for ASIANPAINT: unsupported format string passed to Series.__format__
2025-10-07 22:24:45,370 - rs_live_signal_generator - WARNING - Error calculating RS score for AXISBANK: The truth value of a Series is ambiguous. Use a.empty, a.bool(), a.item(), a.any() or a.all().
2025-10-07 22:24:45,380 - rs_live_signal_generator - WARNING - Error calculating RS score for BAJFINANCE: The truth value of a Series is ambiguous. Use a.empty, a.bool(), a.item(), a.any() or a.all().
2025-10-07 22:24:45,396 - rs_live_signal_generator - WARNING - Error calculating RS score for BHARTIARTL: The truth value of a Series is ambiguous. Use a.empty, a.bool(), a.item(), a.any() or a.all().
2025-10-07 22:24:45,396 - rs_live_signal_generator - WARNING - Error calculating RS score for BPCL: The truth value of a Series is ambiguous. Use a.empty, a.bool(), a.item(), a.any() or a.all().
2025-10-07 22:24:45,412 - rs_live_signal_generator - WARNING - Error calculating RS score for BRITANNIA: The truth value of a Series is ambiguous. Use a.empty, a.bool(), a.item(), a.any() or a.all().
2025-10-07 22:24:45,463 - rs_live_signal_generator - WARNING - Error calculating RS score for HCLTECH: The truth value of a Series is ambiguous. Use a.empty, a.bool(), a.item(), a.any() or a.all().
2025-10-07 22:24:45,463 - rs_live_signal_generator - WARNING - Error calculating RS score for HDFCBANK: The truth value of a Series is ambiguous. Use a.empty, a.bool(), a.item(), a.any() or a.all().
2025-10-07 22:24:45,507 - rs_live_signal_generator - WARNING - Error calculating RS score for ICICIBANK: The truth value of a Series is ambiguous. Use a.empty, a.bool(), a.item(), a.any() or a.all().
2025-10-07 22:24:45,511 - rs_live_signal_generator - WARNING - Error calculating RS score for INDUSINDBK: The truth value of a Series is ambiguous. Use a.empty, a.bool(), a.item(), a.any() or a.all().
2025-10-07 22:24:45,527 - rs_live_signal_generator - WARNING - Error calculating RS score for INFY: The truth value of a Series is ambiguous. Use a.empty, a.bool(), a.item(), a.any() or a.all().
2025-10-07 22:24:45,539 - rs_live_signal_generator - WARNING - Error calculating RS score for ITC: The truth value of a Series is ambiguous. Use a.empty, a.bool(), a.item(), a.any() or a.all().
2025-10-07 22:24:45,562 - rs_live_signal_generator - WARNING - Error calculating RS score for KOTAKBANK: The truth value of a Series is ambiguous. Use a.empty, a.bool(), a.item(), a.any() or a.all().
2025-10-07 22:24:45,567 - rs_live_signal_generator - WARNING - Error calculating RS score for LT: The truth value of a Series is ambiguous. Use a.empty, a.bool(), a.item(), a.any() or a.all().
2025-10-07 22:24:45,581 - rs_live_signal_generator - WARNING - Error calculating RS score for M&M: The truth value of a Series is ambiguous. Use a.empty, a.bool(), a.item(), a.any() or a.all().
2025-10-07 22:24:45,603 - rs_live_signal_generator - WARNING - Error calculating RS score for MARUTI: The truth value of a Series is ambiguous. Use a.empty, a.bool(), a.item(), a.any() or a.all().
2025-10-07 22:24:45,607 - rs_live_signal_generator - WARNING - Error calculating RS score for NESTLEIND: The truth value of a Series is ambiguous. Use a.empty, a.bool(), a.item(), a.any() or a.all().
2025-10-07 22:24:45,621 - rs_live_signal_generator - WARNING - Error calculating RS score for NTPC: The truth value of a Series is ambiguous. Use a.empty, a.bool(), a.item(), a.any() or a.all().
2025-10-07 22:24:45,629 - rs_live_signal_generator - WARNING - Error calculating RS score for RELIANCE: The truth value of a Series is ambiguous. Use a.empty, a.bool(), a.item(), a.any() or a.all().
2025-10-07 22:24:45,665 - rs_live_signal_generator - WARNING - Error calculating RS score for SBIN: The truth value of a Series is ambiguous. Use a.empty, a.bool(), a.item(), a.any() or a.all().
2025-10-07 22:24:45,670 - rs_live_signal_generator - WARNING - Error calculating RS score for SUNPHARMA: The truth value of a Series is ambiguous. Use a.empty, a.bool(), a.item(), a.any() or a.all().
2025-10-07 22:24:45,677 - rs_live_signal_generator - WARNING - Error calculating RS score for TATACONSUM: The truth value of a Series is ambiguous. Use a.empty, a.bool(), a.item(), a.any() or a.all().
2025-10-07 22:24:45,690 - rs_live_signal_generator - WARNING - Error calculating RS score for TATAMOTORS: The truth value of a Series is ambiguous. Use a.empty, a.bool(), a.item(), a.any() or a.all().
2025-10-07 22:24:45,696 - rs_live_signal_generator - WARNING - Error calculating RS score for TATASTEEL: The truth value of a Series is ambiguous. Use a.empty, a.bool(), a.item(), a.any() or a.all().
2025-10-07 22:24:45,717 - rs_live_signal_generator - WARNING - Error calculating RS score for TCS: The truth value of a Series is ambiguous. Use a.empty, a.bool(), a.item(), a.any() or a.all().
2025-10-07 22:24:45,738 - rs_live_signal_generator - WARNING - Error calculating RS score for TECHM: The truth value of a Series is ambiguous. Use a.empty, a.bool(), a.item(), a.any() or a.all().
2025-10-07 22:24:45,754 - rs_live_signal_generator - WARNING - Error calculating RS score for TITAN: The truth value of a Series is ambiguous. Use a.empty, a.bool(), a.item(), a.any() or a.all().
2025-10-07 22:24:45,771 - rs_live_signal_generator - WARNING - Error calculating RS score for UPL: The truth value of a Series is ambiguous. Use a.empty, a.bool(), a.item(), a.any() or a.all().
2025-10-07 22:24:45,785 - rs_live_signal_generator - WARNING - Error calculating RS score for WIPRO: The truth value of a Series is ambiguous. Use a.empty, a.bool(), a.item(), a.any() or a.all().
2025-10-07 22:24:45,785 - rs_live_signal_generator - INFO - RS calculation summary: 18 successful, 2 skipped, 30 errors
2025-10-07 22:24:45,785 - rs_live_signal_generator - INFO - Total stocks with RS scores: 18
2025-10-07 22:24:45,785 - rs_live_signal_generator - INFO - BUY signal #1: EICHERMOT (Rank #1, RS: 0.1341)
2025-10-07 22:24:45,790 - rs_live_signal_generator - INFO - BUY signal #2: HEROMOTOCO (Rank #2, RS: 0.1330)
2025-10-07 22:24:45,793 - rs_live_signal_generator - INFO - BUY signal #3: HINDALCO (Rank #3, RS: 0.0752)
2025-10-07 22:24:45,797 - rs_live_signal_generator - INFO - BUY signal #4: JSWSTEEL (Rank #4, RS: 0.0709)
2025-10-07 22:24:45,801 - rs_live_signal_generator - INFO - BUY signal #5: COALINDIA (Rank #5, RS: 0.0227)
2025-10-07 22:24:45,803 - rs_live_signal_generator - INFO - BUY signal #6: ONGC (Rank #6, RS: 0.0153)
2025-10-07 22:24:45,803 - rs_live_signal_generator - INFO - BUY signal #7: BAJAJFINSV (Rank #7, RS: 0.0145)
2025-10-07 22:24:45,805 - rs_live_signal_generator - INFO - BUY signal #8: HINDUNILVR (Rank #8, RS: 0.0127)
2025-10-07 22:24:45,805 - rs_live_signal_generator - INFO - BUY signal #9: SBILIFE (Rank #9, RS: 0.0055)
2025-10-07 22:24:45,805 - rs_live_signal_generator - INFO - BUY signal #10: BAJAJ-AUTO (Rank #10, RS: 0.0028)
2025-10-07 22:24:45,812 - rs_live_signal_generator - INFO - BUY signal #11: GRASIM (Rank #11, RS: 0.0018)
2025-10-07 22:24:45,817 - rs_live_signal_generator - INFO - BUY signal #12: LTIM (Rank #12, RS: -0.0003)
2025-10-07 22:24:45,819 - rs_live_signal_generator - INFO - BUY signal #13: ULTRACEMCO (Rank #13, RS: -0.0007)
2025-10-07 22:24:45,819 - rs_live_signal_generator - INFO - BUY signal #14: CIPLA (Rank #14, RS: -0.0014)
2025-10-07 22:24:45,819 - rs_live_signal_generator - INFO - BUY signal #15: HDFCLIFE (Rank #15, RS: -0.0151)
2025-10-07 22:24:45,819 - rs_live_signal_generator - INFO - BUY signal #16: POWERGRID (Rank #16, RS: -0.0169)
2025-10-07 22:24:45,819 - rs_live_signal_generator - INFO - BUY signal #17: DRREDDY (Rank #17, RS: -0.0272)
2025-10-07 22:24:45,829 - rs_live_signal_generator - INFO - BUY signal #18: DIVISLAB (Rank #18, RS: -0.0852)
2025-10-07 22:24:45,833 - rs_live_signal_generator - INFO - SELL signal #1: DIVISLAB (Rank #18, RS: -0.0852)
2025-10-07 22:24:45,835 - rs_live_signal_generator - INFO - SELL signal #2: DRREDDY (Rank #17, RS: -0.0272)
2025-10-07 22:24:45,837 - rs_live_signal_generator - INFO - SELL signal #3: POWERGRID (Rank #16, RS: -0.0169)
2025-10-07 22:24:45,837 - rs_live_signal_generator - INFO - SELL signal #4: HDFCLIFE (Rank #15, RS: -0.0151)
2025-10-07 22:24:45,837 - rs_live_signal_generator - INFO - SELL signal #5: CIPLA (Rank #14, RS: -0.0014)
2025-10-07 22:24:45,837 - rs_live_signal_generator - INFO - SELL signal #6: ULTRACEMCO (Rank #13, RS: -0.0007)
2025-10-07 22:24:45,837 - rs_live_signal_generator - INFO - SELL signal #7: LTIM (Rank #12, RS: -0.0003)
2025-10-07 22:24:45,837 - rs_live_signal_generator - INFO - SELL signal #8: GRASIM (Rank #11, RS: 0.0018)
2025-10-07 22:24:45,846 - rs_live_signal_generator - INFO - SELL signal #9: BAJAJ-AUTO (Rank #10, RS: 0.0028)
2025-10-07 22:24:45,849 - rs_live_signal_generator - INFO - SELL signal #10: SBILIFE (Rank #9, RS: 0.0055)
2025-10-07 22:24:45,851 - rs_live_signal_generator - INFO - SELL signal #11: HINDUNILVR (Rank #8, RS: 0.0127)
2025-10-07 22:24:45,851 - rs_live_signal_generator - INFO - SELL signal #12: BAJAJFINSV (Rank #7, RS: 0.0145)
2025-10-07 22:24:45,851 - rs_live_signal_generator - INFO - SELL signal #13: ONGC (Rank #6, RS: 0.0153)
2025-10-07 22:24:45,855 - rs_live_signal_generator - INFO - SELL signal #14: COALINDIA (Rank #5, RS: 0.0227)
2025-10-07 22:24:45,855 - rs_live_signal_generator - INFO - SELL signal #15: JSWSTEEL (Rank #4, RS: 0.0709)
2025-10-07 22:24:45,857 - rs_live_signal_generator - INFO - SELL signal #16: HINDALCO (Rank #3, RS: 0.0752)
2025-10-07 22:24:45,857 - rs_live_signal_generator - INFO - SELL signal #17: HEROMOTOCO (Rank #2, RS: 0.1330)
2025-10-07 22:24:45,857 - rs_live_signal_generator - INFO - SELL signal #18: EICHERMOT (Rank #1, RS: 0.1341)
2025-10-07 22:24:45,857 - rs_live_signal_generator - INFO - Signal generation complete: 18 BUY, 18 SELL
2025-10-07 22:24:45,886 - rs_live_signal_generator - INFO - Saved 36 signals to database
2025-10-07 22:24:45,886 - rs_live_signal_generator - INFO - Successfully generated 36 signals
2025-10-07 22:25:57,697 - rs_live_signal_generator - INFO - RS live signal tables created successfully
2025-10-07 22:25:57,699 - rs_live_signal_generator - INFO - Starting RS signal generation for config 1
2025-10-07 22:25:57,735 - rs_live_signal_generator - INFO - Using configuration: cursor
2025-10-07 22:25:57,735 - rs_live_signal_generator - INFO - Getting stock data from 2024-08-29 to 2025-10-03
2025-10-07 22:25:57,816 - rs_live_signal_generator - INFO - Using 50 curated stocks with complete lookback data for signal generation
2025-10-07 22:25:58,093 - rs_live_signal_generator - INFO - Nifty 50 index data loaded successfully
2025-10-07 22:25:58,093 - rs_live_signal_generator - INFO - Successfully loaded data for 51 symbols
2025-10-07 22:25:58,093 - rs_live_signal_generator - INFO - Index data loaded successfully for detailed calculation
2025-10-07 22:25:58,111 - rs_live_signal_generator - WARNING - Error calculating RS score for ADANIENT: unsupported format string passed to Series.__format__
2025-10-07 22:25:58,145 - rs_live_signal_generator - WARNING - Error calculating RS score for ASIANPAINT: unsupported format string passed to Series.__format__
2025-10-07 22:25:58,153 - rs_live_signal_generator - WARNING - Error calculating RS score for AXISBANK: The truth value of a Series is ambiguous. Use a.empty, a.bool(), a.item(), a.any() or a.all().
2025-10-07 22:25:58,178 - rs_live_signal_generator - WARNING - Error calculating RS score for BAJFINANCE: The truth value of a Series is ambiguous. Use a.empty, a.bool(), a.item(), a.any() or a.all().
2025-10-07 22:25:58,178 - rs_live_signal_generator - WARNING - Error calculating RS score for BHARTIARTL: The truth value of a Series is ambiguous. Use a.empty, a.bool(), a.item(), a.any() or a.all().
2025-10-07 22:25:58,194 - rs_live_signal_generator - WARNING - Error calculating RS score for BPCL: The truth value of a Series is ambiguous. Use a.empty, a.bool(), a.item(), a.any() or a.all().
2025-10-07 22:25:58,204 - rs_live_signal_generator - WARNING - Error calculating RS score for BRITANNIA: The truth value of a Series is ambiguous. Use a.empty, a.bool(), a.item(), a.any() or a.all().
2025-10-07 22:25:58,252 - rs_live_signal_generator - WARNING - Error calculating RS score for HCLTECH: The truth value of a Series is ambiguous. Use a.empty, a.bool(), a.item(), a.any() or a.all().
2025-10-07 22:25:58,269 - rs_live_signal_generator - WARNING - Error calculating RS score for HDFCBANK: The truth value of a Series is ambiguous. Use a.empty, a.bool(), a.item(), a.any() or a.all().
2025-10-07 22:25:58,295 - rs_live_signal_generator - WARNING - Error calculating RS score for ICICIBANK: The truth value of a Series is ambiguous. Use a.empty, a.bool(), a.item(), a.any() or a.all().
2025-10-07 22:25:58,317 - rs_live_signal_generator - WARNING - Error calculating RS score for INDUSINDBK: The truth value of a Series is ambiguous. Use a.empty, a.bool(), a.item(), a.any() or a.all().
2025-10-07 22:25:58,329 - rs_live_signal_generator - WARNING - Error calculating RS score for INFY: The truth value of a Series is ambiguous. Use a.empty, a.bool(), a.item(), a.any() or a.all().
2025-10-07 22:25:58,329 - rs_live_signal_generator - WARNING - Error calculating RS score for ITC: The truth value of a Series is ambiguous. Use a.empty, a.bool(), a.item(), a.any() or a.all().
2025-10-07 22:25:58,354 - rs_live_signal_generator - WARNING - Error calculating RS score for KOTAKBANK: The truth value of a Series is ambiguous. Use a.empty, a.bool(), a.item(), a.any() or a.all().
2025-10-07 22:25:58,360 - rs_live_signal_generator - WARNING - Error calculating RS score for LT: The truth value of a Series is ambiguous. Use a.empty, a.bool(), a.item(), a.any() or a.all().
2025-10-07 22:25:58,378 - rs_live_signal_generator - WARNING - Error calculating RS score for M&M: The truth value of a Series is ambiguous. Use a.empty, a.bool(), a.item(), a.any() or a.all().
2025-10-07 22:25:58,389 - rs_live_signal_generator - WARNING - Error calculating RS score for MARUTI: The truth value of a Series is ambiguous. Use a.empty, a.bool(), a.item(), a.any() or a.all().
2025-10-07 22:25:58,392 - rs_live_signal_generator - WARNING - Error calculating RS score for NESTLEIND: The truth value of a Series is ambiguous. Use a.empty, a.bool(), a.item(), a.any() or a.all().
2025-10-07 22:25:58,405 - rs_live_signal_generator - WARNING - Error calculating RS score for NTPC: The truth value of a Series is ambiguous. Use a.empty, a.bool(), a.item(), a.any() or a.all().
2025-10-07 22:25:58,427 - rs_live_signal_generator - WARNING - Error calculating RS score for RELIANCE: The truth value of a Series is ambiguous. Use a.empty, a.bool(), a.item(), a.any() or a.all().
2025-10-07 22:25:58,452 - rs_live_signal_generator - WARNING - Error calculating RS score for SBIN: The truth value of a Series is ambiguous. Use a.empty, a.bool(), a.item(), a.any() or a.all().
2025-10-07 22:25:58,460 - rs_live_signal_generator - WARNING - Error calculating RS score for SUNPHARMA: The truth value of a Series is ambiguous. Use a.empty, a.bool(), a.item(), a.any() or a.all().
2025-10-07 22:25:58,468 - rs_live_signal_generator - WARNING - Error calculating RS score for TATACONSUM: The truth value of a Series is ambiguous. Use a.empty, a.bool(), a.item(), a.any() or a.all().
2025-10-07 22:25:58,484 - rs_live_signal_generator - WARNING - Error calculating RS score for TATAMOTORS: The truth value of a Series is ambiguous. Use a.empty, a.bool(), a.item(), a.any() or a.all().
2025-10-07 22:25:58,490 - rs_live_signal_generator - WARNING - Error calculating RS score for TATASTEEL: The truth value of a Series is ambiguous. Use a.empty, a.bool(), a.item(), a.any() or a.all().
2025-10-07 22:25:58,505 - rs_live_signal_generator - WARNING - Error calculating RS score for TCS: The truth value of a Series is ambiguous. Use a.empty, a.bool(), a.item(), a.any() or a.all().
2025-10-07 22:25:58,517 - rs_live_signal_generator - WARNING - Error calculating RS score for TECHM: The truth value of a Series is ambiguous. Use a.empty, a.bool(), a.item(), a.any() or a.all().
2025-10-07 22:25:58,534 - rs_live_signal_generator - WARNING - Error calculating RS score for TITAN: The truth value of a Series is ambiguous. Use a.empty, a.bool(), a.item(), a.any() or a.all().
2025-10-07 22:25:58,566 - rs_live_signal_generator - WARNING - Error calculating RS score for UPL: The truth value of a Series is ambiguous. Use a.empty, a.bool(), a.item(), a.any() or a.all().
2025-10-07 22:25:58,584 - rs_live_signal_generator - WARNING - Error calculating RS score for WIPRO: The truth value of a Series is ambiguous. Use a.empty, a.bool(), a.item(), a.any() or a.all().
2025-10-07 22:25:58,584 - rs_live_signal_generator - INFO - RS calculation summary: 18 successful, 2 skipped, 30 errors
2025-10-07 22:25:58,584 - rs_live_signal_generator - INFO - Total stocks with RS scores: 18
2025-10-07 22:25:58,584 - rs_live_signal_generator - INFO - BUY signal #1: EICHERMOT (Rank #1, RS: 0.1341)
2025-10-07 22:25:58,587 - rs_live_signal_generator - INFO - BUY signal #2: HEROMOTOCO (Rank #2, RS: 0.1330)
2025-10-07 22:25:58,587 - rs_live_signal_generator - INFO - BUY signal #3: HINDALCO (Rank #3, RS: 0.0752)
2025-10-07 22:25:58,587 - rs_live_signal_generator - INFO - BUY signal #4: JSWSTEEL (Rank #4, RS: 0.0709)
2025-10-07 22:25:58,595 - rs_live_signal_generator - INFO - BUY signal #5: COALINDIA (Rank #5, RS: 0.0227)
2025-10-07 22:25:58,599 - rs_live_signal_generator - INFO - BUY signal #6: ONGC (Rank #6, RS: 0.0153)
2025-10-07 22:25:58,601 - rs_live_signal_generator - INFO - BUY signal #7: BAJAJFINSV (Rank #7, RS: 0.0145)
2025-10-07 22:25:58,601 - rs_live_signal_generator - INFO - BUY signal #8: HINDUNILVR (Rank #8, RS: 0.0127)
2025-10-07 22:25:58,601 - rs_live_signal_generator - INFO - BUY signal #9: SBILIFE (Rank #9, RS: 0.0055)
2025-10-07 22:25:58,601 - rs_live_signal_generator - INFO - BUY signal #10: BAJAJ-AUTO (Rank #10, RS: 0.0028)
2025-10-07 22:25:58,601 - rs_live_signal_generator - INFO - BUY signal #11: GRASIM (Rank #11, RS: 0.0018)
2025-10-07 22:25:58,613 - rs_live_signal_generator - INFO - BUY signal #12: LTIM (Rank #12, RS: -0.0003)
2025-10-07 22:25:58,615 - rs_live_signal_generator - INFO - BUY signal #13: ULTRACEMCO (Rank #13, RS: -0.0007)
2025-10-07 22:25:58,617 - rs_live_signal_generator - INFO - BUY signal #14: CIPLA (Rank #14, RS: -0.0014)
2025-10-07 22:25:58,617 - rs_live_signal_generator - INFO - BUY signal #15: HDFCLIFE (Rank #15, RS: -0.0151)
2025-10-07 22:25:58,617 - rs_live_signal_generator - INFO - BUY signal #16: POWERGRID (Rank #16, RS: -0.0169)
2025-10-07 22:25:58,617 - rs_live_signal_generator - INFO - BUY signal #17: DRREDDY (Rank #17, RS: -0.0272)
2025-10-07 22:25:58,622 - rs_live_signal_generator - INFO - BUY signal #18: DIVISLAB (Rank #18, RS: -0.0852)
2025-10-07 22:25:58,624 - rs_live_signal_generator - INFO - SELL signal #1: DIVISLAB (Rank #18, RS: -0.0852)
2025-10-07 22:25:58,626 - rs_live_signal_generator - INFO - SELL signal #2: DRREDDY (Rank #17, RS: -0.0272)
2025-10-07 22:25:58,631 - rs_live_signal_generator - INFO - SELL signal #3: POWERGRID (Rank #16, RS: -0.0169)
2025-10-07 22:25:58,633 - rs_live_signal_generator - INFO - SELL signal #4: HDFCLIFE (Rank #15, RS: -0.0151)
2025-10-07 22:25:58,633 - rs_live_signal_generator - INFO - SELL signal #5: CIPLA (Rank #14, RS: -0.0014)
2025-10-07 22:25:58,633 - rs_live_signal_generator - INFO - SELL signal #6: ULTRACEMCO (Rank #13, RS: -0.0007)
2025-10-07 22:25:58,633 - rs_live_signal_generator - INFO - SELL signal #7: LTIM (Rank #12, RS: -0.0003)
2025-10-07 22:25:58,633 - rs_live_signal_generator - INFO - SELL signal #8: GRASIM (Rank #11, RS: 0.0018)
2025-10-07 22:25:58,633 - rs_live_signal_generator - INFO - SELL signal #9: BAJAJ-AUTO (Rank #10, RS: 0.0028)
2025-10-07 22:25:58,640 - rs_live_signal_generator - INFO - SELL signal #10: SBILIFE (Rank #9, RS: 0.0055)
2025-10-07 22:25:58,644 - rs_live_signal_generator - INFO - SELL signal #11: HINDUNILVR (Rank #8, RS: 0.0127)
2025-10-07 22:25:58,646 - rs_live_signal_generator - INFO - SELL signal #12: BAJAJFINSV (Rank #7, RS: 0.0145)
2025-10-07 22:25:58,646 - rs_live_signal_generator - INFO - SELL signal #13: ONGC (Rank #6, RS: 0.0153)
2025-10-07 22:25:58,651 - rs_live_signal_generator - INFO - SELL signal #14: COALINDIA (Rank #5, RS: 0.0227)
2025-10-07 22:25:58,651 - rs_live_signal_generator - INFO - SELL signal #15: JSWSTEEL (Rank #4, RS: 0.0709)
2025-10-07 22:25:58,653 - rs_live_signal_generator - INFO - SELL signal #16: HINDALCO (Rank #3, RS: 0.0752)
2025-10-07 22:25:58,653 - rs_live_signal_generator - INFO - SELL signal #17: HEROMOTOCO (Rank #2, RS: 0.1330)
2025-10-07 22:25:58,655 - rs_live_signal_generator - INFO - SELL signal #18: EICHERMOT (Rank #1, RS: 0.1341)
2025-10-07 22:25:58,655 - rs_live_signal_generator - INFO - Signal generation complete: 18 BUY, 18 SELL
2025-10-07 22:25:58,677 - rs_live_signal_generator - INFO - Saved 36 signals to database
2025-10-07 22:25:58,677 - rs_live_signal_generator - INFO - Successfully generated 36 signals
2025-10-07 22:48:50,997 - rs_live_signal_generator - INFO - RS live signal tables created successfully
2025-10-07 22:48:50,997 - rs_live_signal_generator - INFO - Starting RS signal generation for config 1
2025-10-07 22:48:51,093 - rs_live_signal_generator - INFO - Using configuration: cursor
2025-10-07 22:48:51,095 - rs_live_signal_generator - INFO - Getting stock data from 2024-08-29 to 2025-10-03
2025-10-07 22:48:51,271 - rs_live_signal_generator - INFO - Using 50 curated stocks with complete lookback data for signal generation
2025-10-07 22:48:51,773 - rs_live_signal_generator - INFO - Nifty 50 index data loaded successfully
2025-10-07 22:48:51,773 - rs_live_signal_generator - INFO - Successfully loaded data for 51 symbols
2025-10-07 22:48:51,773 - rs_live_signal_generator - INFO - Index data loaded successfully for detailed calculation
2025-10-07 22:48:51,787 - rs_live_signal_generator - WARNING - Error calculating RS score for ADANIENT: unsupported format string passed to Series.__format__
2025-10-07 22:48:51,815 - rs_live_signal_generator - WARNING - Error calculating RS score for ASIANPAINT: unsupported format string passed to Series.__format__
2025-10-07 22:48:51,826 - rs_live_signal_generator - WARNING - Error calculating RS score for AXISBANK: The truth value of a Series is ambiguous. Use a.empty, a.bool(), a.item(), a.any() or a.all().
2025-10-07 22:48:51,836 - rs_live_signal_generator - WARNING - Error calculating RS score for BAJFINANCE: The truth value of a Series is ambiguous. Use a.empty, a.bool(), a.item(), a.any() or a.all().
2025-10-07 22:48:51,858 - rs_live_signal_generator - WARNING - Error calculating RS score for BHARTIARTL: The truth value of a Series is ambiguous. Use a.empty, a.bool(), a.item(), a.any() or a.all().
2025-10-07 22:48:51,866 - rs_live_signal_generator - WARNING - Error calculating RS score for BPCL: The truth value of a Series is ambiguous. Use a.empty, a.bool(), a.item(), a.any() or a.all().
2025-10-07 22:48:51,874 - rs_live_signal_generator - WARNING - Error calculating RS score for BRITANNIA: The truth value of a Series is ambiguous. Use a.empty, a.bool(), a.item(), a.any() or a.all().
2025-10-07 22:48:51,938 - rs_live_signal_generator - WARNING - Error calculating RS score for HCLTECH: The truth value of a Series is ambiguous. Use a.empty, a.bool(), a.item(), a.any() or a.all().
2025-10-07 22:48:51,949 - rs_live_signal_generator - WARNING - Error calculating RS score for HDFCBANK: The truth value of a Series is ambiguous. Use a.empty, a.bool(), a.item(), a.any() or a.all().
2025-10-07 22:48:52,021 - rs_live_signal_generator - WARNING - Error calculating RS score for ICICIBANK: The truth value of a Series is ambiguous. Use a.empty, a.bool(), a.item(), a.any() or a.all().
2025-10-07 22:48:52,042 - rs_live_signal_generator - WARNING - Error calculating RS score for INDUSINDBK: The truth value of a Series is ambiguous. Use a.empty, a.bool(), a.item(), a.any() or a.all().
2025-10-07 22:48:52,058 - rs_live_signal_generator - WARNING - Error calculating RS score for INFY: The truth value of a Series is ambiguous. Use a.empty, a.bool(), a.item(), a.any() or a.all().
2025-10-07 22:48:52,058 - rs_live_signal_generator - WARNING - Error calculating RS score for ITC: The truth value of a Series is ambiguous. Use a.empty, a.bool(), a.item(), a.any() or a.all().
2025-10-07 22:48:52,076 - rs_live_signal_generator - WARNING - Error calculating RS score for KOTAKBANK: The truth value of a Series is ambiguous. Use a.empty, a.bool(), a.item(), a.any() or a.all().
2025-10-07 22:48:52,092 - rs_live_signal_generator - WARNING - Error calculating RS score for LT: The truth value of a Series is ambiguous. Use a.empty, a.bool(), a.item(), a.any() or a.all().
2025-10-07 22:48:52,105 - rs_live_signal_generator - WARNING - Error calculating RS score for M&M: The truth value of a Series is ambiguous. Use a.empty, a.bool(), a.item(), a.any() or a.all().
2025-10-07 22:48:52,129 - rs_live_signal_generator - WARNING - Error calculating RS score for MARUTI: The truth value of a Series is ambiguous. Use a.empty, a.bool(), a.item(), a.any() or a.all().
2025-10-07 22:48:52,143 - rs_live_signal_generator - WARNING - Error calculating RS score for NESTLEIND: The truth value of a Series is ambiguous. Use a.empty, a.bool(), a.item(), a.any() or a.all().
2025-10-07 22:48:52,149 - rs_live_signal_generator - WARNING - Error calculating RS score for NTPC: The truth value of a Series is ambiguous. Use a.empty, a.bool(), a.item(), a.any() or a.all().
2025-10-07 22:48:52,172 - rs_live_signal_generator - WARNING - Error calculating RS score for RELIANCE: The truth value of a Series is ambiguous. Use a.empty, a.bool(), a.item(), a.any() or a.all().
2025-10-07 22:48:52,194 - rs_live_signal_generator - WARNING - Error calculating RS score for SBIN: The truth value of a Series is ambiguous. Use a.empty, a.bool(), a.item(), a.any() or a.all().
2025-10-07 22:48:52,198 - rs_live_signal_generator - WARNING - Error calculating RS score for SUNPHARMA: The truth value of a Series is ambiguous. Use a.empty, a.bool(), a.item(), a.any() or a.all().
2025-10-07 22:48:52,210 - rs_live_signal_generator - WARNING - Error calculating RS score for TATACONSUM: The truth value of a Series is ambiguous. Use a.empty, a.bool(), a.item(), a.any() or a.all().
2025-10-07 22:48:52,216 - rs_live_signal_generator - WARNING - Error calculating RS score for TATAMOTORS: The truth value of a Series is ambiguous. Use a.empty, a.bool(), a.item(), a.any() or a.all().
2025-10-07 22:48:52,227 - rs_live_signal_generator - WARNING - Error calculating RS score for TATASTEEL: The truth value of a Series is ambiguous. Use a.empty, a.bool(), a.item(), a.any() or a.all().
2025-10-07 22:48:52,241 - rs_live_signal_generator - WARNING - Error calculating RS score for TCS: The truth value of a Series is ambiguous. Use a.empty, a.bool(), a.item(), a.any() or a.all().
2025-10-07 22:48:52,255 - rs_live_signal_generator - WARNING - Error calculating RS score for TECHM: The truth value of a Series is ambiguous. Use a.empty, a.bool(), a.item(), a.any() or a.all().
2025-10-07 22:48:52,266 - rs_live_signal_generator - WARNING - Error calculating RS score for TITAN: The truth value of a Series is ambiguous. Use a.empty, a.bool(), a.item(), a.any() or a.all().
2025-10-07 22:48:52,294 - rs_live_signal_generator - WARNING - Error calculating RS score for UPL: The truth value of a Series is ambiguous. Use a.empty, a.bool(), a.item(), a.any() or a.all().
2025-10-07 22:48:52,310 - rs_live_signal_generator - WARNING - Error calculating RS score for WIPRO: The truth value of a Series is ambiguous. Use a.empty, a.bool(), a.item(), a.any() or a.all().
2025-10-07 22:48:52,310 - rs_live_signal_generator - INFO - RS calculation summary: 18 successful, 2 skipped, 30 errors
2025-10-07 22:48:52,310 - rs_live_signal_generator - INFO - Total stocks with RS scores: 18
2025-10-07 22:48:52,312 - rs_live_signal_generator - INFO - BUY signal #1: EICHERMOT (Rank #1, RS: 0.1341)
2025-10-07 22:48:52,312 - rs_live_signal_generator - INFO - BUY signal #2: HEROMOTOCO (Rank #2, RS: 0.1330)
2025-10-07 22:48:52,314 - rs_live_signal_generator - INFO - BUY signal #3: HINDALCO (Rank #3, RS: 0.0752)
2025-10-07 22:48:52,314 - rs_live_signal_generator - INFO - BUY signal #4: JSWSTEEL (Rank #4, RS: 0.0709)
2025-10-07 22:48:52,320 - rs_live_signal_generator - INFO - BUY signal #5: COALINDIA (Rank #5, RS: 0.0227)
2025-10-07 22:48:52,325 - rs_live_signal_generator - INFO - BUY signal #6: ONGC (Rank #6, RS: 0.0153)
2025-10-07 22:48:52,327 - rs_live_signal_generator - INFO - BUY signal #7: BAJAJFINSV (Rank #7, RS: 0.0145)
2025-10-07 22:48:52,327 - rs_live_signal_generator - INFO - BUY signal #8: HINDUNILVR (Rank #8, RS: 0.0127)
2025-10-07 22:48:52,329 - rs_live_signal_generator - INFO - BUY signal #9: SBILIFE (Rank #9, RS: 0.0055)
2025-10-07 22:48:52,331 - rs_live_signal_generator - INFO - BUY signal #10: BAJAJ-AUTO (Rank #10, RS: 0.0028)
2025-10-07 22:48:52,331 - rs_live_signal_generator - INFO - BUY signal #11: GRASIM (Rank #11, RS: 0.0018)
2025-10-07 22:48:52,333 - rs_live_signal_generator - INFO - BUY signal #12: LTIM (Rank #12, RS: -0.0003)
2025-10-07 22:48:52,338 - rs_live_signal_generator - INFO - BUY signal #13: ULTRACEMCO (Rank #13, RS: -0.0007)
2025-10-07 22:48:52,344 - rs_live_signal_generator - INFO - BUY signal #14: CIPLA (Rank #14, RS: -0.0014)
2025-10-07 22:48:52,346 - rs_live_signal_generator - INFO - BUY signal #15: HDFCLIFE (Rank #15, RS: -0.0151)
2025-10-07 22:48:52,346 - rs_live_signal_generator - INFO - BUY signal #16: POWERGRID (Rank #16, RS: -0.0169)
2025-10-07 22:48:52,348 - rs_live_signal_generator - INFO - BUY signal #17: DRREDDY (Rank #17, RS: -0.0272)
2025-10-07 22:48:52,352 - rs_live_signal_generator - INFO - BUY signal #18: DIVISLAB (Rank #18, RS: -0.0852)
2025-10-07 22:48:52,356 - rs_live_signal_generator - INFO - SELL signal #1: DIVISLAB (Rank #18, RS: -0.0852)
2025-10-07 22:48:52,358 - rs_live_signal_generator - INFO - SELL signal #2: DRREDDY (Rank #17, RS: -0.0272)
2025-10-07 22:48:52,360 - rs_live_signal_generator - INFO - SELL signal #3: POWERGRID (Rank #16, RS: -0.0169)
2025-10-07 22:48:52,360 - rs_live_signal_generator - INFO - SELL signal #4: HDFCLIFE (Rank #15, RS: -0.0151)
2025-10-07 22:48:52,362 - rs_live_signal_generator - INFO - SELL signal #5: CIPLA (Rank #14, RS: -0.0014)
2025-10-07 22:48:52,362 - rs_live_signal_generator - INFO - SELL signal #6: ULTRACEMCO (Rank #13, RS: -0.0007)
2025-10-07 22:48:52,362 - rs_live_signal_generator - INFO - SELL signal #7: LTIM (Rank #12, RS: -0.0003)
2025-10-07 22:48:52,362 - rs_live_signal_generator - INFO - SELL signal #8: GRASIM (Rank #11, RS: 0.0018)
2025-10-07 22:48:52,364 - rs_live_signal_generator - INFO - SELL signal #9: BAJAJ-AUTO (Rank #10, RS: 0.0028)
2025-10-07 22:48:52,364 - rs_live_signal_generator - INFO - SELL signal #10: SBILIFE (Rank #9, RS: 0.0055)
2025-10-07 22:48:52,364 - rs_live_signal_generator - INFO - SELL signal #11: HINDUNILVR (Rank #8, RS: 0.0127)
2025-10-07 22:48:52,364 - rs_live_signal_generator - INFO - SELL signal #12: BAJAJFINSV (Rank #7, RS: 0.0145)
2025-10-07 22:48:52,366 - rs_live_signal_generator - INFO - SELL signal #13: ONGC (Rank #6, RS: 0.0153)
2025-10-07 22:48:52,372 - rs_live_signal_generator - INFO - SELL signal #14: COALINDIA (Rank #5, RS: 0.0227)
2025-10-07 22:48:52,376 - rs_live_signal_generator - INFO - SELL signal #15: JSWSTEEL (Rank #4, RS: 0.0709)
2025-10-07 22:48:52,376 - rs_live_signal_generator - INFO - SELL signal #16: HINDALCO (Rank #3, RS: 0.0752)
2025-10-07 22:48:52,378 - rs_live_signal_generator - INFO - SELL signal #17: HEROMOTOCO (Rank #2, RS: 0.1330)
2025-10-07 22:48:52,378 - rs_live_signal_generator - INFO - SELL signal #18: EICHERMOT (Rank #1, RS: 0.1341)
2025-10-07 22:48:52,378 - rs_live_signal_generator - INFO - Signal generation complete: 18 BUY, 18 SELL
2025-10-07 22:48:52,395 - rs_live_signal_generator - INFO - Saved 36 signals to database
2025-10-07 22:48:52,395 - rs_live_signal_generator - INFO - Successfully generated 36 signals
2025-10-07 22:49:14,318 - rs_live_signal_generator - INFO - RS live signal tables created successfully
2025-10-07 22:49:14,318 - rs_live_signal_generator - INFO - Starting RS signal generation for config 1
2025-10-07 22:49:14,376 - rs_live_signal_generator - INFO - Using configuration: cursor
2025-10-07 22:49:14,376 - rs_live_signal_generator - INFO - Getting stock data from 2024-08-29 to 2025-10-03
2025-10-07 22:49:14,601 - rs_live_signal_generator - INFO - Using 50 curated stocks with complete lookback data for signal generation
2025-10-07 22:49:15,983 - rs_live_signal_generator - INFO - Nifty 50 index data loaded successfully
2025-10-07 22:49:15,983 - rs_live_signal_generator - INFO - Successfully loaded data for 51 symbols
2025-10-07 22:49:15,997 - rs_live_signal_generator - INFO - Index data loaded successfully for detailed calculation
2025-10-07 22:49:16,025 - rs_live_signal_generator - WARNING - Error calculating RS score for ADANIENT: unsupported format string passed to Series.__format__
2025-10-07 22:49:16,058 - rs_live_signal_generator - WARNING - Error calculating RS score for ASIANPAINT: unsupported format string passed to Series.__format__
2025-10-07 22:49:16,088 - rs_live_signal_generator - WARNING - Error calculating RS score for AXISBANK: The truth value of a Series is ambiguous. Use a.empty, a.bool(), a.item(), a.any() or a.all().
2025-10-07 22:49:16,123 - rs_live_signal_generator - WARNING - Error calculating RS score for BAJFINANCE: The truth value of a Series is ambiguous. Use a.empty, a.bool(), a.item(), a.any() or a.all().
2025-10-07 22:49:16,141 - rs_live_signal_generator - WARNING - Error calculating RS score for BHARTIARTL: The truth value of a Series is ambiguous. Use a.empty, a.bool(), a.item(), a.any() or a.all().
2025-10-07 22:49:16,169 - rs_live_signal_generator - WARNING - Error calculating RS score for BPCL: The truth value of a Series is ambiguous. Use a.empty, a.bool(), a.item(), a.any() or a.all().
2025-10-07 22:49:16,191 - rs_live_signal_generator - WARNING - Error calculating RS score for BRITANNIA: The truth value of a Series is ambiguous. Use a.empty, a.bool(), a.item(), a.any() or a.all().
2025-10-07 22:49:16,322 - rs_live_signal_generator - WARNING - Error calculating RS score for HCLTECH: The truth value of a Series is ambiguous. Use a.empty, a.bool(), a.item(), a.any() or a.all().
2025-10-07 22:49:16,342 - rs_live_signal_generator - WARNING - Error calculating RS score for HDFCBANK: The truth value of a Series is ambiguous. Use a.empty, a.bool(), a.item(), a.any() or a.all().
2025-10-07 22:49:16,423 - rs_live_signal_generator - WARNING - Error calculating RS score for ICICIBANK: The truth value of a Series is ambiguous. Use a.empty, a.bool(), a.item(), a.any() or a.all().
2025-10-07 22:49:16,442 - rs_live_signal_generator - WARNING - Error calculating RS score for INDUSINDBK: The truth value of a Series is ambiguous. Use a.empty, a.bool(), a.item(), a.any() or a.all().
2025-10-07 22:49:16,466 - rs_live_signal_generator - WARNING - Error calculating RS score for INFY: The truth value of a Series is ambiguous. Use a.empty, a.bool(), a.item(), a.any() or a.all().
2025-10-07 22:49:16,488 - rs_live_signal_generator - WARNING - Error calculating RS score for ITC: The truth value of a Series is ambiguous. Use a.empty, a.bool(), a.item(), a.any() or a.all().
2025-10-07 22:49:16,521 - rs_live_signal_generator - WARNING - Error calculating RS score for KOTAKBANK: The truth value of a Series is ambiguous. Use a.empty, a.bool(), a.item(), a.any() or a.all().
2025-10-07 22:49:16,541 - rs_live_signal_generator - WARNING - Error calculating RS score for LT: The truth value of a Series is ambiguous. Use a.empty, a.bool(), a.item(), a.any() or a.all().
2025-10-07 22:49:16,571 - rs_live_signal_generator - WARNING - Error calculating RS score for M&M: The truth value of a Series is ambiguous. Use a.empty, a.bool(), a.item(), a.any() or a.all().
2025-10-07 22:49:16,591 - rs_live_signal_generator - WARNING - Error calculating RS score for MARUTI: The truth value of a Series is ambiguous. Use a.empty, a.bool(), a.item(), a.any() or a.all().
2025-10-07 22:49:16,619 - rs_live_signal_generator - WARNING - Error calculating RS score for NESTLEIND: The truth value of a Series is ambiguous. Use a.empty, a.bool(), a.item(), a.any() or a.all().
2025-10-07 22:49:16,642 - rs_live_signal_generator - WARNING - Error calculating RS score for NTPC: The truth value of a Series is ambiguous. Use a.empty, a.bool(), a.item(), a.any() or a.all().
2025-10-07 22:49:16,739 - rs_live_signal_generator - WARNING - Error calculating RS score for RELIANCE: The truth value of a Series is ambiguous. Use a.empty, a.bool(), a.item(), a.any() or a.all().
2025-10-07 22:49:16,772 - rs_live_signal_generator - WARNING - Error calculating RS score for SBIN: The truth value of a Series is ambiguous. Use a.empty, a.bool(), a.item(), a.any() or a.all().
2025-10-07 22:49:16,806 - rs_live_signal_generator - WARNING - Error calculating RS score for SUNPHARMA: The truth value of a Series is ambiguous. Use a.empty, a.bool(), a.item(), a.any() or a.all().
2025-10-07 22:49:16,832 - rs_live_signal_generator - WARNING - Error calculating RS score for TATACONSUM: The truth value of a Series is ambiguous. Use a.empty, a.bool(), a.item(), a.any() or a.all().
2025-10-07 22:49:16,858 - rs_live_signal_generator - WARNING - Error calculating RS score for TATAMOTORS: The truth value of a Series is ambiguous. Use a.empty, a.bool(), a.item(), a.any() or a.all().
2025-10-07 22:49:16,888 - rs_live_signal_generator - WARNING - Error calculating RS score for TATASTEEL: The truth value of a Series is ambiguous. Use a.empty, a.bool(), a.item(), a.any() or a.all().
2025-10-07 22:49:16,923 - rs_live_signal_generator - WARNING - Error calculating RS score for TCS: The truth value of a Series is ambiguous. Use a.empty, a.bool(), a.item(), a.any() or a.all().
2025-10-07 22:49:16,986 - rs_live_signal_generator - WARNING - Error calculating RS score for TECHM: The truth value of a Series is ambiguous. Use a.empty, a.bool(), a.item(), a.any() or a.all().
2025-10-07 22:49:17,004 - rs_live_signal_generator - WARNING - Error calculating RS score for TITAN: The truth value of a Series is ambiguous. Use a.empty, a.bool(), a.item(), a.any() or a.all().
2025-10-07 22:49:17,057 - rs_live_signal_generator - WARNING - Error calculating RS score for UPL: The truth value of a Series is ambiguous. Use a.empty, a.bool(), a.item(), a.any() or a.all().
2025-10-07 22:49:17,092 - rs_live_signal_generator - WARNING - Error calculating RS score for WIPRO: The truth value of a Series is ambiguous. Use a.empty, a.bool(), a.item(), a.any() or a.all().
2025-10-07 22:49:17,092 - rs_live_signal_generator - INFO - RS calculation summary: 18 successful, 2 skipped, 30 errors
2025-10-07 22:49:17,092 - rs_live_signal_generator - INFO - Total stocks with RS scores: 18
2025-10-07 22:49:17,093 - rs_live_signal_generator - INFO - BUY signal #1: EICHERMOT (Rank #1, RS: 0.1341)
2025-10-07 22:49:17,100 - rs_live_signal_generator - INFO - BUY signal #2: HEROMOTOCO (Rank #2, RS: 0.1330)
2025-10-07 22:49:17,102 - rs_live_signal_generator - INFO - BUY signal #3: HINDALCO (Rank #3, RS: 0.0752)
2025-10-07 22:49:17,104 - rs_live_signal_generator - INFO - BUY signal #4: JSWSTEEL (Rank #4, RS: 0.0709)
2025-10-07 22:49:17,106 - rs_live_signal_generator - INFO - BUY signal #5: COALINDIA (Rank #5, RS: 0.0227)
2025-10-07 22:49:17,106 - rs_live_signal_generator - INFO - BUY signal #6: ONGC (Rank #6, RS: 0.0153)
2025-10-07 22:49:17,108 - rs_live_signal_generator - INFO - BUY signal #7: BAJAJFINSV (Rank #7, RS: 0.0145)
2025-10-07 22:49:17,111 - rs_live_signal_generator - INFO - BUY signal #8: HINDUNILVR (Rank #8, RS: 0.0127)
2025-10-07 22:49:17,113 - rs_live_signal_generator - INFO - BUY signal #9: SBILIFE (Rank #9, RS: 0.0055)
2025-10-07 22:49:17,117 - rs_live_signal_generator - INFO - BUY signal #10: BAJAJ-AUTO (Rank #10, RS: 0.0028)
2025-10-07 22:49:17,119 - rs_live_signal_generator - INFO - BUY signal #11: GRASIM (Rank #11, RS: 0.0018)
2025-10-07 22:49:17,124 - rs_live_signal_generator - INFO - BUY signal #12: LTIM (Rank #12, RS: -0.0003)
2025-10-07 22:49:17,124 - rs_live_signal_generator - INFO - BUY signal #13: ULTRACEMCO (Rank #13, RS: -0.0007)
2025-10-07 22:49:17,125 - rs_live_signal_generator - INFO - BUY signal #14: CIPLA (Rank #14, RS: -0.0014)
2025-10-07 22:49:17,133 - rs_live_signal_generator - INFO - BUY signal #15: HDFCLIFE (Rank #15, RS: -0.0151)
2025-10-07 22:49:17,159 - rs_live_signal_generator - INFO - BUY signal #16: POWERGRID (Rank #16, RS: -0.0169)
2025-10-07 22:49:17,163 - rs_live_signal_generator - INFO - BUY signal #17: DRREDDY (Rank #17, RS: -0.0272)
2025-10-07 22:49:17,167 - rs_live_signal_generator - INFO - BUY signal #18: DIVISLAB (Rank #18, RS: -0.0852)
2025-10-07 22:49:17,169 - rs_live_signal_generator - INFO - SELL signal #1: DIVISLAB (Rank #18, RS: -0.0852)
2025-10-07 22:49:17,169 - rs_live_signal_generator - INFO - SELL signal #2: DRREDDY (Rank #17, RS: -0.0272)
2025-10-07 22:49:17,173 - rs_live_signal_generator - INFO - SELL signal #3: POWERGRID (Rank #16, RS: -0.0169)
2025-10-07 22:49:17,175 - rs_live_signal_generator - INFO - SELL signal #4: HDFCLIFE (Rank #15, RS: -0.0151)
2025-10-07 22:49:17,175 - rs_live_signal_generator - INFO - SELL signal #5: CIPLA (Rank #14, RS: -0.0014)
2025-10-07 22:49:17,177 - rs_live_signal_generator - INFO - SELL signal #6: ULTRACEMCO (Rank #13, RS: -0.0007)
2025-10-07 22:49:17,179 - rs_live_signal_generator - INFO - SELL signal #7: LTIM (Rank #12, RS: -0.0003)
2025-10-07 22:49:17,182 - rs_live_signal_generator - INFO - SELL signal #8: GRASIM (Rank #11, RS: 0.0018)
2025-10-07 22:49:17,186 - rs_live_signal_generator - INFO - SELL signal #9: BAJAJ-AUTO (Rank #10, RS: 0.0028)
2025-10-07 22:49:17,189 - rs_live_signal_generator - INFO - SELL signal #10: SBILIFE (Rank #9, RS: 0.0055)
2025-10-07 22:49:17,191 - rs_live_signal_generator - INFO - SELL signal #11: HINDUNILVR (Rank #8, RS: 0.0127)
2025-10-07 22:49:17,192 - rs_live_signal_generator - INFO - SELL signal #12: BAJAJFINSV (Rank #7, RS: 0.0145)
2025-10-07 22:49:17,196 - rs_live_signal_generator - INFO - SELL signal #13: ONGC (Rank #6, RS: 0.0153)
2025-10-07 22:49:17,199 - rs_live_signal_generator - INFO - SELL signal #14: COALINDIA (Rank #5, RS: 0.0227)
2025-10-07 22:49:17,239 - rs_live_signal_generator - INFO - SELL signal #15: JSWSTEEL (Rank #4, RS: 0.0709)
2025-10-07 22:49:17,239 - rs_live_signal_generator - INFO - SELL signal #16: HINDALCO (Rank #3, RS: 0.0752)
2025-10-07 22:49:17,241 - rs_live_signal_generator - INFO - SELL signal #17: HEROMOTOCO (Rank #2, RS: 0.1330)
2025-10-07 22:49:17,241 - rs_live_signal_generator - INFO - SELL signal #18: EICHERMOT (Rank #1, RS: 0.1341)
2025-10-07 22:49:17,241 - rs_live_signal_generator - INFO - Signal generation complete: 18 BUY, 18 SELL
2025-10-07 22:49:18,687 - rs_live_signal_generator - INFO - Saved 36 signals to database
2025-10-07 22:49:18,688 - rs_live_signal_generator - INFO - Successfully generated 36 signals
2025-10-08 10:31:24,188 - rs_live_signal_generator - INFO - RS live signal tables created successfully
2025-10-08 10:31:24,190 - rs_live_signal_generator - INFO - Starting RS signal generation for config 1
2025-10-08 10:31:24,207 - rs_live_signal_generator - INFO - Using configuration: cursor
2025-10-08 10:31:24,207 - rs_live_signal_generator - INFO - Getting stock data from 2024-08-29 to 2025-10-03
2025-10-08 10:31:24,491 - rs_live_signal_generator - INFO - Using 50 curated stocks with complete lookback data for signal generation
2025-10-08 10:31:24,909 - rs_live_signal_generator - INFO - Nifty 50 index data loaded successfully
2025-10-08 10:31:24,909 - rs_live_signal_generator - INFO - Successfully loaded data for 51 symbols
2025-10-08 10:31:24,916 - rs_live_signal_generator - INFO - Index data loaded successfully for detailed calculation
2025-10-08 10:31:24,982 - rs_live_signal_generator - WARNING - Error calculating RS score for ADANIENT: unsupported format string passed to Series.__format__
2025-10-08 10:31:25,018 - rs_live_signal_generator - WARNING - Error calculating RS score for ASIANPAINT: unsupported format string passed to Series.__format__
2025-10-08 10:31:25,028 - rs_live_signal_generator - WARNING - Error calculating RS score for AXISBANK: The truth value of a Series is ambiguous. Use a.empty, a.bool(), a.item(), a.any() or a.all().
2025-10-08 10:31:25,062 - rs_live_signal_generator - WARNING - Error calculating RS score for BAJFINANCE: The truth value of a Series is ambiguous. Use a.empty, a.bool(), a.item(), a.any() or a.all().
2025-10-08 10:31:25,082 - rs_live_signal_generator - WARNING - Error calculating RS score for BHARTIARTL: The truth value of a Series is ambiguous. Use a.empty, a.bool(), a.item(), a.any() or a.all().
2025-10-08 10:31:25,092 - rs_live_signal_generator - WARNING - Error calculating RS score for BPCL: The truth value of a Series is ambiguous. Use a.empty, a.bool(), a.item(), a.any() or a.all().
2025-10-08 10:31:25,092 - rs_live_signal_generator - WARNING - Error calculating RS score for BRITANNIA: The truth value of a Series is ambiguous. Use a.empty, a.bool(), a.item(), a.any() or a.all().
2025-10-08 10:31:25,137 - rs_live_signal_generator - WARNING - Error calculating RS score for HCLTECH: The truth value of a Series is ambiguous. Use a.empty, a.bool(), a.item(), a.any() or a.all().
2025-10-08 10:31:25,141 - rs_live_signal_generator - WARNING - Error calculating RS score for HDFCBANK: The truth value of a Series is ambiguous. Use a.empty, a.bool(), a.item(), a.any() or a.all().
2025-10-08 10:31:25,166 - rs_live_signal_generator - WARNING - Error calculating RS score for ICICIBANK: The truth value of a Series is ambiguous. Use a.empty, a.bool(), a.item(), a.any() or a.all().
2025-10-08 10:31:25,172 - rs_live_signal_generator - WARNING - Error calculating RS score for INDUSINDBK: The truth value of a Series is ambiguous. Use a.empty, a.bool(), a.item(), a.any() or a.all().
2025-10-08 10:31:25,172 - rs_live_signal_generator - WARNING - Error calculating RS score for INFY: The truth value of a Series is ambiguous. Use a.empty, a.bool(), a.item(), a.any() or a.all().
2025-10-08 10:31:25,182 - rs_live_signal_generator - WARNING - Error calculating RS score for ITC: The truth value of a Series is ambiguous. Use a.empty, a.bool(), a.item(), a.any() or a.all().
2025-10-08 10:31:25,182 - rs_live_signal_generator - WARNING - Error calculating RS score for KOTAKBANK: The truth value of a Series is ambiguous. Use a.empty, a.bool(), a.item(), a.any() or a.all().
2025-10-08 10:31:25,182 - rs_live_signal_generator - WARNING - Error calculating RS score for LT: The truth value of a Series is ambiguous. Use a.empty, a.bool(), a.item(), a.any() or a.all().
2025-10-08 10:31:25,204 - rs_live_signal_generator - WARNING - Error calculating RS score for M&M: The truth value of a Series is ambiguous. Use a.empty, a.bool(), a.item(), a.any() or a.all().
2025-10-08 10:31:25,208 - rs_live_signal_generator - WARNING - Error calculating RS score for MARUTI: The truth value of a Series is ambiguous. Use a.empty, a.bool(), a.item(), a.any() or a.all().
2025-10-08 10:31:25,213 - rs_live_signal_generator - WARNING - Error calculating RS score for NESTLEIND: The truth value of a Series is ambiguous. Use a.empty, a.bool(), a.item(), a.any() or a.all().
2025-10-08 10:31:25,217 - rs_live_signal_generator - WARNING - Error calculating RS score for NTPC: The truth value of a Series is ambiguous. Use a.empty, a.bool(), a.item(), a.any() or a.all().
2025-10-08 10:31:25,229 - rs_live_signal_generator - WARNING - Error calculating RS score for RELIANCE: The truth value of a Series is ambiguous. Use a.empty, a.bool(), a.item(), a.any() or a.all().
2025-10-08 10:31:25,231 - rs_live_signal_generator - WARNING - Error calculating RS score for SBIN: The truth value of a Series is ambiguous. Use a.empty, a.bool(), a.item(), a.any() or a.all().
2025-10-08 10:31:25,242 - rs_live_signal_generator - WARNING - Error calculating RS score for SUNPHARMA: The truth value of a Series is ambiguous. Use a.empty, a.bool(), a.item(), a.any() or a.all().
2025-10-08 10:31:25,246 - rs_live_signal_generator - WARNING - Error calculating RS score for TATACONSUM: The truth value of a Series is ambiguous. Use a.empty, a.bool(), a.item(), a.any() or a.all().
2025-10-08 10:31:25,246 - rs_live_signal_generator - WARNING - Error calculating RS score for TATAMOTORS: The truth value of a Series is ambiguous. Use a.empty, a.bool(), a.item(), a.any() or a.all().
2025-10-08 10:31:25,246 - rs_live_signal_generator - WARNING - Error calculating RS score for TATASTEEL: The truth value of a Series is ambiguous. Use a.empty, a.bool(), a.item(), a.any() or a.all().
2025-10-08 10:31:25,262 - rs_live_signal_generator - WARNING - Error calculating RS score for TCS: The truth value of a Series is ambiguous. Use a.empty, a.bool(), a.item(), a.any() or a.all().
2025-10-08 10:31:25,270 - rs_live_signal_generator - WARNING - Error calculating RS score for TECHM: The truth value of a Series is ambiguous. Use a.empty, a.bool(), a.item(), a.any() or a.all().
2025-10-08 10:31:25,279 - rs_live_signal_generator - WARNING - Error calculating RS score for TITAN: The truth value of a Series is ambiguous. Use a.empty, a.bool(), a.item(), a.any() or a.all().
2025-10-08 10:31:25,289 - rs_live_signal_generator - WARNING - Error calculating RS score for UPL: The truth value of a Series is ambiguous. Use a.empty, a.bool(), a.item(), a.any() or a.all().
2025-10-08 10:31:25,297 - rs_live_signal_generator - WARNING - Error calculating RS score for WIPRO: The truth value of a Series is ambiguous. Use a.empty, a.bool(), a.item(), a.any() or a.all().
2025-10-08 10:31:25,297 - rs_live_signal_generator - INFO - RS calculation summary: 18 successful, 2 skipped, 30 errors
2025-10-08 10:31:25,297 - rs_live_signal_generator - INFO - Total stocks with RS scores: 18
2025-10-08 10:31:25,297 - rs_live_signal_generator - INFO - BUY signal #1: EICHERMOT (Rank #1, RS: 0.1396)
2025-10-08 10:31:25,297 - rs_live_signal_generator - INFO - BUY signal #2: HEROMOTOCO (Rank #2, RS: 0.1396)
2025-10-08 10:31:25,300 - rs_live_signal_generator - INFO - BUY signal #3: HINDALCO (Rank #3, RS: 0.0780)
2025-10-08 10:31:25,300 - rs_live_signal_generator - INFO - BUY signal #4: JSWSTEEL (Rank #4, RS: 0.0709)
2025-10-08 10:31:25,303 - rs_live_signal_generator - INFO - BUY signal #5: COALINDIA (Rank #5, RS: 0.0327)
2025-10-08 10:31:25,305 - rs_live_signal_generator - INFO - BUY signal #6: ONGC (Rank #6, RS: 0.0189)
2025-10-08 10:31:25,305 - rs_live_signal_generator - INFO - BUY signal #7: BAJAJFINSV (Rank #7, RS: 0.0145)
2025-10-08 10:31:25,307 - rs_live_signal_generator - INFO - BUY signal #8: HINDUNILVR (Rank #8, RS: 0.0127)
2025-10-08 10:31:25,309 - rs_live_signal_generator - INFO - BUY signal #9: SBILIFE (Rank #9, RS: 0.0055)
2025-10-08 10:31:25,309 - rs_live_signal_generator - INFO - BUY signal #10: GRASIM (Rank #10, RS: 0.0030)
2025-10-08 10:31:25,311 - rs_live_signal_generator - INFO - BUY signal #11: BAJAJ-AUTO (Rank #11, RS: 0.0028)
2025-10-08 10:31:25,313 - rs_live_signal_generator - INFO - BUY signal #12: ULTRACEMCO (Rank #12, RS: 0.0015)
2025-10-08 10:31:25,313 - rs_live_signal_generator - INFO - BUY signal #13: LTIM (Rank #13, RS: -0.0003)
2025-10-08 10:31:25,315 - rs_live_signal_generator - INFO - BUY signal #14: CIPLA (Rank #14, RS: -0.0014)
2025-10-08 10:31:25,316 - rs_live_signal_generator - INFO - BUY signal #15: HDFCLIFE (Rank #15, RS: -0.0151)
2025-10-08 10:31:25,316 - rs_live_signal_generator - INFO - BUY signal #16: POWERGRID (Rank #16, RS: -0.0155)
2025-10-08 10:31:25,318 - rs_live_signal_generator - INFO - BUY signal #17: DRREDDY (Rank #17, RS: -0.0251)
2025-10-08 10:31:25,318 - rs_live_signal_generator - INFO - BUY signal #18: DIVISLAB (Rank #18, RS: -0.0839)
2025-10-08 10:31:25,320 - rs_live_signal_generator - INFO - SELL signal #1: DIVISLAB (Rank #18, RS: -0.0839)
2025-10-08 10:31:25,322 - rs_live_signal_generator - INFO - SELL signal #2: DRREDDY (Rank #17, RS: -0.0251)
2025-10-08 10:31:25,323 - rs_live_signal_generator - INFO - SELL signal #3: POWERGRID (Rank #16, RS: -0.0155)
2025-10-08 10:31:25,323 - rs_live_signal_generator - INFO - SELL signal #4: HDFCLIFE (Rank #15, RS: -0.0151)
2025-10-08 10:31:25,325 - rs_live_signal_generator - INFO - SELL signal #5: CIPLA (Rank #14, RS: -0.0014)
2025-10-08 10:31:25,325 - rs_live_signal_generator - INFO - SELL signal #6: LTIM (Rank #13, RS: -0.0003)
2025-10-08 10:31:25,327 - rs_live_signal_generator - INFO - SELL signal #7: ULTRACEMCO (Rank #12, RS: 0.0015)
2025-10-08 10:31:25,327 - rs_live_signal_generator - INFO - SELL signal #8: BAJAJ-AUTO (Rank #11, RS: 0.0028)
2025-10-08 10:31:25,330 - rs_live_signal_generator - INFO - SELL signal #9: GRASIM (Rank #10, RS: 0.0030)
2025-10-08 10:31:25,330 - rs_live_signal_generator - INFO - SELL signal #10: SBILIFE (Rank #9, RS: 0.0055)
2025-10-08 10:31:25,334 - rs_live_signal_generator - INFO - SELL signal #11: HINDUNILVR (Rank #8, RS: 0.0127)
2025-10-08 10:31:25,335 - rs_live_signal_generator - INFO - SELL signal #12: BAJAJFINSV (Rank #7, RS: 0.0145)
2025-10-08 10:31:25,337 - rs_live_signal_generator - INFO - SELL signal #13: ONGC (Rank #6, RS: 0.0189)
2025-10-08 10:31:25,339 - rs_live_signal_generator - INFO - SELL signal #14: COALINDIA (Rank #5, RS: 0.0327)
2025-10-08 10:31:25,341 - rs_live_signal_generator - INFO - SELL signal #15: JSWSTEEL (Rank #4, RS: 0.0709)
2025-10-08 10:31:25,341 - rs_live_signal_generator - INFO - SELL signal #16: HINDALCO (Rank #3, RS: 0.0780)
2025-10-08 10:31:25,343 - rs_live_signal_generator - INFO - SELL signal #17: HEROMOTOCO (Rank #2, RS: 0.1396)
2025-10-08 10:31:25,343 - rs_live_signal_generator - INFO - SELL signal #18: EICHERMOT (Rank #1, RS: 0.1396)
2025-10-08 10:31:25,343 - rs_live_signal_generator - INFO - Signal generation complete: 18 BUY, 18 SELL
2025-10-08 10:31:25,384 - rs_live_signal_generator - INFO - Saved 36 signals to database
2025-10-08 10:31:25,384 - rs_live_signal_generator - INFO - Successfully generated 36 signals
2025-10-08 12:00:10,142 - rs_live_signal_generator - INFO - RS live signal tables created successfully
2025-10-08 13:52:52,267 - rs_live_signal_generator - INFO - RS live signal tables created successfully
2025-10-08 13:52:52,268 - rs_live_signal_generator - INFO - Starting RS signal generation for config 1
2025-10-08 13:52:52,316 - rs_live_signal_generator - INFO - Using configuration: cursor
2025-10-08 13:52:52,317 - rs_live_signal_generator - INFO - Getting stock data from 2024-08-29 to 2025-10-03
2025-10-08 13:52:52,449 - rs_live_signal_generator - INFO - Using 50 curated stocks with complete lookback data for signal generation
2025-10-08 13:52:53,083 - rs_live_signal_generator - INFO - Nifty 50 index data loaded successfully
2025-10-08 13:52:53,083 - rs_live_signal_generator - INFO - Successfully loaded data for 51 symbols
2025-10-08 13:52:53,104 - rs_live_signal_generator - INFO - Index data loaded successfully for detailed calculation
2025-10-08 13:52:56,133 - rs_live_signal_generator - INFO - RS calculation summary: 50 successful, 0 skipped, 0 errors
2025-10-08 13:52:56,135 - rs_live_signal_generator - INFO - Total stocks with RS scores: 50
2025-10-08 13:52:56,148 - rs_live_signal_generator - INFO - BUY signal #1: MARUTI (Rank #1, RS: 0.1453)
2025-10-08 13:52:56,150 - rs_live_signal_generator - INFO - BUY signal #2: EICHERMOT (Rank #2, RS: 0.1396)
2025-10-08 13:52:56,165 - rs_live_signal_generator - INFO - BUY signal #3: HEROMOTOCO (Rank #3, RS: 0.1351)
2025-10-08 13:52:56,166 - rs_live_signal_generator - INFO - BUY signal #4: JSWSTEEL (Rank #4, RS: 0.0855)
2025-10-08 13:52:56,176 - rs_live_signal_generator - INFO - BUY signal #5: HINDALCO (Rank #5, RS: 0.0825)
2025-10-08 13:52:56,180 - rs_live_signal_generator - INFO - BUY signal #6: BAJFINANCE (Rank #6, RS: 0.0782)
2025-10-08 13:52:56,183 - rs_live_signal_generator - INFO - BUY signal #7: SBIN (Rank #7, RS: 0.0758)
2025-10-08 13:52:56,183 - rs_live_signal_generator - INFO - BUY signal #8: M&M (Rank #8, RS: 0.0499)
2025-10-08 13:52:56,196 - rs_live_signal_generator - INFO - BUY signal #9: BPCL (Rank #9, RS: 0.0487)
2025-10-08 13:52:56,200 - rs_live_signal_generator - INFO - BUY signal #10: TATASTEEL (Rank #10, RS: 0.0451)
2025-10-08 13:52:56,211 - rs_live_signal_generator - INFO - BUY signal #11: COALINDIA (Rank #11, RS: 0.0388)
2025-10-08 13:52:56,214 - rs_live_signal_generator - INFO - BUY signal #12: BRITANNIA (Rank #12, RS: 0.0384)
2025-10-08 13:52:56,215 - rs_live_signal_generator - INFO - BUY signal #13: TATACONSUM (Rank #13, RS: 0.0361)
2025-10-08 13:52:56,217 - rs_live_signal_generator - INFO - BUY signal #14: LT (Rank #14, RS: 0.0341)
2025-10-08 13:52:56,231 - rs_live_signal_generator - INFO - BUY signal #15: NTPC (Rank #15, RS: 0.0302)
2025-10-08 13:52:56,233 - rs_live_signal_generator - INFO - BUY signal #16: ONGC (Rank #16, RS: 0.0234)
2025-10-08 13:52:56,249 - rs_live_signal_generator - INFO - BUY signal #17: ADANIENT (Rank #17, RS: 0.0215)
2025-10-08 13:52:56,249 - rs_live_signal_generator - INFO - BUY signal #18: ADANIPORTS (Rank #18, RS: 0.0187)
2025-10-08 13:52:56,263 - rs_live_signal_generator - INFO - BUY signal #19: AXISBANK (Rank #19, RS: 0.0182)
2025-10-08 13:52:56,267 - rs_live_signal_generator - INFO - BUY signal #20: BAJAJFINSV (Rank #20, RS: 0.0145)
2025-10-08 13:52:56,279 - rs_live_signal_generator - INFO - SELL signal #1: DIVISLAB (Rank #50, RS: -0.0839)
2025-10-08 13:52:56,282 - rs_live_signal_generator - INFO - SELL signal #2: TCS (Rank #49, RS: -0.0765)
2025-10-08 13:52:56,282 - rs_live_signal_generator - INFO - SELL signal #3: HCLTECH (Rank #48, RS: -0.0737)
2025-10-08 13:52:56,297 - rs_live_signal_generator - INFO - SELL signal #4: TECHM (Rank #47, RS: -0.0702)
2025-10-08 13:52:56,299 - rs_live_signal_generator - INFO - SELL signal #5: INFY (Rank #46, RS: -0.0459)
2025-10-08 13:52:56,301 - rs_live_signal_generator - INFO - SELL signal #6: INDUSINDBK (Rank #45, RS: -0.0452)
2025-10-08 13:52:56,312 - rs_live_signal_generator - INFO - SELL signal #7: WIPRO (Rank #44, RS: -0.0412)
2025-10-08 13:52:56,315 - rs_live_signal_generator - INFO - SELL signal #8: TITAN (Rank #43, RS: -0.0390)
2025-10-08 13:52:56,318 - rs_live_signal_generator - INFO - SELL signal #9: ASIANPAINT (Rank #42, RS: -0.0329)
2025-10-08 13:52:56,332 - rs_live_signal_generator - INFO - SELL signal #10: DRREDDY (Rank #41, RS: -0.0322)
2025-10-08 13:52:56,343 - rs_live_signal_generator - INFO - SELL signal #11: UPL (Rank #40, RS: -0.0272)
2025-10-08 13:52:56,347 - rs_live_signal_generator - INFO - SELL signal #12: RELIANCE (Rank #39, RS: -0.0268)
2025-10-08 13:52:56,349 - rs_live_signal_generator - INFO - SELL signal #13: ICICIBANK (Rank #38, RS: -0.0223)
2025-10-08 13:52:56,351 - rs_live_signal_generator - INFO - SELL signal #14: BHARTIARTL (Rank #37, RS: -0.0172)
2025-10-08 13:52:56,365 - rs_live_signal_generator - INFO - SELL signal #15: NESTLEIND (Rank #36, RS: -0.0157)
2025-10-08 13:52:56,367 - rs_live_signal_generator - INFO - SELL signal #16: POWERGRID (Rank #35, RS: -0.0155)
2025-10-08 13:52:56,378 - rs_live_signal_generator - INFO - SELL signal #17: HDFCLIFE (Rank #34, RS: -0.0151)
2025-10-08 13:52:56,381 - rs_live_signal_generator - INFO - SELL signal #18: APOLLOHOSP (Rank #33, RS: -0.0143)
2025-10-08 13:52:56,382 - rs_live_signal_generator - INFO - SELL signal #19: KOTAKBANK (Rank #32, RS: -0.0067)
2025-10-08 13:52:56,397 - rs_live_signal_generator - INFO - SELL signal #20: LTIM (Rank #31, RS: -0.0060)
2025-10-08 13:52:56,397 - rs_live_signal_generator - INFO - Signal generation complete: 20 BUY, 20 SELL
2025-10-08 13:52:56,632 - rs_live_signal_generator - INFO - Saved 40 signals to database
2025-10-08 13:52:56,634 - rs_live_signal_generator - INFO - Successfully generated 40 signals
2025-10-08 14:39:23,319 - rs_live_signal_generator - INFO - RS live signal tables created successfully
2025-10-08 15:16:36,557 - rs_live_signal_generator - INFO - RS live signal tables created successfully
2025-10-08 16:43:43,832 - rs_live_signal_generator - INFO - RS live signal tables created successfully
2025-10-08 17:23:24,394 - rs_live_signal_generator - INFO - RS live signal tables created successfully
2025-10-08 21:29:06,513 - rs_live_signal_generator - INFO - RS live signal tables created successfully
2025-10-08 21:33:05,422 - rs_live_signal_generator - INFO - RS live signal tables created successfully
2025-10-08 22:41:52,087 - rs_live_signal_generator - INFO - RS live signal tables created successfully
2025-10-08 22:43:07,710 - rs_live_signal_generator - INFO - RS live signal tables created successfully
2025-10-08 23:33:55,937 - rs_live_signal_generator - INFO - RS live signal tables created successfully
2025-10-09 16:13:14,253 - rs_live_signal_generator - INFO - RS live signal tables created successfully
2025-10-10 15:53:06,511 - rs_live_signal_generator - INFO - RS live signal tables created successfully
2025-10-10 16:30:00,087 - rs_live_signal_generator - INFO - Starting RS signal generation for config 1
2025-10-10 16:30:00,535 - rs_live_signal_generator - INFO - Using configuration: cursor
2025-10-10 16:30:00,538 - rs_live_signal_generator - INFO - Getting stock data from 2024-09-05 to 2025-10-10
2025-10-10 16:30:00,868 - rs_live_signal_generator - INFO - Using 50 curated stocks with complete lookback data for signal generation
2025-10-10 16:30:02,299 - rs_live_signal_generator - INFO - Nifty 50 index data loaded successfully
2025-10-10 16:30:02,306 - rs_live_signal_generator - INFO - Successfully loaded data for 51 symbols
2025-10-10 16:30:02,336 - rs_live_signal_generator - INFO - Index data loaded successfully for detailed calculation
2025-10-10 16:30:06,304 - rs_live_signal_generator - INFO - RS calculation summary: 50 successful, 0 skipped, 0 errors
2025-10-10 16:30:06,305 - rs_live_signal_generator - INFO - Total stocks with RS scores: 50
2025-10-10 16:30:06,319 - rs_live_signal_generator - INFO - BUY signal #1: MARUTI (Rank #1, RS: 0.1213)
2025-10-10 16:30:06,322 - rs_live_signal_generator - INFO - BUY signal #2: HEROMOTOCO (Rank #2, RS: 0.0806)
2025-10-10 16:30:06,325 - rs_live_signal_generator - INFO - BUY signal #3: EICHERMOT (Rank #3, RS: 0.0741)
2025-10-10 16:30:06,328 - rs_live_signal_generator - INFO - BUY signal #4: JSWSTEEL (Rank #4, RS: 0.0509)
2025-10-10 16:30:06,335 - rs_live_signal_generator - INFO - BUY signal #5: HINDALCO (Rank #5, RS: 0.0418)
2025-10-10 16:30:06,340 - rs_live_signal_generator - INFO - BUY signal #6: BAJFINANCE (Rank #6, RS: 0.0399)
2025-10-10 16:30:06,343 - rs_live_signal_generator - INFO - BUY signal #7: LT (Rank #7, RS: 0.0385)
2025-10-10 16:30:06,345 - rs_live_signal_generator - INFO - BUY signal #8: LTIM (Rank #8, RS: 0.0342)
2025-10-10 16:30:06,348 - rs_live_signal_generator - INFO - BUY signal #9: SBIN (Rank #9, RS: 0.0341)
2025-10-10 16:30:06,350 - rs_live_signal_generator - INFO - BUY signal #10: DIVISLAB (Rank #10, RS: 0.0282)
2025-10-10 16:30:06,353 - rs_live_signal_generator - INFO - BUY signal #11: TATASTEEL (Rank #11, RS: 0.0238)
2025-10-10 16:30:06,355 - rs_live_signal_generator - INFO - BUY signal #12: KOTAKBANK (Rank #12, RS: 0.0199)
2025-10-10 16:30:06,358 - rs_live_signal_generator - INFO - BUY signal #13: BAJAJ-AUTO (Rank #13, RS: 0.0184)
2025-10-10 16:30:06,361 - rs_live_signal_generator - INFO - BUY signal #14: AXISBANK (Rank #14, RS: 0.0136)
2025-10-10 16:30:06,363 - rs_live_signal_generator - INFO - BUY signal #15: ONGC (Rank #15, RS: 0.0127)
2025-10-10 16:30:06,365 - rs_live_signal_generator - INFO - BUY signal #16: CIPLA (Rank #16, RS: 0.0103)
2025-10-10 16:30:06,367 - rs_live_signal_generator - INFO - BUY signal #17: HCLTECH (Rank #17, RS: 0.0077)
2025-10-10 16:30:06,369 - rs_live_signal_generator - INFO - BUY signal #18: BHARTIARTL (Rank #18, RS: 0.0039)
2025-10-10 16:30:06,373 - rs_live_signal_generator - INFO - BUY signal #19: APOLLOHOSP (Rank #19, RS: 0.0028)
2025-10-10 16:30:06,379 - rs_live_signal_generator - INFO - BUY signal #20: BPCL (Rank #20, RS: 0.0013)
2025-10-10 16:30:06,386 - rs_live_signal_generator - INFO - SELL signal #1: ASIANPAINT (Rank #50, RS: -0.0514)
2025-10-10 16:30:06,389 - rs_live_signal_generator - INFO - SELL signal #2: TATAMOTORS (Rank #49, RS: -0.0492)
2025-10-10 16:30:06,392 - rs_live_signal_generator - INFO - SELL signal #3: ITC (Rank #48, RS: -0.0409)
2025-10-10 16:30:06,396 - rs_live_signal_generator - INFO - SELL signal #4: TECHM (Rank #47, RS: -0.0387)
2025-10-10 16:30:06,403 - rs_live_signal_generator - INFO - SELL signal #5: INDUSINDBK (Rank #46, RS: -0.0367)
2025-10-10 16:30:06,406 - rs_live_signal_generator - INFO - SELL signal #6: HDFCLIFE (Rank #45, RS: -0.0350)
2025-10-10 16:30:06,411 - rs_live_signal_generator - INFO - SELL signal #7: BRITANNIA (Rank #44, RS: -0.0338)
2025-10-10 16:30:06,420 - rs_live_signal_generator - INFO - SELL signal #8: RELIANCE (Rank #43, RS: -0.0334)
2025-10-10 16:30:06,431 - rs_live_signal_generator - INFO - SELL signal #9: TCS (Rank #42, RS: -0.0301)
2025-10-10 16:30:06,436 - rs_live_signal_generator - INFO - SELL signal #10: BAJAJFINSV (Rank #41, RS: -0.0296)
2025-10-10 16:30:06,438 - rs_live_signal_generator - INFO - SELL signal #11: ICICIBANK (Rank #40, RS: -0.0260)
2025-10-10 16:30:06,442 - rs_live_signal_generator - INFO - SELL signal #12: ADANIPORTS (Rank #39, RS: -0.0237)
2025-10-10 16:30:06,445 - rs_live_signal_generator - INFO - SELL signal #13: DRREDDY (Rank #38, RS: -0.0228)
2025-10-10 16:30:06,450 - rs_live_signal_generator - INFO - SELL signal #14: UPL (Rank #37, RS: -0.0219)
2025-10-10 16:30:06,457 - rs_live_signal_generator - INFO - SELL signal #15: HINDUNILVR (Rank #36, RS: -0.0204)
2025-10-10 16:30:06,464 - rs_live_signal_generator - INFO - SELL signal #16: POWERGRID (Rank #35, RS: -0.0203)
2025-10-10 16:30:06,471 - rs_live_signal_generator - INFO - SELL signal #17: NESTLEIND (Rank #34, RS: -0.0179)
2025-10-10 16:30:06,478 - rs_live_signal_generator - INFO - SELL signal #18: WIPRO (Rank #33, RS: -0.0172)
2025-10-10 16:30:06,489 - rs_live_signal_generator - INFO - SELL signal #19: INFY (Rank #32, RS: -0.0158)
2025-10-10 16:30:06,495 - rs_live_signal_generator - INFO - SELL signal #20: ULTRACEMCO (Rank #31, RS: -0.0133)
2025-10-10 16:30:06,501 - rs_live_signal_generator - INFO - Signal generation complete: 20 BUY, 20 SELL
2025-10-10 16:30:06,609 - rs_live_signal_generator - INFO - Saved 40 signals to database
2025-10-10 16:30:06,610 - rs_live_signal_generator - INFO - Successfully generated 40 signals
2025-10-11 09:07:59,215 - rs_live_signal_generator - INFO - RS live signal tables created successfully
2025-10-11 09:18:28,774 - rs_live_signal_generator - INFO - RS live signal tables created successfully
2025-10-13 22:34:55,166 - rs_live_signal_generator - INFO - RS live signal tables created successfully
2025-10-13 22:35:26,498 - rs_live_signal_generator - INFO - RS live signal tables created successfully
2025-10-13 22:35:58,871 - rs_live_signal_generator - INFO - RS live signal tables created successfully
2025-10-14 00:06:01,177 - rs_live_signal_generator - INFO - RS live signal tables created successfully
2025-10-14 12:09:05,723 - rs_live_signal_generator - INFO - RS live signal tables created successfully
2025-10-14 15:25:47,479 - rs_live_signal_generator - INFO - RS live signal tables created successfully
2025-10-14 15:26:37,432 - rs_live_signal_generator - INFO - RS live signal tables created successfully
2025-10-14 15:35:10,979 - rs_live_signal_generator - INFO - RS live signal tables created successfully
2025-10-15 11:56:59,083 - rs_live_signal_generator - INFO - RS live signal tables created successfully
2025-10-15 11:56:59,091 - rs_live_signal_generator - INFO - RS live signal tables created successfully
2025-10-15 11:58:29,225 - rs_live_signal_generator - INFO - RS live signal tables created successfully
2025-10-15 11:59:41,770 - rs_live_signal_generator - INFO - RS live signal tables created successfully
2025-10-15 12:00:25,550 - rs_live_signal_generator - INFO - RS live signal tables created successfully
2025-10-15 12:00:46,588 - rs_live_signal_generator - INFO - RS live signal tables created successfully
2025-10-15 12:43:08,452 - rs_live_signal_generator - INFO - RS live signal tables created successfully
2025-10-15 12:48:02,831 - rs_live_signal_generator - INFO - RS live signal tables created successfully
2025-10-15 12:49:05,906 - rs_live_signal_generator - INFO - RS live signal tables created successfully
2025-10-15 13:21:19,701 - rs_live_signal_generator - INFO - RS live signal tables created successfully
2025-10-15 14:46:57,696 - rs_live_signal_generator - INFO - RS live signal tables created successfully
2025-10-15 15:02:32,589 - rs_live_signal_generator - INFO - RS live signal tables created successfully
2025-10-15 16:10:05,014 - rs_live_signal_generator - INFO - RS live signal tables created successfully
2025-10-15 19:15:12,822 - rs_live_signal_generator - INFO - RS live signal tables created successfully
2025-10-15 19:23:50,608 - rs_live_signal_generator - INFO - RS live signal tables created successfully
2025-10-15 19:36:23,664 - rs_live_signal_generator - INFO - RS live signal tables created successfully
2025-10-15 21:28:33,186 - rs_live_signal_generator - INFO - RS live signal tables created successfully
2025-10-15 21:41:29,105 - rs_live_signal_generator - INFO - RS live signal tables created successfully
2025-10-15 22:41:24,753 - rs_live_signal_generator - INFO - RS live signal tables created successfully
2025-10-15 22:41:49,232 - rs_live_signal_generator - INFO - RS live signal tables created successfully
2025-10-15 22:42:31,598 - rs_live_signal_generator - INFO - RS live signal tables created successfully
2025-10-15 22:43:42,055 - rs_live_signal_generator - INFO - RS live signal tables created successfully
2025-10-15 22:52:57,214 - rs_live_signal_generator - INFO - RS live signal tables created successfully
2025-10-15 23:09:14,871 - rs_live_signal_generator - INFO - RS live signal tables created successfully
2025-10-16 00:33:06,827 - rs_live_signal_generator - INFO - RS live signal tables created successfully
2025-10-16 09:51:44,596 - rs_live_signal_generator - INFO - RS live signal tables created successfully
2025-10-16 11:26:33,207 - rs_live_signal_generator - INFO - RS live signal tables created successfully
2025-10-16 13:22:59,110 - rs_live_signal_generator - INFO - RS live signal tables created successfully
2025-10-16 15:38:31,839 - rs_live_signal_generator - INFO - RS live signal tables created successfully
2025-10-16 17:17:23,069 - rs_live_signal_generator - INFO - RS live signal tables created successfully
2025-10-16 17:38:26,240 - rs_live_signal_generator - INFO - RS live signal tables created successfully
2025-10-16 23:09:22,959 - rs_live_signal_generator - INFO - RS live signal tables created successfully
2025-10-16 23:14:36,857 - rs_live_signal_generator - INFO - RS live signal tables created successfully
2025-10-17 12:00:08,559 - rs_live_signal_generator - INFO - RS live signal tables created successfully
2025-10-18 09:06:04,220 - rs_live_signal_generator - INFO - RS live signal tables created successfully
2025-10-18 16:47:58,420 - rs_live_signal_generator - INFO - RS live signal tables created successfully
2025-10-18 17:04:57,642 - rs_live_signal_generator - INFO - RS live signal tables created successfully
2025-10-19 11:26:35,715 - rs_live_signal_generator - INFO - RS live signal tables created successfully
2025-10-19 11:36:37,747 - rs_live_signal_generator - INFO - RS live signal tables created successfully
2025-10-19 16:19:37,991 - rs_live_signal_generator - INFO - RS live signal tables created successfully
2025-10-19 16:20:22,270 - rs_live_signal_generator - INFO - RS live signal tables created successfully
2025-10-19 23:46:29,158 - rs_live_signal_generator - INFO - RS live signal tables created successfully
2025-10-19 23:47:58,860 - rs_live_signal_generator - INFO - RS live signal tables created successfully
2025-10-20 00:04:41,510 - rs_live_signal_generator - INFO - RS live signal tables created successfully
2025-10-20 00:11:31,448 - rs_live_signal_generator - INFO - RS live signal tables created successfully
2025-10-20 00:18:28,602 - rs_live_signal_generator - INFO - RS live signal tables created successfully
2025-10-20 00:24:00,133 - rs_live_signal_generator - INFO - RS live signal tables created successfully
2025-10-20 00:31:53,947 - rs_live_signal_generator - INFO - RS live signal tables created successfully
2025-10-20 00:36:23,083 - rs_live_signal_generator - INFO - RS live signal tables created successfully
2025-10-20 00:37:47,907 - rs_live_signal_generator - INFO - RS live signal tables created successfully
2025-10-20 00:44:39,940 - rs_live_signal_generator - INFO - RS live signal tables created successfully
2025-10-20 00:49:59,274 - rs_live_signal_generator - INFO - RS live signal tables created successfully
2025-10-20 00:57:40,483 - rs_live_signal_generator - INFO - RS live signal tables created successfully
2025-10-20 01:20:53,249 - rs_live_signal_generator - INFO - RS live signal tables created successfully
2025-10-20 01:47:06,943 - rs_live_signal_generator - INFO - RS live signal tables created successfully
2025-10-20 02:07:34,858 - rs_live_signal_generator - INFO - RS live signal tables created successfully
2025-10-20 02:32:11,688 - rs_live_signal_generator - INFO - RS live signal tables created successfully
2025-10-20 03:52:06,211 - rs_live_signal_generator - INFO - RS live signal tables created successfully
2025-10-20 08:17:54,973 - rs_live_signal_generator - INFO - RS live signal tables created successfully
2025-10-20 10:00:23,854 - rs_live_signal_generator - INFO - RS live signal tables created successfully
2025-10-20 10:01:30,099 - rs_live_signal_generator - INFO - RS live signal tables created successfully
2025-10-20 10:03:13,765 - rs_live_signal_generator - INFO - RS live signal tables created successfully
2025-10-20 10:10:17,264 - rs_live_signal_generator - INFO - RS live signal tables created successfully
2025-10-20 10:13:40,026 - rs_live_signal_generator - INFO - RS live signal tables created successfully
2025-10-20 10:20:08,583 - rs_live_signal_generator - INFO - RS live signal tables created successfully
2025-10-20 12:27:07,068 - rs_live_signal_generator - INFO - RS live signal tables created successfully
2025-10-21 10:35:03,505 - rs_live_signal_generator - INFO - RS live signal tables created successfully
2025-10-21 10:52:48,807 - rs_live_signal_generator - INFO - RS live signal tables created successfully
2025-10-21 11:00:30,570 - rs_live_signal_generator - INFO - RS live signal tables created successfully
2025-10-21 23:35:03,814 - rs_live_signal_generator - INFO - RS live signal tables created successfully
2025-10-21 23:38:06,689 - rs_live_signal_generator - INFO - RS live signal tables created successfully
2025-10-21 23:53:48,158 - rs_live_signal_generator - INFO - RS live signal tables created successfully
2025-10-22 00:06:56,623 - rs_live_signal_generator - INFO - RS live signal tables created successfully
2025-10-22 00:20:06,605 - rs_live_signal_generator - INFO - RS live signal tables created successfully
2025-10-22 00:36:40,817 - rs_live_signal_generator - INFO - RS live signal tables created successfully
2025-10-22 00:44:24,408 - rs_live_signal_generator - INFO - RS live signal tables created successfully
2025-10-22 00:56:25,185 - rs_live_signal_generator - INFO - RS live signal tables created successfully
2025-10-22 11:26:25,246 - rs_live_signal_generator - INFO - RS live signal tables created successfully
2025-10-22 12:08:42,000 - rs_live_signal_generator - INFO - RS live signal tables created successfully
2025-10-22 14:02:47,504 - rs_live_signal_generator - INFO - RS live signal tables created successfully
2025-10-22 14:24:43,157 - rs_live_signal_generator - INFO - RS live signal tables created successfully
2025-10-22 14:40:52,073 - rs_live_signal_generator - INFO - RS live signal tables created successfully
2025-10-22 14:52:53,802 - rs_live_signal_generator - INFO - RS live signal tables created successfully
2025-10-22 17:07:52,948 - rs_live_signal_generator - INFO - RS live signal tables created successfully
2025-10-22 17:51:49,160 - rs_live_signal_generator - INFO - RS live signal tables created successfully
2025-10-22 18:00:00,037 - rs_live_signal_generator - INFO - Starting RS signal generation for config 1, user None
2025-10-22 18:00:00,113 - rs_live_signal_generator - INFO - Using configuration: cursor
2025-10-22 18:00:00,136 - rs_live_signal_generator - INFO - Getting stock data from 2024-09-12 to 2025-10-17
2025-10-22 18:00:03,301 - rs_live_signal_generator - INFO - Found 499 stock symbols for signal generation
2025-10-22 18:00:18,834 - rs_live_signal_generator - WARNING - No Nifty 50 index data found
2025-10-22 18:00:18,835 - rs_live_signal_generator - INFO - Successfully loaded data for 499 symbols
2025-10-22 18:00:18,838 - rs_live_signal_generator - WARNING - Error calculating RS score for 360ONE: RSStrategyBacktester.calculate_rs_score() takes 4 positional arguments but 7 were given
2025-10-22 18:00:18,840 - rs_live_signal_generator - WARNING - Error calculating RS score for 3MINDIA: RSStrategyBacktester.calculate_rs_score() takes 4 positional arguments but 7 were given
2025-10-22 18:00:18,842 - rs_live_signal_generator - WARNING - Error calculating RS score for AADHARHFC: RSStrategyBacktester.calculate_rs_score() takes 4 positional arguments but 7 were given
2025-10-22 18:00:18,844 - rs_live_signal_generator - WARNING - Error calculating RS score for AARTIIND: RSStrategyBacktester.calculate_rs_score() takes 4 positional arguments but 7 were given
2025-10-22 18:00:18,845 - rs_live_signal_generator - WARNING - Error calculating RS score for AAVAS: RSStrategyBacktester.calculate_rs_score() takes 4 positional arguments but 7 were given
2025-10-22 18:00:18,847 - rs_live_signal_generator - WARNING - Error calculating RS score for ABB: RSStrategyBacktester.calculate_rs_score() takes 4 positional arguments but 7 were given
2025-10-22 18:00:18,849 - rs_live_signal_generator - WARNING - Error calculating RS score for ABBOTINDIA: RSStrategyBacktester.calculate_rs_score() takes 4 positional arguments but 7 were given
2025-10-22 18:00:18,850 - rs_live_signal_generator - WARNING - Error calculating RS score for ABCAPITAL: RSStrategyBacktester.calculate_rs_score() takes 4 positional arguments but 7 were given
2025-10-22 18:00:18,852 - rs_live_signal_generator - WARNING - Error calculating RS score for ABFRL: RSStrategyBacktester.calculate_rs_score() takes 4 positional arguments but 7 were given
2025-10-22 18:00:18,854 - rs_live_signal_generator - WARNING - Error calculating RS score for ABREL: RSStrategyBacktester.calculate_rs_score() takes 4 positional arguments but 7 were given
2025-10-22 18:00:18,856 - rs_live_signal_generator - WARNING - Error calculating RS score for ABSLAMC: RSStrategyBacktester.calculate_rs_score() takes 4 positional arguments but 7 were given
2025-10-22 18:00:18,859 - rs_live_signal_generator - WARNING - Error calculating RS score for ACC: RSStrategyBacktester.calculate_rs_score() takes 4 positional arguments but 7 were given
2025-10-22 18:00:18,865 - rs_live_signal_generator - WARNING - Error calculating RS score for ACE: RSStrategyBacktester.calculate_rs_score() takes 4 positional arguments but 7 were given
2025-10-22 18:00:18,867 - rs_live_signal_generator - WARNING - Error calculating RS score for ACMESOLAR: RSStrategyBacktester.calculate_rs_score() takes 4 positional arguments but 7 were given
2025-10-22 18:00:18,869 - rs_live_signal_generator - WARNING - Error calculating RS score for ADANIENSOL: RSStrategyBacktester.calculate_rs_score() takes 4 positional arguments but 7 were given
2025-10-22 18:00:18,871 - rs_live_signal_generator - WARNING - Error calculating RS score for ADANIENT: RSStrategyBacktester.calculate_rs_score() takes 4 positional arguments but 7 were given
2025-10-22 18:00:18,877 - rs_live_signal_generator - WARNING - Error calculating RS score for ADANIGREEN: RSStrategyBacktester.calculate_rs_score() takes 4 positional arguments but 7 were given
2025-10-22 18:00:18,883 - rs_live_signal_generator - WARNING - Error calculating RS score for ADANIPORTS: RSStrategyBacktester.calculate_rs_score() takes 4 positional arguments but 7 were given
2025-10-22 18:00:18,886 - rs_live_signal_generator - WARNING - Error calculating RS score for ADANIPOWER: RSStrategyBacktester.calculate_rs_score() takes 4 positional arguments but 7 were given
2025-10-22 18:00:18,889 - rs_live_signal_generator - WARNING - Error calculating RS score for AEGISLOG: RSStrategyBacktester.calculate_rs_score() takes 4 positional arguments but 7 were given
2025-10-22 18:00:18,901 - rs_live_signal_generator - WARNING - Error calculating RS score for AFCONS: RSStrategyBacktester.calculate_rs_score() takes 4 positional arguments but 7 were given
2025-10-22 18:00:18,903 - rs_live_signal_generator - WARNING - Error calculating RS score for AFFLE: RSStrategyBacktester.calculate_rs_score() takes 4 positional arguments but 7 were given
2025-10-22 18:00:18,905 - rs_live_signal_generator - WARNING - Error calculating RS score for AIAENG: RSStrategyBacktester.calculate_rs_score() takes 4 positional arguments but 7 were given
2025-10-22 18:00:18,913 - rs_live_signal_generator - WARNING - Error calculating RS score for AIIL: RSStrategyBacktester.calculate_rs_score() takes 4 positional arguments but 7 were given
2025-10-22 18:00:18,922 - rs_live_signal_generator - WARNING - Error calculating RS score for AJANTPHARM: RSStrategyBacktester.calculate_rs_score() takes 4 positional arguments but 7 were given
2025-10-22 18:00:18,930 - rs_live_signal_generator - WARNING - Error calculating RS score for AKUMS: RSStrategyBacktester.calculate_rs_score() takes 4 positional arguments but 7 were given
2025-10-22 18:00:18,936 - rs_live_signal_generator - WARNING - Error calculating RS score for ALIVUS: RSStrategyBacktester.calculate_rs_score() takes 4 positional arguments but 7 were given
2025-10-22 18:00:18,938 - rs_live_signal_generator - WARNING - Error calculating RS score for ALKEM: RSStrategyBacktester.calculate_rs_score() takes 4 positional arguments but 7 were given
2025-10-22 18:00:18,941 - rs_live_signal_generator - WARNING - Error calculating RS score for ALKYLAMINE: RSStrategyBacktester.calculate_rs_score() takes 4 positional arguments but 7 were given
2025-10-22 18:00:18,949 - rs_live_signal_generator - WARNING - Error calculating RS score for ALOKINDS: RSStrategyBacktester.calculate_rs_score() takes 4 positional arguments but 7 were given
2025-10-22 18:00:18,955 - rs_live_signal_generator - WARNING - Error calculating RS score for AMBER: RSStrategyBacktester.calculate_rs_score() takes 4 positional arguments but 7 were given
2025-10-22 18:00:18,958 - rs_live_signal_generator - WARNING - Error calculating RS score for AMBUJACEM: RSStrategyBacktester.calculate_rs_score() takes 4 positional arguments but 7 were given
2025-10-22 18:00:18,965 - rs_live_signal_generator - WARNING - Error calculating RS score for ANANDRATHI: RSStrategyBacktester.calculate_rs_score() takes 4 positional arguments but 7 were given
2025-10-22 18:00:18,971 - rs_live_signal_generator - WARNING - Error calculating RS score for ANANTRAJ: RSStrategyBacktester.calculate_rs_score() takes 4 positional arguments but 7 were given
2025-10-22 18:00:18,977 - rs_live_signal_generator - WARNING - Error calculating RS score for ANGELONE: RSStrategyBacktester.calculate_rs_score() takes 4 positional arguments but 7 were given
2025-10-22 18:00:18,988 - rs_live_signal_generator - WARNING - Error calculating RS score for APARINDS: RSStrategyBacktester.calculate_rs_score() takes 4 positional arguments but 7 were given
2025-10-22 18:00:19,001 - rs_live_signal_generator - WARNING - Error calculating RS score for APLAPOLLO: RSStrategyBacktester.calculate_rs_score() takes 4 positional arguments but 7 were given
2025-10-22 18:00:19,004 - rs_live_signal_generator - WARNING - Error calculating RS score for APLLTD: RSStrategyBacktester.calculate_rs_score() takes 4 positional arguments but 7 were given
2025-10-22 18:00:19,006 - rs_live_signal_generator - WARNING - Error calculating RS score for APOLLOHOSP: RSStrategyBacktester.calculate_rs_score() takes 4 positional arguments but 7 were given
2025-10-22 18:00:19,018 - rs_live_signal_generator - WARNING - Error calculating RS score for APOLLOTYRE: RSStrategyBacktester.calculate_rs_score() takes 4 positional arguments but 7 were given
2025-10-22 18:00:19,021 - rs_live_signal_generator - WARNING - Error calculating RS score for APTUS: RSStrategyBacktester.calculate_rs_score() takes 4 positional arguments but 7 were given
2025-10-22 18:00:19,033 - rs_live_signal_generator - WARNING - Error calculating RS score for ARE&M: RSStrategyBacktester.calculate_rs_score() takes 4 positional arguments but 7 were given
2025-10-22 18:00:19,037 - rs_live_signal_generator - WARNING - Error calculating RS score for ASAHIINDIA: RSStrategyBacktester.calculate_rs_score() takes 4 positional arguments but 7 were given
2025-10-22 18:00:19,042 - rs_live_signal_generator - WARNING - Error calculating RS score for ASHOKLEY: RSStrategyBacktester.calculate_rs_score() takes 4 positional arguments but 7 were given
2025-10-22 18:00:19,052 - rs_live_signal_generator - WARNING - Error calculating RS score for ASIANPAINT: RSStrategyBacktester.calculate_rs_score() takes 4 positional arguments but 7 were given
2025-10-22 18:00:19,055 - rs_live_signal_generator - WARNING - Error calculating RS score for ASTERDM: RSStrategyBacktester.calculate_rs_score() takes 4 positional arguments but 7 were given
2025-10-22 18:00:19,068 - rs_live_signal_generator - WARNING - Error calculating RS score for ASTRAL: RSStrategyBacktester.calculate_rs_score() takes 4 positional arguments but 7 were given
2025-10-22 18:00:19,070 - rs_live_signal_generator - WARNING - Error calculating RS score for ASTRAZEN: RSStrategyBacktester.calculate_rs_score() takes 4 positional arguments but 7 were given
2025-10-22 18:00:19,074 - rs_live_signal_generator - WARNING - Error calculating RS score for ATGL: RSStrategyBacktester.calculate_rs_score() takes 4 positional arguments but 7 were given
2025-10-22 18:00:19,080 - rs_live_signal_generator - WARNING - Error calculating RS score for ATUL: RSStrategyBacktester.calculate_rs_score() takes 4 positional arguments but 7 were given
2025-10-22 18:00:19,099 - rs_live_signal_generator - WARNING - Error calculating RS score for AUBANK: RSStrategyBacktester.calculate_rs_score() takes 4 positional arguments but 7 were given
2025-10-22 18:00:19,103 - rs_live_signal_generator - WARNING - Error calculating RS score for AUROPHARMA: RSStrategyBacktester.calculate_rs_score() takes 4 positional arguments but 7 were given
2025-10-22 18:00:19,111 - rs_live_signal_generator - WARNING - Error calculating RS score for AWL: RSStrategyBacktester.calculate_rs_score() takes 4 positional arguments but 7 were given
2025-10-22 18:00:19,160 - rs_live_signal_generator - WARNING - Error calculating RS score for AXISBANK: RSStrategyBacktester.calculate_rs_score() takes 4 positional arguments but 7 were given
2025-10-22 18:00:19,217 - rs_live_signal_generator - WARNING - Error calculating RS score for BAJAJ-AUTO: RSStrategyBacktester.calculate_rs_score() takes 4 positional arguments but 7 were given
2025-10-22 18:00:19,248 - rs_live_signal_generator - WARNING - Error calculating RS score for BAJAJFINSV: RSStrategyBacktester.calculate_rs_score() takes 4 positional arguments but 7 were given
2025-10-22 18:00:19,285 - rs_live_signal_generator - WARNING - Error calculating RS score for BAJAJHFL: RSStrategyBacktester.calculate_rs_score() takes 4 positional arguments but 7 were given
2025-10-22 18:00:19,319 - rs_live_signal_generator - WARNING - Error calculating RS score for BAJAJHLDNG: RSStrategyBacktester.calculate_rs_score() takes 4 positional arguments but 7 were given
2025-10-22 18:00:19,336 - rs_live_signal_generator - WARNING - Error calculating RS score for BAJFINANCE: RSStrategyBacktester.calculate_rs_score() takes 4 positional arguments but 7 were given
2025-10-22 18:00:19,346 - rs_live_signal_generator - WARNING - Error calculating RS score for BALKRISIND: RSStrategyBacktester.calculate_rs_score() takes 4 positional arguments but 7 were given
2025-10-22 18:00:19,355 - rs_live_signal_generator - WARNING - Error calculating RS score for BALRAMCHIN: RSStrategyBacktester.calculate_rs_score() takes 4 positional arguments but 7 were given
2025-10-22 18:00:19,363 - rs_live_signal_generator - WARNING - Error calculating RS score for BANDHANBNK: RSStrategyBacktester.calculate_rs_score() takes 4 positional arguments but 7 were given
2025-10-22 18:00:19,405 - rs_live_signal_generator - WARNING - Error calculating RS score for BANKBARODA: RSStrategyBacktester.calculate_rs_score() takes 4 positional arguments but 7 were given
2025-10-22 18:00:19,488 - rs_live_signal_generator - WARNING - Error calculating RS score for BANKINDIA: RSStrategyBacktester.calculate_rs_score() takes 4 positional arguments but 7 were given
2025-10-22 18:00:19,527 - rs_live_signal_generator - WARNING - Error calculating RS score for BASF: RSStrategyBacktester.calculate_rs_score() takes 4 positional arguments but 7 were given
2025-10-22 18:00:19,566 - rs_live_signal_generator - WARNING - Error calculating RS score for BATAINDIA: RSStrategyBacktester.calculate_rs_score() takes 4 positional arguments but 7 were given
2025-10-22 18:00:19,582 - rs_live_signal_generator - WARNING - Error calculating RS score for BAYERCROP: RSStrategyBacktester.calculate_rs_score() takes 4 positional arguments but 7 were given
2025-10-22 18:00:19,589 - rs_live_signal_generator - WARNING - Error calculating RS score for BBTC: RSStrategyBacktester.calculate_rs_score() takes 4 positional arguments but 7 were given
2025-10-22 18:00:19,603 - rs_live_signal_generator - WARNING - Error calculating RS score for BDL: RSStrategyBacktester.calculate_rs_score() takes 4 positional arguments but 7 were given
2025-10-22 18:00:19,614 - rs_live_signal_generator - WARNING - Error calculating RS score for BEL: RSStrategyBacktester.calculate_rs_score() takes 4 positional arguments but 7 were given
2025-10-22 18:00:19,707 - rs_live_signal_generator - WARNING - Error calculating RS score for BEML: RSStrategyBacktester.calculate_rs_score() takes 4 positional arguments but 7 were given
2025-10-22 18:00:19,729 - rs_live_signal_generator - WARNING - Error calculating RS score for BERGEPAINT: RSStrategyBacktester.calculate_rs_score() takes 4 positional arguments but 7 were given
2025-10-22 18:00:19,738 - rs_live_signal_generator - WARNING - Error calculating RS score for BHARATFORG: RSStrategyBacktester.calculate_rs_score() takes 4 positional arguments but 7 were given
2025-10-22 18:00:19,746 - rs_live_signal_generator - WARNING - Error calculating RS score for BHARTIARTL: RSStrategyBacktester.calculate_rs_score() takes 4 positional arguments but 7 were given
2025-10-22 18:00:19,750 - rs_live_signal_generator - WARNING - Error calculating RS score for BHARTIHEXA: RSStrategyBacktester.calculate_rs_score() takes 4 positional arguments but 7 were given
2025-10-22 18:00:19,770 - rs_live_signal_generator - WARNING - Error calculating RS score for BHEL: RSStrategyBacktester.calculate_rs_score() takes 4 positional arguments but 7 were given
2025-10-22 18:00:19,786 - rs_live_signal_generator - WARNING - Error calculating RS score for BIKAJI: RSStrategyBacktester.calculate_rs_score() takes 4 positional arguments but 7 were given
2025-10-22 18:00:19,797 - rs_live_signal_generator - WARNING - Error calculating RS score for BIOCON: RSStrategyBacktester.calculate_rs_score() takes 4 positional arguments but 7 were given
2025-10-22 18:00:19,821 - rs_live_signal_generator - WARNING - Error calculating RS score for BLS: RSStrategyBacktester.calculate_rs_score() takes 4 positional arguments but 7 were given
2025-10-22 18:00:19,848 - rs_live_signal_generator - WARNING - Error calculating RS score for BLUEDART: RSStrategyBacktester.calculate_rs_score() takes 4 positional arguments but 7 were given
2025-10-22 18:00:19,855 - rs_live_signal_generator - WARNING - Error calculating RS score for BLUESTARCO: RSStrategyBacktester.calculate_rs_score() takes 4 positional arguments but 7 were given
2025-10-22 18:00:19,868 - rs_live_signal_generator - WARNING - Error calculating RS score for BOSCHLTD: RSStrategyBacktester.calculate_rs_score() takes 4 positional arguments but 7 were given
2025-10-22 18:00:19,871 - rs_live_signal_generator - WARNING - Error calculating RS score for BPCL: RSStrategyBacktester.calculate_rs_score() takes 4 positional arguments but 7 were given
2025-10-22 18:00:19,902 - rs_live_signal_generator - WARNING - Error calculating RS score for BRIGADE: RSStrategyBacktester.calculate_rs_score() takes 4 positional arguments but 7 were given
2025-10-22 18:00:19,919 - rs_live_signal_generator - WARNING - Error calculating RS score for BRITANNIA: RSStrategyBacktester.calculate_rs_score() takes 4 positional arguments but 7 were given
2025-10-22 18:00:19,950 - rs_live_signal_generator - WARNING - Error calculating RS score for BSE: RSStrategyBacktester.calculate_rs_score() takes 4 positional arguments but 7 were given
2025-10-22 18:00:19,954 - rs_live_signal_generator - WARNING - Error calculating RS score for BSOFT: RSStrategyBacktester.calculate_rs_score() takes 4 positional arguments but 7 were given
2025-10-22 18:00:19,963 - rs_live_signal_generator - WARNING - Error calculating RS score for CAMPUS: RSStrategyBacktester.calculate_rs_score() takes 4 positional arguments but 7 were given
2025-10-22 18:00:19,970 - rs_live_signal_generator - WARNING - Error calculating RS score for CAMS: RSStrategyBacktester.calculate_rs_score() takes 4 positional arguments but 7 were given
2025-10-22 18:00:19,988 - rs_live_signal_generator - WARNING - Error calculating RS score for CANBK: RSStrategyBacktester.calculate_rs_score() takes 4 positional arguments but 7 were given
2025-10-22 18:00:20,005 - rs_live_signal_generator - WARNING - Error calculating RS score for CANFINHOME: RSStrategyBacktester.calculate_rs_score() takes 4 positional arguments but 7 were given
2025-10-22 18:00:20,019 - rs_live_signal_generator - WARNING - Error calculating RS score for CAPLIPOINT: RSStrategyBacktester.calculate_rs_score() takes 4 positional arguments but 7 were given
2025-10-22 18:00:20,021 - rs_live_signal_generator - WARNING - Error calculating RS score for CARBORUNIV: RSStrategyBacktester.calculate_rs_score() takes 4 positional arguments but 7 were given
2025-10-22 18:00:20,038 - rs_live_signal_generator - WARNING - Error calculating RS score for CASTROLIND: RSStrategyBacktester.calculate_rs_score() takes 4 positional arguments but 7 were given
2025-10-22 18:00:20,069 - rs_live_signal_generator - WARNING - Error calculating RS score for CCL: RSStrategyBacktester.calculate_rs_score() takes 4 positional arguments but 7 were given
2025-10-22 18:00:20,075 - rs_live_signal_generator - WARNING - Error calculating RS score for CDSL: RSStrategyBacktester.calculate_rs_score() takes 4 positional arguments but 7 were given
2025-10-22 18:00:20,086 - rs_live_signal_generator - WARNING - Error calculating RS score for CEATLTD: RSStrategyBacktester.calculate_rs_score() takes 4 positional arguments but 7 were given
2025-10-22 18:00:20,089 - rs_live_signal_generator - WARNING - Error calculating RS score for CENTRALBK: RSStrategyBacktester.calculate_rs_score() takes 4 positional arguments but 7 were given
2025-10-22 18:00:20,103 - rs_live_signal_generator - WARNING - Error calculating RS score for CENTURYPLY: RSStrategyBacktester.calculate_rs_score() takes 4 positional arguments but 7 were given
2025-10-22 18:00:20,105 - rs_live_signal_generator - WARNING - Error calculating RS score for CERA: RSStrategyBacktester.calculate_rs_score() takes 4 positional arguments but 7 were given
2025-10-22 18:00:20,110 - rs_live_signal_generator - WARNING - Error calculating RS score for CESC: RSStrategyBacktester.calculate_rs_score() takes 4 positional arguments but 7 were given
2025-10-22 18:00:20,121 - rs_live_signal_generator - WARNING - Error calculating RS score for CGCL: RSStrategyBacktester.calculate_rs_score() takes 4 positional arguments but 7 were given
2025-10-22 18:00:20,125 - rs_live_signal_generator - WARNING - Error calculating RS score for CGPOWER: RSStrategyBacktester.calculate_rs_score() takes 4 positional arguments but 7 were given
2025-10-22 18:00:20,136 - rs_live_signal_generator - WARNING - Error calculating RS score for CHALET: RSStrategyBacktester.calculate_rs_score() takes 4 positional arguments but 7 were given
2025-10-22 18:00:20,140 - rs_live_signal_generator - WARNING - Error calculating RS score for CHAMBLFERT: RSStrategyBacktester.calculate_rs_score() takes 4 positional arguments but 7 were given
2025-10-22 18:00:20,153 - rs_live_signal_generator - WARNING - Error calculating RS score for CHENNPETRO: RSStrategyBacktester.calculate_rs_score() takes 4 positional arguments but 7 were given
2025-10-22 18:00:20,156 - rs_live_signal_generator - WARNING - Error calculating RS score for CHOLAFIN: RSStrategyBacktester.calculate_rs_score() takes 4 positional arguments but 7 were given
2025-10-22 18:00:20,169 - rs_live_signal_generator - WARNING - Error calculating RS score for CHOLAHLDNG: RSStrategyBacktester.calculate_rs_score() takes 4 positional arguments but 7 were given
2025-10-22 18:00:20,173 - rs_live_signal_generator - WARNING - Error calculating RS score for CIPLA: RSStrategyBacktester.calculate_rs_score() takes 4 positional arguments but 7 were given
2025-10-22 18:00:20,175 - rs_live_signal_generator - WARNING - Error calculating RS score for CLEAN: RSStrategyBacktester.calculate_rs_score() takes 4 positional arguments but 7 were given
2025-10-22 18:00:20,188 - rs_live_signal_generator - WARNING - Error calculating RS score for COALINDIA: RSStrategyBacktester.calculate_rs_score() takes 4 positional arguments but 7 were given
2025-10-22 18:00:20,201 - rs_live_signal_generator - WARNING - Error calculating RS score for COCHINSHIP: RSStrategyBacktester.calculate_rs_score() takes 4 positional arguments but 7 were given
2025-10-22 18:00:20,204 - rs_live_signal_generator - WARNING - Error calculating RS score for COFORGE: RSStrategyBacktester.calculate_rs_score() takes 4 positional arguments but 7 were given
2025-10-22 18:00:20,217 - rs_live_signal_generator - WARNING - Error calculating RS score for COLPAL: RSStrategyBacktester.calculate_rs_score() takes 4 positional arguments but 7 were given
2025-10-22 18:00:20,220 - rs_live_signal_generator - WARNING - Error calculating RS score for CONCOR: RSStrategyBacktester.calculate_rs_score() takes 4 positional arguments but 7 were given
2025-10-22 18:00:20,222 - rs_live_signal_generator - WARNING - Error calculating RS score for CONCORDBIO: RSStrategyBacktester.calculate_rs_score() takes 4 positional arguments but 7 were given
2025-10-22 18:00:20,236 - rs_live_signal_generator - WARNING - Error calculating RS score for COROMANDEL: RSStrategyBacktester.calculate_rs_score() takes 4 positional arguments but 7 were given
2025-10-22 18:00:20,239 - rs_live_signal_generator - WARNING - Error calculating RS score for CRAFTSMAN: RSStrategyBacktester.calculate_rs_score() takes 4 positional arguments but 7 were given
2025-10-22 18:00:20,251 - rs_live_signal_generator - WARNING - Error calculating RS score for CREDITACC: RSStrategyBacktester.calculate_rs_score() takes 4 positional arguments but 7 were given
2025-10-22 18:00:20,253 - rs_live_signal_generator - WARNING - Error calculating RS score for CRISIL: RSStrategyBacktester.calculate_rs_score() takes 4 positional arguments but 7 were given
2025-10-22 18:00:20,255 - rs_live_signal_generator - WARNING - Error calculating RS score for CROMPTON: RSStrategyBacktester.calculate_rs_score() takes 4 positional arguments but 7 were given
2025-10-22 18:00:20,265 - rs_live_signal_generator - WARNING - Error calculating RS score for CUB: RSStrategyBacktester.calculate_rs_score() takes 4 positional arguments but 7 were given
2025-10-22 18:00:20,273 - rs_live_signal_generator - WARNING - Error calculating RS score for CUMMINSIND: RSStrategyBacktester.calculate_rs_score() takes 4 positional arguments but 7 were given
2025-10-22 18:00:20,277 - rs_live_signal_generator - WARNING - Error calculating RS score for CYIENT: RSStrategyBacktester.calculate_rs_score() takes 4 positional arguments but 7 were given
2025-10-22 18:00:20,292 - rs_live_signal_generator - WARNING - Error calculating RS score for DABUR: RSStrategyBacktester.calculate_rs_score() takes 4 positional arguments but 7 were given
2025-10-22 18:00:20,303 - rs_live_signal_generator - WARNING - Error calculating RS score for DALBHARAT: RSStrategyBacktester.calculate_rs_score() takes 4 positional arguments but 7 were given
2025-10-22 18:00:20,305 - rs_live_signal_generator - WARNING - Error calculating RS score for DATAPATTNS: RSStrategyBacktester.calculate_rs_score() takes 4 positional arguments but 7 were given
2025-10-22 18:00:20,319 - rs_live_signal_generator - WARNING - Error calculating RS score for DBREALTY: RSStrategyBacktester.calculate_rs_score() takes 4 positional arguments but 7 were given
2025-10-22 18:00:20,321 - rs_live_signal_generator - WARNING - Error calculating RS score for DCMSHRIRAM: RSStrategyBacktester.calculate_rs_score() takes 4 positional arguments but 7 were given
2025-10-22 18:00:20,335 - rs_live_signal_generator - WARNING - Error calculating RS score for DEEPAKFERT: RSStrategyBacktester.calculate_rs_score() takes 4 positional arguments but 7 were given
2025-10-22 18:00:20,337 - rs_live_signal_generator - WARNING - Error calculating RS score for DEEPAKNTR: RSStrategyBacktester.calculate_rs_score() takes 4 positional arguments but 7 were given
2025-10-22 18:00:20,350 - rs_live_signal_generator - WARNING - Error calculating RS score for DELHIVERY: RSStrategyBacktester.calculate_rs_score() takes 4 positional arguments but 7 were given
2025-10-22 18:00:20,355 - rs_live_signal_generator - WARNING - Error calculating RS score for DEVYANI: RSStrategyBacktester.calculate_rs_score() takes 4 positional arguments but 7 were given
2025-10-22 18:00:20,369 - rs_live_signal_generator - WARNING - Error calculating RS score for DIVISLAB: RSStrategyBacktester.calculate_rs_score() takes 4 positional arguments but 7 were given
2025-10-22 18:00:20,371 - rs_live_signal_generator - WARNING - Error calculating RS score for DIXON: RSStrategyBacktester.calculate_rs_score() takes 4 positional arguments but 7 were given
2025-10-22 18:00:20,378 - rs_live_signal_generator - WARNING - Error calculating RS score for DLF: RSStrategyBacktester.calculate_rs_score() takes 4 positional arguments but 7 were given
2025-10-22 18:00:20,387 - rs_live_signal_generator - WARNING - Error calculating RS score for DMART: RSStrategyBacktester.calculate_rs_score() takes 4 positional arguments but 7 were given
2025-10-22 18:00:20,407 - rs_live_signal_generator - WARNING - Error calculating RS score for DOMS: RSStrategyBacktester.calculate_rs_score() takes 4 positional arguments but 7 were given
2025-10-22 18:00:20,418 - rs_live_signal_generator - WARNING - Error calculating RS score for DRREDDY: RSStrategyBacktester.calculate_rs_score() takes 4 positional arguments but 7 were given
2025-10-22 18:00:20,421 - rs_live_signal_generator - WARNING - Error calculating RS score for ECLERX: RSStrategyBacktester.calculate_rs_score() takes 4 positional arguments but 7 were given
2025-10-22 18:00:20,434 - rs_live_signal_generator - WARNING - Error calculating RS score for EICHERMOT: RSStrategyBacktester.calculate_rs_score() takes 4 positional arguments but 7 were given
2025-10-22 18:00:20,438 - rs_live_signal_generator - WARNING - Error calculating RS score for EIDPARRY: RSStrategyBacktester.calculate_rs_score() takes 4 positional arguments but 7 were given
2025-10-22 18:00:20,447 - rs_live_signal_generator - WARNING - Error calculating RS score for EIHOTEL: RSStrategyBacktester.calculate_rs_score() takes 4 positional arguments but 7 were given
2025-10-22 18:00:20,462 - rs_live_signal_generator - WARNING - Error calculating RS score for ELECON: RSStrategyBacktester.calculate_rs_score() takes 4 positional arguments but 7 were given
2025-10-22 18:00:20,469 - rs_live_signal_generator - WARNING - Error calculating RS score for ELGIEQUIP: RSStrategyBacktester.calculate_rs_score() takes 4 positional arguments but 7 were given
2025-10-22 18:00:20,470 - rs_live_signal_generator - WARNING - Error calculating RS score for EMAMILTD: RSStrategyBacktester.calculate_rs_score() takes 4 positional arguments but 7 were given
2025-10-22 18:00:20,485 - rs_live_signal_generator - WARNING - Error calculating RS score for EMCURE: RSStrategyBacktester.calculate_rs_score() takes 4 positional arguments but 7 were given
2025-10-22 18:00:20,487 - rs_live_signal_generator - WARNING - Error calculating RS score for ENDURANCE: RSStrategyBacktester.calculate_rs_score() takes 4 positional arguments but 7 were given
2025-10-22 18:00:20,489 - rs_live_signal_generator - WARNING - Error calculating RS score for ENGINERSIN: RSStrategyBacktester.calculate_rs_score() takes 4 positional arguments but 7 were given
2025-10-22 18:00:20,501 - rs_live_signal_generator - WARNING - Error calculating RS score for ERIS: RSStrategyBacktester.calculate_rs_score() takes 4 positional arguments but 7 were given
2025-10-22 18:00:20,503 - rs_live_signal_generator - WARNING - Error calculating RS score for ESCORTS: RSStrategyBacktester.calculate_rs_score() takes 4 positional arguments but 7 were given
2025-10-22 18:00:20,509 - rs_live_signal_generator - WARNING - Error calculating RS score for ETERNAL: RSStrategyBacktester.calculate_rs_score() takes 4 positional arguments but 7 were given
2025-10-22 18:00:20,520 - rs_live_signal_generator - WARNING - Error calculating RS score for EXIDEIND: RSStrategyBacktester.calculate_rs_score() takes 4 positional arguments but 7 were given
2025-10-22 18:00:20,535 - rs_live_signal_generator - WARNING - Error calculating RS score for FACT: RSStrategyBacktester.calculate_rs_score() takes 4 positional arguments but 7 were given
2025-10-22 18:00:20,547 - rs_live_signal_generator - WARNING - Error calculating RS score for FEDERALBNK: RSStrategyBacktester.calculate_rs_score() takes 4 positional arguments but 7 were given
2025-10-22 18:00:20,553 - rs_live_signal_generator - WARNING - Error calculating RS score for FINCABLES: RSStrategyBacktester.calculate_rs_score() takes 4 positional arguments but 7 were given
2025-10-22 18:00:20,554 - rs_live_signal_generator - WARNING - Error calculating RS score for FINPIPE: RSStrategyBacktester.calculate_rs_score() takes 4 positional arguments but 7 were given
2025-10-22 18:00:20,569 - rs_live_signal_generator - WARNING - Error calculating RS score for FIRSTCRY: RSStrategyBacktester.calculate_rs_score() takes 4 positional arguments but 7 were given
2025-10-22 18:00:20,571 - rs_live_signal_generator - WARNING - Error calculating RS score for FIVESTAR: RSStrategyBacktester.calculate_rs_score() takes 4 positional arguments but 7 were given
2025-10-22 18:00:20,585 - rs_live_signal_generator - WARNING - Error calculating RS score for FLUOROCHEM: RSStrategyBacktester.calculate_rs_score() takes 4 positional arguments but 7 were given
2025-10-22 18:00:20,600 - rs_live_signal_generator - WARNING - Error calculating RS score for FORTIS: RSStrategyBacktester.calculate_rs_score() takes 4 positional arguments but 7 were given
2025-10-22 18:00:20,608 - rs_live_signal_generator - WARNING - Error calculating RS score for FSL: RSStrategyBacktester.calculate_rs_score() takes 4 positional arguments but 7 were given
2025-10-22 18:00:20,650 - rs_live_signal_generator - WARNING - Error calculating RS score for GAIL: RSStrategyBacktester.calculate_rs_score() takes 4 positional arguments but 7 were given
2025-10-22 18:00:20,653 - rs_live_signal_generator - WARNING - Error calculating RS score for GESHIP: RSStrategyBacktester.calculate_rs_score() takes 4 positional arguments but 7 were given
2025-10-22 18:00:20,661 - rs_live_signal_generator - WARNING - Error calculating RS score for GICRE: RSStrategyBacktester.calculate_rs_score() takes 4 positional arguments but 7 were given
2025-10-22 18:00:20,669 - rs_live_signal_generator - WARNING - Error calculating RS score for GILLETTE: RSStrategyBacktester.calculate_rs_score() takes 4 positional arguments but 7 were given
2025-10-22 18:00:20,678 - rs_live_signal_generator - WARNING - Error calculating RS score for GLAND: RSStrategyBacktester.calculate_rs_score() takes 4 positional arguments but 7 were given
2025-10-22 18:00:20,685 - rs_live_signal_generator - WARNING - Error calculating RS score for GLAXO: RSStrategyBacktester.calculate_rs_score() takes 4 positional arguments but 7 were given
2025-10-22 18:00:20,698 - rs_live_signal_generator - WARNING - Error calculating RS score for GLENMARK: RSStrategyBacktester.calculate_rs_score() takes 4 positional arguments but 7 were given
2025-10-22 18:00:20,711 - rs_live_signal_generator - WARNING - Error calculating RS score for GMDCLTD: RSStrategyBacktester.calculate_rs_score() takes 4 positional arguments but 7 were given
2025-10-22 18:00:20,717 - rs_live_signal_generator - WARNING - Error calculating RS score for GMRAIRPORT: RSStrategyBacktester.calculate_rs_score() takes 4 positional arguments but 7 were given
2025-10-22 18:00:20,728 - rs_live_signal_generator - WARNING - Error calculating RS score for GNFC: RSStrategyBacktester.calculate_rs_score() takes 4 positional arguments but 7 were given
2025-10-22 18:00:20,734 - rs_live_signal_generator - WARNING - Error calculating RS score for GODFRYPHLP: RSStrategyBacktester.calculate_rs_score() takes 4 positional arguments but 7 were given
2025-10-22 18:00:20,746 - rs_live_signal_generator - WARNING - Error calculating RS score for GODIGIT: RSStrategyBacktester.calculate_rs_score() takes 4 positional arguments but 7 were given
2025-10-22 18:00:20,749 - rs_live_signal_generator - WARNING - Error calculating RS score for GODREJAGRO: RSStrategyBacktester.calculate_rs_score() takes 4 positional arguments but 7 were given
2025-10-22 18:00:20,754 - rs_live_signal_generator - WARNING - Error calculating RS score for GODREJCP: RSStrategyBacktester.calculate_rs_score() takes 4 positional arguments but 7 were given
2025-10-22 18:00:20,769 - rs_live_signal_generator - WARNING - Error calculating RS score for GODREJIND: RSStrategyBacktester.calculate_rs_score() takes 4 positional arguments but 7 were given
2025-10-22 18:00:20,783 - rs_live_signal_generator - WARNING - Error calculating RS score for GODREJPROP: RSStrategyBacktester.calculate_rs_score() takes 4 positional arguments but 7 were given
2025-10-22 18:00:20,816 - rs_live_signal_generator - WARNING - Error calculating RS score for GPIL: RSStrategyBacktester.calculate_rs_score() takes 4 positional arguments but 7 were given
2025-10-22 18:00:20,836 - rs_live_signal_generator - WARNING - Error calculating RS score for GPPL: RSStrategyBacktester.calculate_rs_score() takes 4 positional arguments but 7 were given
2025-10-22 18:00:20,846 - rs_live_signal_generator - WARNING - Error calculating RS score for GRANULES: RSStrategyBacktester.calculate_rs_score() takes 4 positional arguments but 7 were given
2025-10-22 18:00:20,850 - rs_live_signal_generator - WARNING - Error calculating RS score for GRAPHITE: RSStrategyBacktester.calculate_rs_score() takes 4 positional arguments but 7 were given
2025-10-22 18:00:20,854 - rs_live_signal_generator - WARNING - Error calculating RS score for GRASIM: RSStrategyBacktester.calculate_rs_score() takes 4 positional arguments but 7 were given
2025-10-22 18:00:20,865 - rs_live_signal_generator - WARNING - Error calculating RS score for GRAVITA: RSStrategyBacktester.calculate_rs_score() takes 4 positional arguments but 7 were given
2025-10-22 18:00:20,869 - rs_live_signal_generator - WARNING - Error calculating RS score for GRSE: RSStrategyBacktester.calculate_rs_score() takes 4 positional arguments but 7 were given
2025-10-22 18:00:20,874 - rs_live_signal_generator - WARNING - Error calculating RS score for GSPL: RSStrategyBacktester.calculate_rs_score() takes 4 positional arguments but 7 were given
2025-10-22 18:00:20,882 - rs_live_signal_generator - WARNING - Error calculating RS score for GUJGASLTD: RSStrategyBacktester.calculate_rs_score() takes 4 positional arguments but 7 were given
2025-10-22 18:00:20,886 - rs_live_signal_generator - WARNING - Error calculating RS score for GVT&D: RSStrategyBacktester.calculate_rs_score() takes 4 positional arguments but 7 were given
2025-10-22 18:00:20,890 - rs_live_signal_generator - WARNING - Error calculating RS score for HAL: RSStrategyBacktester.calculate_rs_score() takes 4 positional arguments but 7 were given
2025-10-22 18:00:20,899 - rs_live_signal_generator - WARNING - Error calculating RS score for HAPPSTMNDS: RSStrategyBacktester.calculate_rs_score() takes 4 positional arguments but 7 were given
2025-10-22 18:00:20,903 - rs_live_signal_generator - WARNING - Error calculating RS score for HAVELLS: RSStrategyBacktester.calculate_rs_score() takes 4 positional arguments but 7 were given
2025-10-22 18:00:20,908 - rs_live_signal_generator - WARNING - Error calculating RS score for HBLENGINE: RSStrategyBacktester.calculate_rs_score() takes 4 positional arguments but 7 were given
2025-10-22 18:00:20,916 - rs_live_signal_generator - WARNING - Error calculating RS score for HCLTECH: RSStrategyBacktester.calculate_rs_score() takes 4 positional arguments but 7 were given
2025-10-22 18:00:20,920 - rs_live_signal_generator - WARNING - Error calculating RS score for HDFCAMC: RSStrategyBacktester.calculate_rs_score() takes 4 positional arguments but 7 were given
2025-10-22 18:00:20,930 - rs_live_signal_generator - WARNING - Error calculating RS score for HDFCBANK: RSStrategyBacktester.calculate_rs_score() takes 4 positional arguments but 7 were given
2025-10-22 18:00:20,934 - rs_live_signal_generator - WARNING - Error calculating RS score for HDFCLIFE: RSStrategyBacktester.calculate_rs_score() takes 4 positional arguments but 7 were given
2025-10-22 18:00:20,937 - rs_live_signal_generator - WARNING - Error calculating RS score for HEG: RSStrategyBacktester.calculate_rs_score() takes 4 positional arguments but 7 were given
2025-10-22 18:00:20,948 - rs_live_signal_generator - WARNING - Error calculating RS score for HEROMOTOCO: RSStrategyBacktester.calculate_rs_score() takes 4 positional arguments but 7 were given
2025-10-22 18:00:20,951 - rs_live_signal_generator - WARNING - Error calculating RS score for HFCL: RSStrategyBacktester.calculate_rs_score() takes 4 positional arguments but 7 were given
2025-10-22 18:00:20,957 - rs_live_signal_generator - WARNING - Error calculating RS score for HINDALCO: RSStrategyBacktester.calculate_rs_score() takes 4 positional arguments but 7 were given
2025-10-22 18:00:20,965 - rs_live_signal_generator - WARNING - Error calculating RS score for HINDCOPPER: RSStrategyBacktester.calculate_rs_score() takes 4 positional arguments but 7 were given
2025-10-22 18:00:20,985 - rs_live_signal_generator - WARNING - Error calculating RS score for HINDPETRO: RSStrategyBacktester.calculate_rs_score() takes 4 positional arguments but 7 were given
2025-10-22 18:00:21,003 - rs_live_signal_generator - WARNING - Error calculating RS score for HINDUNILVR: RSStrategyBacktester.calculate_rs_score() takes 4 positional arguments but 7 were given
2025-10-22 18:00:21,007 - rs_live_signal_generator - WARNING - Error calculating RS score for HINDZINC: RSStrategyBacktester.calculate_rs_score() takes 4 positional arguments but 7 were given
2025-10-22 18:00:21,016 - rs_live_signal_generator - WARNING - Error calculating RS score for HOMEFIRST: RSStrategyBacktester.calculate_rs_score() takes 4 positional arguments but 7 were given
2025-10-22 18:00:21,024 - rs_live_signal_generator - WARNING - Error calculating RS score for HONASA: RSStrategyBacktester.calculate_rs_score() takes 4 positional arguments but 7 were given
2025-10-22 18:00:21,032 - rs_live_signal_generator - WARNING - Error calculating RS score for HONAUT: RSStrategyBacktester.calculate_rs_score() takes 4 positional arguments but 7 were given
2025-10-22 18:00:21,036 - rs_live_signal_generator - WARNING - Error calculating RS score for HSCL: RSStrategyBacktester.calculate_rs_score() takes 4 positional arguments but 7 were given
2025-10-22 18:00:21,045 - rs_live_signal_generator - WARNING - Error calculating RS score for HUDCO: RSStrategyBacktester.calculate_rs_score() takes 4 positional arguments but 7 were given
2025-10-22 18:00:21,049 - rs_live_signal_generator - WARNING - Error calculating RS score for HYUNDAI: RSStrategyBacktester.calculate_rs_score() takes 4 positional arguments but 7 were given
2025-10-22 18:00:21,052 - rs_live_signal_generator - WARNING - Error calculating RS score for ICICIBANK: RSStrategyBacktester.calculate_rs_score() takes 4 positional arguments but 7 were given
2025-10-22 18:00:21,058 - rs_live_signal_generator - WARNING - Error calculating RS score for ICICIGI: RSStrategyBacktester.calculate_rs_score() takes 4 positional arguments but 7 were given
2025-10-22 18:00:21,065 - rs_live_signal_generator - WARNING - Error calculating RS score for ICICIPRULI: RSStrategyBacktester.calculate_rs_score() takes 4 positional arguments but 7 were given
2025-10-22 18:00:21,069 - rs_live_signal_generator - WARNING - Error calculating RS score for IDBI: RSStrategyBacktester.calculate_rs_score() takes 4 positional arguments but 7 were given
2025-10-22 18:00:21,079 - rs_live_signal_generator - WARNING - Error calculating RS score for IDEA: RSStrategyBacktester.calculate_rs_score() takes 4 positional arguments but 7 were given
2025-10-22 18:00:21,082 - rs_live_signal_generator - WARNING - Error calculating RS score for IDFCFIRSTB: RSStrategyBacktester.calculate_rs_score() takes 4 positional arguments but 7 were given
2025-10-22 18:00:21,087 - rs_live_signal_generator - WARNING - Error calculating RS score for IEX: RSStrategyBacktester.calculate_rs_score() takes 4 positional arguments but 7 were given
2025-10-22 18:00:21,097 - rs_live_signal_generator - WARNING - Error calculating RS score for IFCI: RSStrategyBacktester.calculate_rs_score() takes 4 positional arguments but 7 were given
2025-10-22 18:00:21,101 - rs_live_signal_generator - WARNING - Error calculating RS score for IGIL: RSStrategyBacktester.calculate_rs_score() takes 4 positional arguments but 7 were given
2025-10-22 18:00:21,104 - rs_live_signal_generator - WARNING - Error calculating RS score for IGL: RSStrategyBacktester.calculate_rs_score() takes 4 positional arguments but 7 were given
2025-10-22 18:00:21,115 - rs_live_signal_generator - WARNING - Error calculating RS score for IIFL: RSStrategyBacktester.calculate_rs_score() takes 4 positional arguments but 7 were given
2025-10-22 18:00:21,119 - rs_live_signal_generator - WARNING - Error calculating RS score for IKS: RSStrategyBacktester.calculate_rs_score() takes 4 positional arguments but 7 were given
2025-10-22 18:00:21,128 - rs_live_signal_generator - WARNING - Error calculating RS score for INDGN: RSStrategyBacktester.calculate_rs_score() takes 4 positional arguments but 7 were given
2025-10-22 18:00:21,132 - rs_live_signal_generator - WARNING - Error calculating RS score for INDHOTEL: RSStrategyBacktester.calculate_rs_score() takes 4 positional arguments but 7 were given
2025-10-22 18:00:21,141 - rs_live_signal_generator - WARNING - Error calculating RS score for INDIACEM: RSStrategyBacktester.calculate_rs_score() takes 4 positional arguments but 7 were given
2025-10-22 18:00:21,146 - rs_live_signal_generator - WARNING - Error calculating RS score for INDIAMART: RSStrategyBacktester.calculate_rs_score() takes 4 positional arguments but 7 were given
2025-10-22 18:00:21,150 - rs_live_signal_generator - WARNING - Error calculating RS score for INDIANB: RSStrategyBacktester.calculate_rs_score() takes 4 positional arguments but 7 were given
2025-10-22 18:00:21,153 - rs_live_signal_generator - WARNING - Error calculating RS score for INDIGO: RSStrategyBacktester.calculate_rs_score() takes 4 positional arguments but 7 were given
2025-10-22 18:00:21,165 - rs_live_signal_generator - WARNING - Error calculating RS score for INDUSINDBK: RSStrategyBacktester.calculate_rs_score() takes 4 positional arguments but 7 were given
2025-10-22 18:00:21,170 - rs_live_signal_generator - WARNING - Error calculating RS score for INDUSTOWER: RSStrategyBacktester.calculate_rs_score() takes 4 positional arguments but 7 were given
2025-10-22 18:00:21,180 - rs_live_signal_generator - WARNING - Error calculating RS score for INFY: RSStrategyBacktester.calculate_rs_score() takes 4 positional arguments but 7 were given
2025-10-22 18:00:21,183 - rs_live_signal_generator - WARNING - Error calculating RS score for INOXINDIA: RSStrategyBacktester.calculate_rs_score() takes 4 positional arguments but 7 were given
2025-10-22 18:00:21,187 - rs_live_signal_generator - WARNING - Error calculating RS score for INOXWIND: RSStrategyBacktester.calculate_rs_score() takes 4 positional arguments but 7 were given
2025-10-22 18:00:21,198 - rs_live_signal_generator - WARNING - Error calculating RS score for INTELLECT: RSStrategyBacktester.calculate_rs_score() takes 4 positional arguments but 7 were given
2025-10-22 18:00:21,203 - rs_live_signal_generator - WARNING - Error calculating RS score for IOB: RSStrategyBacktester.calculate_rs_score() takes 4 positional arguments but 7 were given
2025-10-22 18:00:21,212 - rs_live_signal_generator - WARNING - Error calculating RS score for IOC: RSStrategyBacktester.calculate_rs_score() takes 4 positional arguments but 7 were given
2025-10-22 18:00:21,216 - rs_live_signal_generator - WARNING - Error calculating RS score for IPCALAB: RSStrategyBacktester.calculate_rs_score() takes 4 positional arguments but 7 were given
2025-10-22 18:00:21,219 - rs_live_signal_generator - WARNING - Error calculating RS score for IRB: RSStrategyBacktester.calculate_rs_score() takes 4 positional arguments but 7 were given
2025-10-22 18:00:21,229 - rs_live_signal_generator - WARNING - Error calculating RS score for IRCON: RSStrategyBacktester.calculate_rs_score() takes 4 positional arguments but 7 were given
2025-10-22 18:00:21,232 - rs_live_signal_generator - WARNING - Error calculating RS score for IRCTC: RSStrategyBacktester.calculate_rs_score() takes 4 positional arguments but 7 were given
2025-10-22 18:00:21,237 - rs_live_signal_generator - WARNING - Error calculating RS score for IREDA: RSStrategyBacktester.calculate_rs_score() takes 4 positional arguments but 7 were given
2025-10-22 18:00:21,246 - rs_live_signal_generator - WARNING - Error calculating RS score for IRFC: RSStrategyBacktester.calculate_rs_score() takes 4 positional arguments but 7 were given
2025-10-22 18:00:21,249 - rs_live_signal_generator - WARNING - Error calculating RS score for ITC: RSStrategyBacktester.calculate_rs_score() takes 4 positional arguments but 7 were given
2025-10-22 18:00:21,253 - rs_live_signal_generator - WARNING - Error calculating RS score for ITI: RSStrategyBacktester.calculate_rs_score() takes 4 positional arguments but 7 were given
2025-10-22 18:00:21,263 - rs_live_signal_generator - WARNING - Error calculating RS score for J&KBANK: RSStrategyBacktester.calculate_rs_score() takes 4 positional arguments but 7 were given
2025-10-22 18:00:21,266 - rs_live_signal_generator - WARNING - Error calculating RS score for JBCHEPHARM: RSStrategyBacktester.calculate_rs_score() takes 4 positional arguments but 7 were given
2025-10-22 18:00:21,270 - rs_live_signal_generator - WARNING - Error calculating RS score for JBMA: RSStrategyBacktester.calculate_rs_score() takes 4 positional arguments but 7 were given
2025-10-22 18:00:21,281 - rs_live_signal_generator - WARNING - Error calculating RS score for JINDALSAW: RSStrategyBacktester.calculate_rs_score() takes 4 positional arguments but 7 were given
2025-10-22 18:00:21,286 - rs_live_signal_generator - WARNING - Error calculating RS score for JINDALSTEL: RSStrategyBacktester.calculate_rs_score() takes 4 positional arguments but 7 were given
2025-10-22 18:00:21,295 - rs_live_signal_generator - WARNING - Error calculating RS score for JIOFIN: RSStrategyBacktester.calculate_rs_score() takes 4 positional arguments but 7 were given
2025-10-22 18:00:21,299 - rs_live_signal_generator - WARNING - Error calculating RS score for JKCEMENT: RSStrategyBacktester.calculate_rs_score() takes 4 positional arguments but 7 were given
2025-10-22 18:00:21,303 - rs_live_signal_generator - WARNING - Error calculating RS score for JKTYRE: RSStrategyBacktester.calculate_rs_score() takes 4 positional arguments but 7 were given
2025-10-22 18:00:21,315 - rs_live_signal_generator - WARNING - Error calculating RS score for JMFINANCIL: RSStrategyBacktester.calculate_rs_score() takes 4 positional arguments but 7 were given
2025-10-22 18:00:21,318 - rs_live_signal_generator - WARNING - Error calculating RS score for JPPOWER: RSStrategyBacktester.calculate_rs_score() takes 4 positional arguments but 7 were given
2025-10-22 18:00:21,329 - rs_live_signal_generator - WARNING - Error calculating RS score for JSL: RSStrategyBacktester.calculate_rs_score() takes 4 positional arguments but 7 were given
2025-10-22 18:00:21,333 - rs_live_signal_generator - WARNING - Error calculating RS score for JSWENERGY: RSStrategyBacktester.calculate_rs_score() takes 4 positional arguments but 7 were given
2025-10-22 18:00:21,336 - rs_live_signal_generator - WARNING - Error calculating RS score for JSWHL: RSStrategyBacktester.calculate_rs_score() takes 4 positional arguments but 7 were given
2025-10-22 18:00:21,340 - rs_live_signal_generator - WARNING - Error calculating RS score for JSWINFRA: RSStrategyBacktester.calculate_rs_score() takes 4 positional arguments but 7 were given
2025-10-22 18:00:21,349 - rs_live_signal_generator - WARNING - Error calculating RS score for JSWSTEEL: RSStrategyBacktester.calculate_rs_score() takes 4 positional arguments but 7 were given
2025-10-22 18:00:21,352 - rs_live_signal_generator - WARNING - Error calculating RS score for JUBLFOOD: RSStrategyBacktester.calculate_rs_score() takes 4 positional arguments but 7 were given
2025-10-22 18:00:21,356 - rs_live_signal_generator - WARNING - Error calculating RS score for JUBLINGREA: RSStrategyBacktester.calculate_rs_score() takes 4 positional arguments but 7 were given
2025-10-22 18:00:21,364 - rs_live_signal_generator - WARNING - Error calculating RS score for JUBLPHARMA: RSStrategyBacktester.calculate_rs_score() takes 4 positional arguments but 7 were given
2025-10-22 18:00:21,366 - rs_live_signal_generator - WARNING - Error calculating RS score for JUSTDIAL: RSStrategyBacktester.calculate_rs_score() takes 4 positional arguments but 7 were given
2025-10-22 18:00:21,416 - rs_live_signal_generator - WARNING - Error calculating RS score for JWL: RSStrategyBacktester.calculate_rs_score() takes 4 positional arguments but 7 were given
2025-10-22 18:00:21,567 - rs_live_signal_generator - WARNING - Error calculating RS score for JYOTHYLAB: RSStrategyBacktester.calculate_rs_score() takes 4 positional arguments but 7 were given
2025-10-22 18:00:21,645 - rs_live_signal_generator - WARNING - Error calculating RS score for JYOTICNC: RSStrategyBacktester.calculate_rs_score() takes 4 positional arguments but 7 were given
2025-10-22 18:00:21,653 - rs_live_signal_generator - WARNING - Error calculating RS score for KAJARIACER: RSStrategyBacktester.calculate_rs_score() takes 4 positional arguments but 7 were given
2025-10-22 18:00:21,743 - rs_live_signal_generator - WARNING - Error calculating RS score for KALYANKJIL: RSStrategyBacktester.calculate_rs_score() takes 4 positional arguments but 7 were given
2025-10-22 18:00:21,758 - rs_live_signal_generator - WARNING - Error calculating RS score for KANSAINER: RSStrategyBacktester.calculate_rs_score() takes 4 positional arguments but 7 were given
2025-10-22 18:00:21,761 - rs_live_signal_generator - WARNING - Error calculating RS score for KARURVYSYA: RSStrategyBacktester.calculate_rs_score() takes 4 positional arguments but 7 were given
2025-10-22 18:00:21,767 - rs_live_signal_generator - WARNING - Error calculating RS score for KAYNES: RSStrategyBacktester.calculate_rs_score() takes 4 positional arguments but 7 were given
2025-10-22 18:00:21,774 - rs_live_signal_generator - WARNING - Error calculating RS score for KEC: RSStrategyBacktester.calculate_rs_score() takes 4 positional arguments but 7 were given
2025-10-22 18:00:21,858 - rs_live_signal_generator - WARNING - Error calculating RS score for KEI: RSStrategyBacktester.calculate_rs_score() takes 4 positional arguments but 7 were given
2025-10-22 18:00:21,860 - rs_live_signal_generator - WARNING - Error calculating RS score for KFINTECH: RSStrategyBacktester.calculate_rs_score() takes 4 positional arguments but 7 were given
2025-10-22 18:00:21,865 - rs_live_signal_generator - WARNING - Error calculating RS score for KIMS: RSStrategyBacktester.calculate_rs_score() takes 4 positional arguments but 7 were given
2025-10-22 18:00:21,870 - rs_live_signal_generator - WARNING - Error calculating RS score for KIRLOSBROS: RSStrategyBacktester.calculate_rs_score() takes 4 positional arguments but 7 were given
2025-10-22 18:00:21,879 - rs_live_signal_generator - WARNING - Error calculating RS score for KIRLOSENG: RSStrategyBacktester.calculate_rs_score() takes 4 positional arguments but 7 were given
2025-10-22 18:00:21,885 - rs_live_signal_generator - WARNING - Error calculating RS score for KNRCON: RSStrategyBacktester.calculate_rs_score() takes 4 positional arguments but 7 were given
2025-10-22 18:00:21,888 - rs_live_signal_generator - WARNING - Error calculating RS score for KOTAKBANK: RSStrategyBacktester.calculate_rs_score() takes 4 positional arguments but 7 were given
2025-10-22 18:00:21,944 - rs_live_signal_generator - WARNING - Error calculating RS score for KPIL: RSStrategyBacktester.calculate_rs_score() takes 4 positional arguments but 7 were given
2025-10-22 18:00:21,979 - rs_live_signal_generator - WARNING - Error calculating RS score for KPITTECH: RSStrategyBacktester.calculate_rs_score() takes 4 positional arguments but 7 were given
2025-10-22 18:00:21,993 - rs_live_signal_generator - WARNING - Error calculating RS score for KPRMILL: RSStrategyBacktester.calculate_rs_score() takes 4 positional arguments but 7 were given
2025-10-22 18:00:22,010 - rs_live_signal_generator - WARNING - Error calculating RS score for LALPATHLAB: RSStrategyBacktester.calculate_rs_score() takes 4 positional arguments but 7 were given
2025-10-22 18:00:22,019 - rs_live_signal_generator - WARNING - Error calculating RS score for LATENTVIEW: RSStrategyBacktester.calculate_rs_score() takes 4 positional arguments but 7 were given
2025-10-22 18:00:22,036 - rs_live_signal_generator - WARNING - Error calculating RS score for LAURUSLABS: RSStrategyBacktester.calculate_rs_score() takes 4 positional arguments but 7 were given
2025-10-22 18:00:22,062 - rs_live_signal_generator - WARNING - Error calculating RS score for LEMONTREE: RSStrategyBacktester.calculate_rs_score() takes 4 positional arguments but 7 were given
2025-10-22 18:00:22,065 - rs_live_signal_generator - WARNING - Error calculating RS score for LICHSGFIN: RSStrategyBacktester.calculate_rs_score() takes 4 positional arguments but 7 were given
2025-10-22 18:00:22,079 - rs_live_signal_generator - WARNING - Error calculating RS score for LICI: RSStrategyBacktester.calculate_rs_score() takes 4 positional arguments but 7 were given
2025-10-22 18:00:22,081 - rs_live_signal_generator - WARNING - Error calculating RS score for LINDEINDIA: RSStrategyBacktester.calculate_rs_score() takes 4 positional arguments but 7 were given
2025-10-22 18:00:22,084 - rs_live_signal_generator - WARNING - Error calculating RS score for LLOYDSME: RSStrategyBacktester.calculate_rs_score() takes 4 positional arguments but 7 were given
2025-10-22 18:00:22,086 - rs_live_signal_generator - WARNING - Error calculating RS score for LODHA: RSStrategyBacktester.calculate_rs_score() takes 4 positional arguments but 7 were given
2025-10-22 18:00:22,099 - rs_live_signal_generator - WARNING - Error calculating RS score for LT: RSStrategyBacktester.calculate_rs_score() takes 4 positional arguments but 7 were given
2025-10-22 18:00:22,111 - rs_live_signal_generator - WARNING - Error calculating RS score for LTF: RSStrategyBacktester.calculate_rs_score() takes 4 positional arguments but 7 were given
2025-10-22 18:00:22,119 - rs_live_signal_generator - WARNING - Error calculating RS score for LTFOODS: RSStrategyBacktester.calculate_rs_score() takes 4 positional arguments but 7 were given
2025-10-22 18:00:22,130 - rs_live_signal_generator - WARNING - Error calculating RS score for LTIM: RSStrategyBacktester.calculate_rs_score() takes 4 positional arguments but 7 were given
2025-10-22 18:00:22,137 - rs_live_signal_generator - WARNING - Error calculating RS score for LTTS: RSStrategyBacktester.calculate_rs_score() takes 4 positional arguments but 7 were given
2025-10-22 18:00:22,186 - rs_live_signal_generator - WARNING - Error calculating RS score for LUPIN: RSStrategyBacktester.calculate_rs_score() takes 4 positional arguments but 7 were given
2025-10-22 18:00:22,194 - rs_live_signal_generator - WARNING - Error calculating RS score for M&M: RSStrategyBacktester.calculate_rs_score() takes 4 positional arguments but 7 were given
2025-10-22 18:00:22,195 - rs_live_signal_generator - WARNING - Error calculating RS score for M&MFIN: RSStrategyBacktester.calculate_rs_score() takes 4 positional arguments but 7 were given
2025-10-22 18:00:22,197 - rs_live_signal_generator - WARNING - Error calculating RS score for MAHABANK: RSStrategyBacktester.calculate_rs_score() takes 4 positional arguments but 7 were given
2025-10-22 18:00:22,200 - rs_live_signal_generator - WARNING - Error calculating RS score for MAHSEAMLES: RSStrategyBacktester.calculate_rs_score() takes 4 positional arguments but 7 were given
2025-10-22 18:00:22,202 - rs_live_signal_generator - WARNING - Error calculating RS score for MANAPPURAM: RSStrategyBacktester.calculate_rs_score() takes 4 positional arguments but 7 were given
2025-10-22 18:00:22,205 - rs_live_signal_generator - WARNING - Error calculating RS score for MANKIND: RSStrategyBacktester.calculate_rs_score() takes 4 positional arguments but 7 were given
2025-10-22 18:00:22,211 - rs_live_signal_generator - WARNING - Error calculating RS score for MANYAVAR: RSStrategyBacktester.calculate_rs_score() takes 4 positional arguments but 7 were given
2025-10-22 18:00:22,218 - rs_live_signal_generator - WARNING - Error calculating RS score for MAPMYINDIA: RSStrategyBacktester.calculate_rs_score() takes 4 positional arguments but 7 were given
2025-10-22 18:00:22,227 - rs_live_signal_generator - WARNING - Error calculating RS score for MARICO: RSStrategyBacktester.calculate_rs_score() takes 4 positional arguments but 7 were given
2025-10-22 18:00:22,234 - rs_live_signal_generator - WARNING - Error calculating RS score for MARUTI: RSStrategyBacktester.calculate_rs_score() takes 4 positional arguments but 7 were given
2025-10-22 18:00:22,252 - rs_live_signal_generator - WARNING - Error calculating RS score for MASTEK: RSStrategyBacktester.calculate_rs_score() takes 4 positional arguments but 7 were given
2025-10-22 18:00:22,264 - rs_live_signal_generator - WARNING - Error calculating RS score for MAXHEALTH: RSStrategyBacktester.calculate_rs_score() takes 4 positional arguments but 7 were given
2025-10-22 18:00:22,271 - rs_live_signal_generator - WARNING - Error calculating RS score for MAZDOCK: RSStrategyBacktester.calculate_rs_score() takes 4 positional arguments but 7 were given
2025-10-22 18:00:22,281 - rs_live_signal_generator - WARNING - Error calculating RS score for MCX: RSStrategyBacktester.calculate_rs_score() takes 4 positional arguments but 7 were given
2025-10-22 18:00:22,288 - rs_live_signal_generator - WARNING - Error calculating RS score for MEDANTA: RSStrategyBacktester.calculate_rs_score() takes 4 positional arguments but 7 were given
2025-10-22 18:00:22,297 - rs_live_signal_generator - WARNING - Error calculating RS score for METROPOLIS: RSStrategyBacktester.calculate_rs_score() takes 4 positional arguments but 7 were given
2025-10-22 18:00:22,304 - rs_live_signal_generator - WARNING - Error calculating RS score for MFSL: RSStrategyBacktester.calculate_rs_score() takes 4 positional arguments but 7 were given
2025-10-22 18:00:22,321 - rs_live_signal_generator - WARNING - Error calculating RS score for MGL: RSStrategyBacktester.calculate_rs_score() takes 4 positional arguments but 7 were given
2025-10-22 18:00:22,328 - rs_live_signal_generator - WARNING - Error calculating RS score for MINDACORP: RSStrategyBacktester.calculate_rs_score() takes 4 positional arguments but 7 were given
2025-10-22 18:00:22,331 - rs_live_signal_generator - WARNING - Error calculating RS score for MMTC: RSStrategyBacktester.calculate_rs_score() takes 4 positional arguments but 7 were given
2025-10-22 18:00:22,333 - rs_live_signal_generator - WARNING - Error calculating RS score for MOTHERSON: RSStrategyBacktester.calculate_rs_score() takes 4 positional arguments but 7 were given
2025-10-22 18:00:22,347 - rs_live_signal_generator - WARNING - Error calculating RS score for MOTILALOFS: RSStrategyBacktester.calculate_rs_score() takes 4 positional arguments but 7 were given
2025-10-22 18:00:22,351 - rs_live_signal_generator - WARNING - Error calculating RS score for MPHASIS: RSStrategyBacktester.calculate_rs_score() takes 4 positional arguments but 7 were given
2025-10-22 18:00:22,352 - rs_live_signal_generator - WARNING - Error calculating RS score for MRF: RSStrategyBacktester.calculate_rs_score() takes 4 positional arguments but 7 were given
2025-10-22 18:00:22,366 - rs_live_signal_generator - WARNING - Error calculating RS score for MRPL: RSStrategyBacktester.calculate_rs_score() takes 4 positional arguments but 7 were given
2025-10-22 18:00:22,368 - rs_live_signal_generator - WARNING - Error calculating RS score for MSUMI: RSStrategyBacktester.calculate_rs_score() takes 4 positional arguments but 7 were given
2025-10-22 18:00:22,380 - rs_live_signal_generator - WARNING - Error calculating RS score for MUTHOOTFIN: RSStrategyBacktester.calculate_rs_score() takes 4 positional arguments but 7 were given
2025-10-22 18:00:22,384 - rs_live_signal_generator - WARNING - Error calculating RS score for NAM-INDIA: RSStrategyBacktester.calculate_rs_score() takes 4 positional arguments but 7 were given
2025-10-22 18:00:22,386 - rs_live_signal_generator - WARNING - Error calculating RS score for NATCOPHARM: RSStrategyBacktester.calculate_rs_score() takes 4 positional arguments but 7 were given
2025-10-22 18:00:22,399 - rs_live_signal_generator - WARNING - Error calculating RS score for NATIONALUM: RSStrategyBacktester.calculate_rs_score() takes 4 positional arguments but 7 were given
2025-10-22 18:00:22,401 - rs_live_signal_generator - WARNING - Error calculating RS score for NAUKRI: RSStrategyBacktester.calculate_rs_score() takes 4 positional arguments but 7 were given
2025-10-22 18:00:22,412 - rs_live_signal_generator - WARNING - Error calculating RS score for NAVA: RSStrategyBacktester.calculate_rs_score() takes 4 positional arguments but 7 were given
2025-10-22 18:00:22,417 - rs_live_signal_generator - WARNING - Error calculating RS score for NAVINFLUOR: RSStrategyBacktester.calculate_rs_score() takes 4 positional arguments but 7 were given
2025-10-22 18:00:22,419 - rs_live_signal_generator - WARNING - Error calculating RS score for NBCC: RSStrategyBacktester.calculate_rs_score() takes 4 positional arguments but 7 were given
2025-10-22 18:00:22,466 - rs_live_signal_generator - WARNING - Error calculating RS score for NCC: RSStrategyBacktester.calculate_rs_score() takes 4 positional arguments but 7 were given
2025-10-22 18:00:22,468 - rs_live_signal_generator - WARNING - Error calculating RS score for NESTLEIND: RSStrategyBacktester.calculate_rs_score() takes 4 positional arguments but 7 were given
2025-10-22 18:00:22,484 - rs_live_signal_generator - WARNING - Error calculating RS score for NETWEB: RSStrategyBacktester.calculate_rs_score() takes 4 positional arguments but 7 were given
2025-10-22 18:00:22,503 - rs_live_signal_generator - WARNING - Error calculating RS score for NETWORK18: RSStrategyBacktester.calculate_rs_score() takes 4 positional arguments but 7 were given
2025-10-22 18:00:22,512 - rs_live_signal_generator - WARNING - Error calculating RS score for NEULANDLAB: RSStrategyBacktester.calculate_rs_score() takes 4 positional arguments but 7 were given
2025-10-22 18:00:22,527 - rs_live_signal_generator - WARNING - Error calculating RS score for NEWGEN: RSStrategyBacktester.calculate_rs_score() takes 4 positional arguments but 7 were given
2025-10-22 18:00:22,551 - rs_live_signal_generator - WARNING - Error calculating RS score for NH: RSStrategyBacktester.calculate_rs_score() takes 4 positional arguments but 7 were given
2025-10-22 18:00:22,577 - rs_live_signal_generator - WARNING - Error calculating RS score for NHPC: RSStrategyBacktester.calculate_rs_score() takes 4 positional arguments but 7 were given
2025-10-22 18:00:22,599 - rs_live_signal_generator - WARNING - Error calculating RS score for NIACL: RSStrategyBacktester.calculate_rs_score() takes 4 positional arguments but 7 were given
2025-10-22 18:00:22,601 - rs_live_signal_generator - WARNING - Error calculating RS score for NIVABUPA: RSStrategyBacktester.calculate_rs_score() takes 4 positional arguments but 7 were given
2025-10-22 18:00:22,618 - rs_live_signal_generator - WARNING - Error calculating RS score for NLCINDIA: RSStrategyBacktester.calculate_rs_score() takes 4 positional arguments but 7 were given
2025-10-22 18:00:22,628 - rs_live_signal_generator - WARNING - Error calculating RS score for NMDC: RSStrategyBacktester.calculate_rs_score() takes 4 positional arguments but 7 were given
2025-10-22 18:00:22,634 - rs_live_signal_generator - WARNING - Error calculating RS score for NSLNISP: RSStrategyBacktester.calculate_rs_score() takes 4 positional arguments but 7 were given
2025-10-22 18:00:22,636 - rs_live_signal_generator - WARNING - Error calculating RS score for NTPC: RSStrategyBacktester.calculate_rs_score() takes 4 positional arguments but 7 were given
2025-10-22 18:00:22,652 - rs_live_signal_generator - WARNING - Error calculating RS score for NTPCGREEN: RSStrategyBacktester.calculate_rs_score() takes 4 positional arguments but 7 were given
2025-10-22 18:00:22,668 - rs_live_signal_generator - WARNING - Error calculating RS score for NUVAMA: RSStrategyBacktester.calculate_rs_score() takes 4 positional arguments but 7 were given
2025-10-22 18:00:22,682 - rs_live_signal_generator - WARNING - Error calculating RS score for NYKAA: RSStrategyBacktester.calculate_rs_score() takes 4 positional arguments but 7 were given
2025-10-22 18:00:22,684 - rs_live_signal_generator - WARNING - Error calculating RS score for OBEROIRLTY: RSStrategyBacktester.calculate_rs_score() takes 4 positional arguments but 7 were given
2025-10-22 18:00:22,685 - rs_live_signal_generator - WARNING - Error calculating RS score for OFSS: RSStrategyBacktester.calculate_rs_score() takes 4 positional arguments but 7 were given
2025-10-22 18:00:22,700 - rs_live_signal_generator - WARNING - Error calculating RS score for OIL: RSStrategyBacktester.calculate_rs_score() takes 4 positional arguments but 7 were given
2025-10-22 18:00:22,702 - rs_live_signal_generator - WARNING - Error calculating RS score for OLAELEC: RSStrategyBacktester.calculate_rs_score() takes 4 positional arguments but 7 were given
2025-10-22 18:00:22,706 - rs_live_signal_generator - WARNING - Error calculating RS score for OLECTRA: RSStrategyBacktester.calculate_rs_score() takes 4 positional arguments but 7 were given
2025-10-22 18:00:22,712 - rs_live_signal_generator - WARNING - Error calculating RS score for ONGC: RSStrategyBacktester.calculate_rs_score() takes 4 positional arguments but 7 were given
2025-10-22 18:00:22,719 - rs_live_signal_generator - WARNING - Error calculating RS score for PAGEIND: RSStrategyBacktester.calculate_rs_score() takes 4 positional arguments but 7 were given
2025-10-22 18:00:22,730 - rs_live_signal_generator - WARNING - Error calculating RS score for PATANJALI: RSStrategyBacktester.calculate_rs_score() takes 4 positional arguments but 7 were given
2025-10-22 18:00:22,733 - rs_live_signal_generator - WARNING - Error calculating RS score for PAYTM: RSStrategyBacktester.calculate_rs_score() takes 4 positional arguments but 7 were given
2025-10-22 18:00:22,735 - rs_live_signal_generator - WARNING - Error calculating RS score for PCBL: RSStrategyBacktester.calculate_rs_score() takes 4 positional arguments but 7 were given
2025-10-22 18:00:22,748 - rs_live_signal_generator - WARNING - Error calculating RS score for PEL: RSStrategyBacktester.calculate_rs_score() takes 4 positional arguments but 7 were given
2025-10-22 18:00:22,750 - rs_live_signal_generator - WARNING - Error calculating RS score for PERSISTENT: RSStrategyBacktester.calculate_rs_score() takes 4 positional arguments but 7 were given
2025-10-22 18:00:22,752 - rs_live_signal_generator - WARNING - Error calculating RS score for PETRONET: RSStrategyBacktester.calculate_rs_score() takes 4 positional arguments but 7 were given
2025-10-22 18:00:22,764 - rs_live_signal_generator - WARNING - Error calculating RS score for PFC: RSStrategyBacktester.calculate_rs_score() takes 4 positional arguments but 7 were given
2025-10-22 18:00:22,767 - rs_live_signal_generator - WARNING - Error calculating RS score for PFIZER: RSStrategyBacktester.calculate_rs_score() takes 4 positional arguments but 7 were given
2025-10-22 18:00:22,776 - rs_live_signal_generator - WARNING - Error calculating RS score for PGEL: RSStrategyBacktester.calculate_rs_score() takes 4 positional arguments but 7 were given
2025-10-22 18:00:22,786 - rs_live_signal_generator - WARNING - Error calculating RS score for PHOENIXLTD: RSStrategyBacktester.calculate_rs_score() takes 4 positional arguments but 7 were given
2025-10-22 18:00:22,800 - rs_live_signal_generator - WARNING - Error calculating RS score for PIDILITIND: RSStrategyBacktester.calculate_rs_score() takes 4 positional arguments but 7 were given
2025-10-22 18:00:22,802 - rs_live_signal_generator - WARNING - Error calculating RS score for PIIND: RSStrategyBacktester.calculate_rs_score() takes 4 positional arguments but 7 were given
2025-10-22 18:00:22,816 - rs_live_signal_generator - WARNING - Error calculating RS score for PNB: RSStrategyBacktester.calculate_rs_score() takes 4 positional arguments but 7 were given
2025-10-22 18:00:22,819 - rs_live_signal_generator - WARNING - Error calculating RS score for PNBHOUSING: RSStrategyBacktester.calculate_rs_score() takes 4 positional arguments but 7 were given
2025-10-22 18:00:22,832 - rs_live_signal_generator - WARNING - Error calculating RS score for PNCINFRA: RSStrategyBacktester.calculate_rs_score() takes 4 positional arguments but 7 were given
2025-10-22 18:00:22,834 - rs_live_signal_generator - WARNING - Error calculating RS score for POLICYBZR: RSStrategyBacktester.calculate_rs_score() takes 4 positional arguments but 7 were given
2025-10-22 18:00:22,850 - rs_live_signal_generator - WARNING - Error calculating RS score for POLYCAB: RSStrategyBacktester.calculate_rs_score() takes 4 positional arguments but 7 were given
2025-10-22 18:00:22,852 - rs_live_signal_generator - WARNING - Error calculating RS score for POLYMED: RSStrategyBacktester.calculate_rs_score() takes 4 positional arguments but 7 were given
2025-10-22 18:00:22,866 - rs_live_signal_generator - WARNING - Error calculating RS score for POONAWALLA: RSStrategyBacktester.calculate_rs_score() takes 4 positional arguments but 7 were given
2025-10-22 18:00:22,869 - rs_live_signal_generator - WARNING - Error calculating RS score for POWERGRID: RSStrategyBacktester.calculate_rs_score() takes 4 positional arguments but 7 were given
2025-10-22 18:00:22,883 - rs_live_signal_generator - WARNING - Error calculating RS score for POWERINDIA: RSStrategyBacktester.calculate_rs_score() takes 4 positional arguments but 7 were given
2025-10-22 18:00:22,885 - rs_live_signal_generator - WARNING - Error calculating RS score for PPLPHARMA: RSStrategyBacktester.calculate_rs_score() takes 4 positional arguments but 7 were given
2025-10-22 18:00:22,896 - rs_live_signal_generator - WARNING - Error calculating RS score for PRAJIND: RSStrategyBacktester.calculate_rs_score() takes 4 positional arguments but 7 were given
2025-10-22 18:00:22,900 - rs_live_signal_generator - WARNING - Error calculating RS score for PREMIERENE: RSStrategyBacktester.calculate_rs_score() takes 4 positional arguments but 7 were given
2025-10-22 18:00:22,902 - rs_live_signal_generator - WARNING - Error calculating RS score for PRESTIGE: RSStrategyBacktester.calculate_rs_score() takes 4 positional arguments but 7 were given
2025-10-22 18:00:22,913 - rs_live_signal_generator - WARNING - Error calculating RS score for PTCIL: RSStrategyBacktester.calculate_rs_score() takes 4 positional arguments but 7 were given
2025-10-22 18:00:22,917 - rs_live_signal_generator - WARNING - Error calculating RS score for PVRINOX: RSStrategyBacktester.calculate_rs_score() takes 4 positional arguments but 7 were given
2025-10-22 18:00:22,919 - rs_live_signal_generator - WARNING - Error calculating RS score for RADICO: RSStrategyBacktester.calculate_rs_score() takes 4 positional arguments but 7 were given
2025-10-22 18:00:22,931 - rs_live_signal_generator - WARNING - Error calculating RS score for RAILTEL: RSStrategyBacktester.calculate_rs_score() takes 4 positional arguments but 7 were given
2025-10-22 18:00:22,933 - rs_live_signal_generator - WARNING - Error calculating RS score for RAINBOW: RSStrategyBacktester.calculate_rs_score() takes 4 positional arguments but 7 were given
2025-10-22 18:00:22,935 - rs_live_signal_generator - WARNING - Error calculating RS score for RAMCOCEM: RSStrategyBacktester.calculate_rs_score() takes 4 positional arguments but 7 were given
2025-10-22 18:00:22,940 - rs_live_signal_generator - WARNING - Error calculating RS score for RAYMOND: RSStrategyBacktester.calculate_rs_score() takes 4 positional arguments but 7 were given
2025-10-22 18:00:22,948 - rs_live_signal_generator - WARNING - Error calculating RS score for RAYMONDLSL: RSStrategyBacktester.calculate_rs_score() takes 4 positional arguments but 7 were given
2025-10-22 18:00:22,966 - rs_live_signal_generator - WARNING - Error calculating RS score for RBLBANK: RSStrategyBacktester.calculate_rs_score() takes 4 positional arguments but 7 were given
2025-10-22 18:00:22,968 - rs_live_signal_generator - WARNING - Error calculating RS score for RCF: RSStrategyBacktester.calculate_rs_score() takes 4 positional arguments but 7 were given
2025-10-22 18:00:22,981 - rs_live_signal_generator - WARNING - Error calculating RS score for RECLTD: RSStrategyBacktester.calculate_rs_score() takes 4 positional arguments but 7 were given
2025-10-22 18:00:22,985 - rs_live_signal_generator - WARNING - Error calculating RS score for REDINGTON: RSStrategyBacktester.calculate_rs_score() takes 4 positional arguments but 7 were given
2025-10-22 18:00:23,001 - rs_live_signal_generator - WARNING - Error calculating RS score for RELIANCE: RSStrategyBacktester.calculate_rs_score() takes 4 positional arguments but 7 were given
2025-10-22 18:00:23,011 - rs_live_signal_generator - WARNING - Error calculating RS score for RENUKA: RSStrategyBacktester.calculate_rs_score() takes 4 positional arguments but 7 were given
2025-10-22 18:00:23,018 - rs_live_signal_generator - WARNING - Error calculating RS score for RHIM: RSStrategyBacktester.calculate_rs_score() takes 4 positional arguments but 7 were given
2025-10-22 18:00:23,031 - rs_live_signal_generator - WARNING - Error calculating RS score for RITES: RSStrategyBacktester.calculate_rs_score() takes 4 positional arguments but 7 were given
2025-10-22 18:00:23,034 - rs_live_signal_generator - WARNING - Error calculating RS score for RKFORGE: RSStrategyBacktester.calculate_rs_score() takes 4 positional arguments but 7 were given
2025-10-22 18:00:23,063 - rs_live_signal_generator - WARNING - Error calculating RS score for ROUTE: RSStrategyBacktester.calculate_rs_score() takes 4 positional arguments but 7 were given
2025-10-22 18:00:23,068 - rs_live_signal_generator - WARNING - Error calculating RS score for RPOWER: RSStrategyBacktester.calculate_rs_score() takes 4 positional arguments but 7 were given
2025-10-22 18:00:23,084 - rs_live_signal_generator - WARNING - Error calculating RS score for RRKABEL: RSStrategyBacktester.calculate_rs_score() takes 4 positional arguments but 7 were given
2025-10-22 18:00:23,099 - rs_live_signal_generator - WARNING - Error calculating RS score for RTNINDIA: RSStrategyBacktester.calculate_rs_score() takes 4 positional arguments but 7 were given
2025-10-22 18:00:23,115 - rs_live_signal_generator - WARNING - Error calculating RS score for RVNL: RSStrategyBacktester.calculate_rs_score() takes 4 positional arguments but 7 were given
2025-10-22 18:00:23,118 - rs_live_signal_generator - WARNING - Error calculating RS score for SAGILITY: RSStrategyBacktester.calculate_rs_score() takes 4 positional arguments but 7 were given
2025-10-22 18:00:23,126 - rs_live_signal_generator - WARNING - Error calculating RS score for SAIL: RSStrategyBacktester.calculate_rs_score() takes 4 positional arguments but 7 were given
2025-10-22 18:00:23,141 - rs_live_signal_generator - WARNING - Error calculating RS score for SAILIFE: RSStrategyBacktester.calculate_rs_score() takes 4 positional arguments but 7 were given
2025-10-22 18:00:23,149 - rs_live_signal_generator - WARNING - Error calculating RS score for SAMMAANCAP: RSStrategyBacktester.calculate_rs_score() takes 4 positional arguments but 7 were given
2025-10-22 18:00:23,151 - rs_live_signal_generator - WARNING - Error calculating RS score for SAPPHIRE: RSStrategyBacktester.calculate_rs_score() takes 4 positional arguments but 7 were given
2025-10-22 18:00:23,166 - rs_live_signal_generator - WARNING - Error calculating RS score for SARDAEN: RSStrategyBacktester.calculate_rs_score() takes 4 positional arguments but 7 were given
2025-10-22 18:00:23,168 - rs_live_signal_generator - WARNING - Error calculating RS score for SAREGAMA: RSStrategyBacktester.calculate_rs_score() takes 4 positional arguments but 7 were given
2025-10-22 18:00:23,179 - rs_live_signal_generator - WARNING - Error calculating RS score for SBFC: RSStrategyBacktester.calculate_rs_score() takes 4 positional arguments but 7 were given
2025-10-22 18:00:23,204 - rs_live_signal_generator - WARNING - Error calculating RS score for SBICARD: RSStrategyBacktester.calculate_rs_score() takes 4 positional arguments but 7 were given
2025-10-22 18:00:23,211 - rs_live_signal_generator - WARNING - Error calculating RS score for SBILIFE: RSStrategyBacktester.calculate_rs_score() takes 4 positional arguments but 7 were given
2025-10-22 18:00:23,223 - rs_live_signal_generator - WARNING - Error calculating RS score for SBIN: RSStrategyBacktester.calculate_rs_score() takes 4 positional arguments but 7 were given
2025-10-22 18:00:23,229 - rs_live_signal_generator - WARNING - Error calculating RS score for SCHAEFFLER: RSStrategyBacktester.calculate_rs_score() takes 4 positional arguments but 7 were given
2025-10-22 18:00:23,234 - rs_live_signal_generator - WARNING - Error calculating RS score for SCHNEIDER: RSStrategyBacktester.calculate_rs_score() takes 4 positional arguments but 7 were given
2025-10-22 18:00:23,244 - rs_live_signal_generator - WARNING - Error calculating RS score for SCI: RSStrategyBacktester.calculate_rs_score() takes 4 positional arguments but 7 were given
2025-10-22 18:00:23,249 - rs_live_signal_generator - WARNING - Error calculating RS score for SHREECEM: RSStrategyBacktester.calculate_rs_score() takes 4 positional arguments but 7 were given
2025-10-22 18:00:23,252 - rs_live_signal_generator - WARNING - Error calculating RS score for SHRIRAMFIN: RSStrategyBacktester.calculate_rs_score() takes 4 positional arguments but 7 were given
2025-10-22 18:00:23,267 - rs_live_signal_generator - WARNING - Error calculating RS score for SHYAMMETL: RSStrategyBacktester.calculate_rs_score() takes 4 positional arguments but 7 were given
2025-10-22 18:00:23,284 - rs_live_signal_generator - WARNING - Error calculating RS score for SIEMENS: RSStrategyBacktester.calculate_rs_score() takes 4 positional arguments but 7 were given
2025-10-22 18:00:23,300 - rs_live_signal_generator - WARNING - Error calculating RS score for SIGNATURE: RSStrategyBacktester.calculate_rs_score() takes 4 positional arguments but 7 were given
2025-10-22 18:00:23,315 - rs_live_signal_generator - WARNING - Error calculating RS score for SJVN: RSStrategyBacktester.calculate_rs_score() takes 4 positional arguments but 7 were given
2025-10-22 18:00:23,317 - rs_live_signal_generator - WARNING - Error calculating RS score for SKFINDIA: RSStrategyBacktester.calculate_rs_score() takes 4 positional arguments but 7 were given
2025-10-22 18:00:23,327 - rs_live_signal_generator - WARNING - Error calculating RS score for SOBHA: RSStrategyBacktester.calculate_rs_score() takes 4 positional arguments but 7 were given
2025-10-22 18:00:23,333 - rs_live_signal_generator - WARNING - Error calculating RS score for SOLARINDS: RSStrategyBacktester.calculate_rs_score() takes 4 positional arguments but 7 were given
2025-10-22 18:00:23,335 - rs_live_signal_generator - WARNING - Error calculating RS score for SONACOMS: RSStrategyBacktester.calculate_rs_score() takes 4 positional arguments but 7 were given
2025-10-22 18:00:23,347 - rs_live_signal_generator - WARNING - Error calculating RS score for SONATSOFTW: RSStrategyBacktester.calculate_rs_score() takes 4 positional arguments but 7 were given
2025-10-22 18:00:23,349 - rs_live_signal_generator - WARNING - Error calculating RS score for SRF: RSStrategyBacktester.calculate_rs_score() takes 4 positional arguments but 7 were given
2025-10-22 18:00:23,351 - rs_live_signal_generator - WARNING - Error calculating RS score for STARHEALTH: RSStrategyBacktester.calculate_rs_score() takes 4 positional arguments but 7 were given
2025-10-22 18:00:23,363 - rs_live_signal_generator - WARNING - Error calculating RS score for SUMICHEM: RSStrategyBacktester.calculate_rs_score() takes 4 positional arguments but 7 were given
2025-10-22 18:00:23,366 - rs_live_signal_generator - WARNING - Error calculating RS score for SUNDARMFIN: RSStrategyBacktester.calculate_rs_score() takes 4 positional arguments but 7 were given
2025-10-22 18:00:23,367 - rs_live_signal_generator - WARNING - Error calculating RS score for SUNDRMFAST: RSStrategyBacktester.calculate_rs_score() takes 4 positional arguments but 7 were given
2025-10-22 18:00:23,376 - rs_live_signal_generator - WARNING - Error calculating RS score for SUNPHARMA: RSStrategyBacktester.calculate_rs_score() takes 4 positional arguments but 7 were given
2025-10-22 18:00:23,381 - rs_live_signal_generator - WARNING - Error calculating RS score for SUNTV: RSStrategyBacktester.calculate_rs_score() takes 4 positional arguments but 7 were given
2025-10-22 18:00:23,384 - rs_live_signal_generator - WARNING - Error calculating RS score for SUPREMEIND: RSStrategyBacktester.calculate_rs_score() takes 4 positional arguments but 7 were given
2025-10-22 18:00:23,385 - rs_live_signal_generator - WARNING - Error calculating RS score for SUZLON: RSStrategyBacktester.calculate_rs_score() takes 4 positional arguments but 7 were given
2025-10-22 18:00:23,398 - rs_live_signal_generator - WARNING - Error calculating RS score for SWANCORP: RSStrategyBacktester.calculate_rs_score() takes 4 positional arguments but 7 were given
2025-10-22 18:00:23,400 - rs_live_signal_generator - WARNING - Error calculating RS score for SWIGGY: RSStrategyBacktester.calculate_rs_score() takes 4 positional arguments but 7 were given
2025-10-22 18:00:23,402 - rs_live_signal_generator - WARNING - Error calculating RS score for SWSOLAR: RSStrategyBacktester.calculate_rs_score() takes 4 positional arguments but 7 were given
2025-10-22 18:00:23,414 - rs_live_signal_generator - WARNING - Error calculating RS score for SYNGENE: RSStrategyBacktester.calculate_rs_score() takes 4 positional arguments but 7 were given
2025-10-22 18:00:23,417 - rs_live_signal_generator - WARNING - Error calculating RS score for SYRMA: RSStrategyBacktester.calculate_rs_score() takes 4 positional arguments but 7 were given
2025-10-22 18:00:23,418 - rs_live_signal_generator - WARNING - Error calculating RS score for TANLA: RSStrategyBacktester.calculate_rs_score() takes 4 positional arguments but 7 were given
2025-10-22 18:00:23,429 - rs_live_signal_generator - WARNING - Error calculating RS score for TARIL: RSStrategyBacktester.calculate_rs_score() takes 4 positional arguments but 7 were given
2025-10-22 18:00:23,432 - rs_live_signal_generator - WARNING - Error calculating RS score for TATACHEM: RSStrategyBacktester.calculate_rs_score() takes 4 positional arguments but 7 were given
2025-10-22 18:00:23,434 - rs_live_signal_generator - WARNING - Error calculating RS score for TATACOMM: RSStrategyBacktester.calculate_rs_score() takes 4 positional arguments but 7 were given
2025-10-22 18:00:23,444 - rs_live_signal_generator - WARNING - Error calculating RS score for TATACONSUM: RSStrategyBacktester.calculate_rs_score() takes 4 positional arguments but 7 were given
2025-10-22 18:00:23,448 - rs_live_signal_generator - WARNING - Error calculating RS score for TATAELXSI: RSStrategyBacktester.calculate_rs_score() takes 4 positional arguments but 7 were given
2025-10-22 18:00:23,450 - rs_live_signal_generator - WARNING - Error calculating RS score for TATAINVEST: RSStrategyBacktester.calculate_rs_score() takes 4 positional arguments but 7 were given
2025-10-22 18:00:23,464 - rs_live_signal_generator - WARNING - Error calculating RS score for TATAMOTORS: RSStrategyBacktester.calculate_rs_score() takes 4 positional arguments but 7 were given
2025-10-22 18:00:23,467 - rs_live_signal_generator - WARNING - Error calculating RS score for TATAPOWER: RSStrategyBacktester.calculate_rs_score() takes 4 positional arguments but 7 were given
2025-10-22 18:00:23,473 - rs_live_signal_generator - WARNING - Error calculating RS score for TATASTEEL: RSStrategyBacktester.calculate_rs_score() takes 4 positional arguments but 7 were given
2025-10-22 18:00:23,481 - rs_live_signal_generator - WARNING - Error calculating RS score for TATATECH: RSStrategyBacktester.calculate_rs_score() takes 4 positional arguments but 7 were given
2025-10-22 18:00:23,497 - rs_live_signal_generator - WARNING - Error calculating RS score for TBOTEK: RSStrategyBacktester.calculate_rs_score() takes 4 positional arguments but 7 were given
2025-10-22 18:00:23,499 - rs_live_signal_generator - WARNING - Error calculating RS score for TCS: RSStrategyBacktester.calculate_rs_score() takes 4 positional arguments but 7 were given
2025-10-22 18:00:23,501 - rs_live_signal_generator - WARNING - Error calculating RS score for TECHM: RSStrategyBacktester.calculate_rs_score() takes 4 positional arguments but 7 were given
2025-10-22 18:00:23,515 - rs_live_signal_generator - WARNING - Error calculating RS score for TECHNOE: RSStrategyBacktester.calculate_rs_score() takes 4 positional arguments but 7 were given
2025-10-22 18:00:23,517 - rs_live_signal_generator - WARNING - Error calculating RS score for TEJASNET: RSStrategyBacktester.calculate_rs_score() takes 4 positional arguments but 7 were given
2025-10-22 18:00:23,518 - rs_live_signal_generator - WARNING - Error calculating RS score for THERMAX: RSStrategyBacktester.calculate_rs_score() takes 4 positional arguments but 7 were given
2025-10-22 18:00:23,532 - rs_live_signal_generator - WARNING - Error calculating RS score for TIINDIA: RSStrategyBacktester.calculate_rs_score() takes 4 positional arguments but 7 were given
2025-10-22 18:00:23,534 - rs_live_signal_generator - WARNING - Error calculating RS score for TIMKEN: RSStrategyBacktester.calculate_rs_score() takes 4 positional arguments but 7 were given
2025-10-22 18:00:23,536 - rs_live_signal_generator - WARNING - Error calculating RS score for TITAGARH: RSStrategyBacktester.calculate_rs_score() takes 4 positional arguments but 7 were given
2025-10-22 18:00:23,547 - rs_live_signal_generator - WARNING - Error calculating RS score for TITAN: RSStrategyBacktester.calculate_rs_score() takes 4 positional arguments but 7 were given
2025-10-22 18:00:23,549 - rs_live_signal_generator - WARNING - Error calculating RS score for TORNTPHARM: RSStrategyBacktester.calculate_rs_score() takes 4 positional arguments but 7 were given
2025-10-22 18:00:23,551 - rs_live_signal_generator - WARNING - Error calculating RS score for TORNTPOWER: RSStrategyBacktester.calculate_rs_score() takes 4 positional arguments but 7 were given
2025-10-22 18:00:23,553 - rs_live_signal_generator - WARNING - Error calculating RS score for TRENT: RSStrategyBacktester.calculate_rs_score() takes 4 positional arguments but 7 were given
2025-10-22 18:00:23,557 - rs_live_signal_generator - WARNING - Error calculating RS score for TRIDENT: RSStrategyBacktester.calculate_rs_score() takes 4 positional arguments but 7 were given
2025-10-22 18:00:23,560 - rs_live_signal_generator - WARNING - Error calculating RS score for TRITURBINE: RSStrategyBacktester.calculate_rs_score() takes 4 positional arguments but 7 were given
2025-10-22 18:00:23,568 - rs_live_signal_generator - WARNING - Error calculating RS score for TRIVENI: RSStrategyBacktester.calculate_rs_score() takes 4 positional arguments but 7 were given
2025-10-22 18:00:23,576 - rs_live_signal_generator - WARNING - Error calculating RS score for TTML: RSStrategyBacktester.calculate_rs_score() takes 4 positional arguments but 7 were given
2025-10-22 18:00:23,581 - rs_live_signal_generator - WARNING - Error calculating RS score for TVSMOTOR: RSStrategyBacktester.calculate_rs_score() takes 4 positional arguments but 7 were given
2025-10-22 18:00:23,583 - rs_live_signal_generator - WARNING - Error calculating RS score for UBL: RSStrategyBacktester.calculate_rs_score() takes 4 positional arguments but 7 were given
2025-10-22 18:00:23,584 - rs_live_signal_generator - WARNING - Error calculating RS score for UCOBANK: RSStrategyBacktester.calculate_rs_score() takes 4 positional arguments but 7 were given
2025-10-22 18:00:23,585 - rs_live_signal_generator - WARNING - Error calculating RS score for ULTRACEMCO: RSStrategyBacktester.calculate_rs_score() takes 4 positional arguments but 7 were given
2025-10-22 18:00:23,593 - rs_live_signal_generator - WARNING - Error calculating RS score for UNIONBANK: RSStrategyBacktester.calculate_rs_score() takes 4 positional arguments but 7 were given
2025-10-22 18:00:23,597 - rs_live_signal_generator - WARNING - Error calculating RS score for UNITDSPR: RSStrategyBacktester.calculate_rs_score() takes 4 positional arguments but 7 were given
2025-10-22 18:00:23,603 - rs_live_signal_generator - WARNING - Error calculating RS score for UNOMINDA: RSStrategyBacktester.calculate_rs_score() takes 4 positional arguments but 7 were given
2025-10-22 18:00:23,615 - rs_live_signal_generator - WARNING - Error calculating RS score for UPL: RSStrategyBacktester.calculate_rs_score() takes 4 positional arguments but 7 were given
2025-10-22 18:00:23,617 - rs_live_signal_generator - WARNING - Error calculating RS score for USHAMART: RSStrategyBacktester.calculate_rs_score() takes 4 positional arguments but 7 were given
2025-10-22 18:00:23,618 - rs_live_signal_generator - WARNING - Error calculating RS score for UTIAMC: RSStrategyBacktester.calculate_rs_score() takes 4 positional arguments but 7 were given
2025-10-22 18:00:23,630 - rs_live_signal_generator - WARNING - Error calculating RS score for VBL: RSStrategyBacktester.calculate_rs_score() takes 4 positional arguments but 7 were given
2025-10-22 18:00:23,633 - rs_live_signal_generator - WARNING - Error calculating RS score for VEDL: RSStrategyBacktester.calculate_rs_score() takes 4 positional arguments but 7 were given
2025-10-22 18:00:23,634 - rs_live_signal_generator - WARNING - Error calculating RS score for VGUARD: RSStrategyBacktester.calculate_rs_score() takes 4 positional arguments but 7 were given
2025-10-22 18:00:23,641 - rs_live_signal_generator - WARNING - Error calculating RS score for VIJAYA: RSStrategyBacktester.calculate_rs_score() takes 4 positional arguments but 7 were given
2025-10-22 18:00:23,645 - rs_live_signal_generator - WARNING - Error calculating RS score for VMM: RSStrategyBacktester.calculate_rs_score() takes 4 positional arguments but 7 were given
2025-10-22 18:00:23,652 - rs_live_signal_generator - WARNING - Error calculating RS score for VOLTAS: RSStrategyBacktester.calculate_rs_score() takes 4 positional arguments but 7 were given
2025-10-22 18:00:23,664 - rs_live_signal_generator - WARNING - Error calculating RS score for VTL: RSStrategyBacktester.calculate_rs_score() takes 4 positional arguments but 7 were given
2025-10-22 18:00:23,666 - rs_live_signal_generator - WARNING - Error calculating RS score for WAAREEENER: RSStrategyBacktester.calculate_rs_score() takes 4 positional arguments but 7 were given
2025-10-22 18:00:23,669 - rs_live_signal_generator - WARNING - Error calculating RS score for WELCORP: RSStrategyBacktester.calculate_rs_score() takes 4 positional arguments but 7 were given
2025-10-22 18:00:23,677 - rs_live_signal_generator - WARNING - Error calculating RS score for WELSPUNLIV: RSStrategyBacktester.calculate_rs_score() takes 4 positional arguments but 7 were given
2025-10-22 18:00:23,687 - rs_live_signal_generator - WARNING - Error calculating RS score for WESTLIFE: RSStrategyBacktester.calculate_rs_score() takes 4 positional arguments but 7 were given
2025-10-22 18:00:23,699 - rs_live_signal_generator - WARNING - Error calculating RS score for WHIRLPOOL: RSStrategyBacktester.calculate_rs_score() takes 4 positional arguments but 7 were given
2025-10-22 18:00:23,700 - rs_live_signal_generator - WARNING - Error calculating RS score for WIPRO: RSStrategyBacktester.calculate_rs_score() takes 4 positional arguments but 7 were given
2025-10-22 18:00:23,703 - rs_live_signal_generator - WARNING - Error calculating RS score for WOCKPHARMA: RSStrategyBacktester.calculate_rs_score() takes 4 positional arguments but 7 were given
2025-10-22 18:00:23,716 - rs_live_signal_generator - WARNING - Error calculating RS score for YESBANK: RSStrategyBacktester.calculate_rs_score() takes 4 positional arguments but 7 were given
2025-10-22 18:00:23,717 - rs_live_signal_generator - WARNING - Error calculating RS score for ZEEL: RSStrategyBacktester.calculate_rs_score() takes 4 positional arguments but 7 were given
2025-10-22 18:00:23,727 - rs_live_signal_generator - WARNING - Error calculating RS score for ZENSARTECH: RSStrategyBacktester.calculate_rs_score() takes 4 positional arguments but 7 were given
2025-10-22 18:00:23,732 - rs_live_signal_generator - WARNING - Error calculating RS score for ZENTEC: RSStrategyBacktester.calculate_rs_score() takes 4 positional arguments but 7 were given
2025-10-22 18:00:23,734 - rs_live_signal_generator - WARNING - Error calculating RS score for ZFCVINDIA: RSStrategyBacktester.calculate_rs_score() takes 4 positional arguments but 7 were given
2025-10-22 18:00:23,736 - rs_live_signal_generator - WARNING - Error calculating RS score for ZYDUSLIFE: RSStrategyBacktester.calculate_rs_score() takes 4 positional arguments but 7 were given
2025-10-22 18:00:23,746 - rs_live_signal_generator - INFO - Saved 0 signals to database
2025-10-22 18:00:23,750 - rs_live_signal_generator - INFO - Successfully generated 0 signals
2025-10-22 18:07:11,877 - rs_live_signal_generator - INFO - RS live signal tables created successfully
2025-10-22 18:13:30,161 - rs_live_signal_generator - INFO - RS live signal tables created successfully
2025-10-22 18:15:07,136 - rs_live_signal_generator - INFO - RS live signal tables created successfully
2025-10-22 21:10:37,326 - rs_live_signal_generator - INFO - RS live signal tables created successfully
2025-10-22 21:44:29,100 - rs_live_signal_generator - INFO - RS live signal tables created successfully
2025-10-22 21:58:25,804 - rs_live_signal_generator - INFO - RS live signal tables created successfully
2025-10-22 22:21:24,921 - rs_live_signal_generator - INFO - RS live signal tables created successfully
2025-10-23 09:52:50,375 - rs_live_signal_generator - INFO - RS live signal tables created successfully
2025-10-23 11:03:33,167 - rs_live_signal_generator - INFO - RS live signal tables created successfully
2025-10-23 11:44:27,996 - rs_live_signal_generator - INFO - RS live signal tables created successfully
2025-10-23 13:09:23,979 - rs_live_signal_generator - INFO - RS live signal tables created successfully
2025-10-23 13:34:13,532 - rs_live_signal_generator - INFO - RS live signal tables created successfully
2025-10-23 13:38:57,114 - rs_live_signal_generator - INFO - RS live signal tables created successfully
2025-10-23 14:03:06,358 - rs_live_signal_generator - INFO - RS live signal tables created successfully
2025-10-23 15:14:56,549 - rs_live_signal_generator - INFO - RS live signal tables created successfully
2025-10-23 16:27:32,545 - rs_live_signal_generator - INFO - RS live signal tables created successfully
2025-10-23 17:04:02,950 - rs_live_signal_generator - INFO - RS live signal tables created successfully
2025-10-23 18:00:00,048 - rs_live_signal_generator - INFO - Starting RS signal generation for config 1, user None
2025-10-23 18:00:00,097 - rs_live_signal_generator - INFO - Using configuration: cursor
2025-10-23 18:00:00,099 - rs_live_signal_generator - INFO - Getting stock data from 2024-09-12 to 2025-10-17
2025-10-23 18:00:01,487 - rs_live_signal_generator - INFO - Found 499 stock symbols for signal generation
2025-10-23 18:00:05,270 - rs_live_signal_generator - WARNING - No Nifty 50 index data found
2025-10-23 18:00:05,271 - rs_live_signal_generator - INFO - Successfully loaded data for 499 symbols
2025-10-23 18:00:05,273 - rs_live_signal_generator - WARNING - Error calculating RS score for 360ONE: RSStrategyBacktester.calculate_rs_score() takes 4 positional arguments but 7 were given
2025-10-23 18:00:05,274 - rs_live_signal_generator - WARNING - Error calculating RS score for 3MINDIA: RSStrategyBacktester.calculate_rs_score() takes 4 positional arguments but 7 were given
2025-10-23 18:00:05,274 - rs_live_signal_generator - WARNING - Error calculating RS score for AADHARHFC: RSStrategyBacktester.calculate_rs_score() takes 4 positional arguments but 7 were given
2025-10-23 18:00:05,275 - rs_live_signal_generator - WARNING - Error calculating RS score for AARTIIND: RSStrategyBacktester.calculate_rs_score() takes 4 positional arguments but 7 were given
2025-10-23 18:00:05,276 - rs_live_signal_generator - WARNING - Error calculating RS score for AAVAS: RSStrategyBacktester.calculate_rs_score() takes 4 positional arguments but 7 were given
2025-10-23 18:00:05,277 - rs_live_signal_generator - WARNING - Error calculating RS score for ABB: RSStrategyBacktester.calculate_rs_score() takes 4 positional arguments but 7 were given
2025-10-23 18:00:05,277 - rs_live_signal_generator - WARNING - Error calculating RS score for ABBOTINDIA: RSStrategyBacktester.calculate_rs_score() takes 4 positional arguments but 7 were given
2025-10-23 18:00:05,278 - rs_live_signal_generator - WARNING - Error calculating RS score for ABCAPITAL: RSStrategyBacktester.calculate_rs_score() takes 4 positional arguments but 7 were given
2025-10-23 18:00:05,279 - rs_live_signal_generator - WARNING - Error calculating RS score for ABFRL: RSStrategyBacktester.calculate_rs_score() takes 4 positional arguments but 7 were given
2025-10-23 18:00:05,281 - rs_live_signal_generator - WARNING - Error calculating RS score for ABREL: RSStrategyBacktester.calculate_rs_score() takes 4 positional arguments but 7 were given
2025-10-23 18:00:05,283 - rs_live_signal_generator - WARNING - Error calculating RS score for ABSLAMC: RSStrategyBacktester.calculate_rs_score() takes 4 positional arguments but 7 were given
2025-10-23 18:00:05,283 - rs_live_signal_generator - WARNING - Error calculating RS score for ACC: RSStrategyBacktester.calculate_rs_score() takes 4 positional arguments but 7 were given
2025-10-23 18:00:05,284 - rs_live_signal_generator - WARNING - Error calculating RS score for ACE: RSStrategyBacktester.calculate_rs_score() takes 4 positional arguments but 7 were given
2025-10-23 18:00:05,285 - rs_live_signal_generator - WARNING - Error calculating RS score for ACMESOLAR: RSStrategyBacktester.calculate_rs_score() takes 4 positional arguments but 7 were given
2025-10-23 18:00:05,286 - rs_live_signal_generator - WARNING - Error calculating RS score for ADANIENSOL: RSStrategyBacktester.calculate_rs_score() takes 4 positional arguments but 7 were given
2025-10-23 18:00:05,286 - rs_live_signal_generator - WARNING - Error calculating RS score for ADANIENT: RSStrategyBacktester.calculate_rs_score() takes 4 positional arguments but 7 were given
2025-10-23 18:00:05,287 - rs_live_signal_generator - WARNING - Error calculating RS score for ADANIGREEN: RSStrategyBacktester.calculate_rs_score() takes 4 positional arguments but 7 were given
2025-10-23 18:00:05,288 - rs_live_signal_generator - WARNING - Error calculating RS score for ADANIPORTS: RSStrategyBacktester.calculate_rs_score() takes 4 positional arguments but 7 were given
2025-10-23 18:00:05,291 - rs_live_signal_generator - WARNING - Error calculating RS score for ADANIPOWER: RSStrategyBacktester.calculate_rs_score() takes 4 positional arguments but 7 were given
2025-10-23 18:00:05,293 - rs_live_signal_generator - WARNING - Error calculating RS score for AEGISLOG: RSStrategyBacktester.calculate_rs_score() takes 4 positional arguments but 7 were given
2025-10-23 18:00:05,294 - rs_live_signal_generator - WARNING - Error calculating RS score for AFCONS: RSStrategyBacktester.calculate_rs_score() takes 4 positional arguments but 7 were given
2025-10-23 18:00:05,296 - rs_live_signal_generator - WARNING - Error calculating RS score for AFFLE: RSStrategyBacktester.calculate_rs_score() takes 4 positional arguments but 7 were given
2025-10-23 18:00:05,300 - rs_live_signal_generator - WARNING - Error calculating RS score for AIAENG: RSStrategyBacktester.calculate_rs_score() takes 4 positional arguments but 7 were given
2025-10-23 18:00:05,303 - rs_live_signal_generator - WARNING - Error calculating RS score for AIIL: RSStrategyBacktester.calculate_rs_score() takes 4 positional arguments but 7 were given
2025-10-23 18:00:05,304 - rs_live_signal_generator - WARNING - Error calculating RS score for AJANTPHARM: RSStrategyBacktester.calculate_rs_score() takes 4 positional arguments but 7 were given
2025-10-23 18:00:05,305 - rs_live_signal_generator - WARNING - Error calculating RS score for AKUMS: RSStrategyBacktester.calculate_rs_score() takes 4 positional arguments but 7 were given
2025-10-23 18:00:05,306 - rs_live_signal_generator - WARNING - Error calculating RS score for ALIVUS: RSStrategyBacktester.calculate_rs_score() takes 4 positional arguments but 7 were given
2025-10-23 18:00:05,306 - rs_live_signal_generator - WARNING - Error calculating RS score for ALKEM: RSStrategyBacktester.calculate_rs_score() takes 4 positional arguments but 7 were given
2025-10-23 18:00:05,307 - rs_live_signal_generator - WARNING - Error calculating RS score for ALKYLAMINE: RSStrategyBacktester.calculate_rs_score() takes 4 positional arguments but 7 were given
2025-10-23 18:00:05,308 - rs_live_signal_generator - WARNING - Error calculating RS score for ALOKINDS: RSStrategyBacktester.calculate_rs_score() takes 4 positional arguments but 7 were given
2025-10-23 18:00:05,308 - rs_live_signal_generator - WARNING - Error calculating RS score for AMBER: RSStrategyBacktester.calculate_rs_score() takes 4 positional arguments but 7 were given
2025-10-23 18:00:05,309 - rs_live_signal_generator - WARNING - Error calculating RS score for AMBUJACEM: RSStrategyBacktester.calculate_rs_score() takes 4 positional arguments but 7 were given
2025-10-23 18:00:05,310 - rs_live_signal_generator - WARNING - Error calculating RS score for ANANDRATHI: RSStrategyBacktester.calculate_rs_score() takes 4 positional arguments but 7 were given
2025-10-23 18:00:05,310 - rs_live_signal_generator - WARNING - Error calculating RS score for ANANTRAJ: RSStrategyBacktester.calculate_rs_score() takes 4 positional arguments but 7 were given
2025-10-23 18:00:05,317 - rs_live_signal_generator - WARNING - Error calculating RS score for ANGELONE: RSStrategyBacktester.calculate_rs_score() takes 4 positional arguments but 7 were given
2025-10-23 18:00:05,317 - rs_live_signal_generator - WARNING - Error calculating RS score for APARINDS: RSStrategyBacktester.calculate_rs_score() takes 4 positional arguments but 7 were given
2025-10-23 18:00:05,318 - rs_live_signal_generator - WARNING - Error calculating RS score for APLAPOLLO: RSStrategyBacktester.calculate_rs_score() takes 4 positional arguments but 7 were given
2025-10-23 18:00:05,319 - rs_live_signal_generator - WARNING - Error calculating RS score for APLLTD: RSStrategyBacktester.calculate_rs_score() takes 4 positional arguments but 7 were given
2025-10-23 18:00:05,320 - rs_live_signal_generator - WARNING - Error calculating RS score for APOLLOHOSP: RSStrategyBacktester.calculate_rs_score() takes 4 positional arguments but 7 were given
2025-10-23 18:00:05,322 - rs_live_signal_generator - WARNING - Error calculating RS score for APOLLOTYRE: RSStrategyBacktester.calculate_rs_score() takes 4 positional arguments but 7 were given
2025-10-23 18:00:05,325 - rs_live_signal_generator - WARNING - Error calculating RS score for APTUS: RSStrategyBacktester.calculate_rs_score() takes 4 positional arguments but 7 were given
2025-10-23 18:00:05,326 - rs_live_signal_generator - WARNING - Error calculating RS score for ARE&M: RSStrategyBacktester.calculate_rs_score() takes 4 positional arguments but 7 were given
2025-10-23 18:00:05,327 - rs_live_signal_generator - WARNING - Error calculating RS score for ASAHIINDIA: RSStrategyBacktester.calculate_rs_score() takes 4 positional arguments but 7 were given
2025-10-23 18:00:05,327 - rs_live_signal_generator - WARNING - Error calculating RS score for ASHOKLEY: RSStrategyBacktester.calculate_rs_score() takes 4 positional arguments but 7 were given
2025-10-23 18:00:05,328 - rs_live_signal_generator - WARNING - Error calculating RS score for ASIANPAINT: RSStrategyBacktester.calculate_rs_score() takes 4 positional arguments but 7 were given
2025-10-23 18:00:05,329 - rs_live_signal_generator - WARNING - Error calculating RS score for ASTERDM: RSStrategyBacktester.calculate_rs_score() takes 4 positional arguments but 7 were given
2025-10-23 18:00:05,331 - rs_live_signal_generator - WARNING - Error calculating RS score for ASTRAL: RSStrategyBacktester.calculate_rs_score() takes 4 positional arguments but 7 were given
2025-10-23 18:00:05,332 - rs_live_signal_generator - WARNING - Error calculating RS score for ASTRAZEN: RSStrategyBacktester.calculate_rs_score() takes 4 positional arguments but 7 were given
2025-10-23 18:00:05,333 - rs_live_signal_generator - WARNING - Error calculating RS score for ATGL: RSStrategyBacktester.calculate_rs_score() takes 4 positional arguments but 7 were given
2025-10-23 18:00:05,333 - rs_live_signal_generator - WARNING - Error calculating RS score for ATUL: RSStrategyBacktester.calculate_rs_score() takes 4 positional arguments but 7 were given
2025-10-23 18:00:05,334 - rs_live_signal_generator - WARNING - Error calculating RS score for AUBANK: RSStrategyBacktester.calculate_rs_score() takes 4 positional arguments but 7 were given
2025-10-23 18:00:05,335 - rs_live_signal_generator - WARNING - Error calculating RS score for AUROPHARMA: RSStrategyBacktester.calculate_rs_score() takes 4 positional arguments but 7 were given
2025-10-23 18:00:05,337 - rs_live_signal_generator - WARNING - Error calculating RS score for AWL: RSStrategyBacktester.calculate_rs_score() takes 4 positional arguments but 7 were given
2025-10-23 18:00:05,338 - rs_live_signal_generator - WARNING - Error calculating RS score for AXISBANK: RSStrategyBacktester.calculate_rs_score() takes 4 positional arguments but 7 were given
2025-10-23 18:00:05,340 - rs_live_signal_generator - WARNING - Error calculating RS score for BAJAJ-AUTO: RSStrategyBacktester.calculate_rs_score() takes 4 positional arguments but 7 were given
2025-10-23 18:00:05,341 - rs_live_signal_generator - WARNING - Error calculating RS score for BAJAJFINSV: RSStrategyBacktester.calculate_rs_score() takes 4 positional arguments but 7 were given
2025-10-23 18:00:05,341 - rs_live_signal_generator - WARNING - Error calculating RS score for BAJAJHFL: RSStrategyBacktester.calculate_rs_score() takes 4 positional arguments but 7 were given
2025-10-23 18:00:05,342 - rs_live_signal_generator - WARNING - Error calculating RS score for BAJAJHLDNG: RSStrategyBacktester.calculate_rs_score() takes 4 positional arguments but 7 were given
2025-10-23 18:00:05,343 - rs_live_signal_generator - WARNING - Error calculating RS score for BAJFINANCE: RSStrategyBacktester.calculate_rs_score() takes 4 positional arguments but 7 were given
2025-10-23 18:00:05,343 - rs_live_signal_generator - WARNING - Error calculating RS score for BALKRISIND: RSStrategyBacktester.calculate_rs_score() takes 4 positional arguments but 7 were given
2025-10-23 18:00:05,344 - rs_live_signal_generator - WARNING - Error calculating RS score for BALRAMCHIN: RSStrategyBacktester.calculate_rs_score() takes 4 positional arguments but 7 were given
2025-10-23 18:00:05,345 - rs_live_signal_generator - WARNING - Error calculating RS score for BANDHANBNK: RSStrategyBacktester.calculate_rs_score() takes 4 positional arguments but 7 were given
2025-10-23 18:00:05,346 - rs_live_signal_generator - WARNING - Error calculating RS score for BANKBARODA: RSStrategyBacktester.calculate_rs_score() takes 4 positional arguments but 7 were given
2025-10-23 18:00:05,347 - rs_live_signal_generator - WARNING - Error calculating RS score for BANKINDIA: RSStrategyBacktester.calculate_rs_score() takes 4 positional arguments but 7 were given
2025-10-23 18:00:05,349 - rs_live_signal_generator - WARNING - Error calculating RS score for BASF: RSStrategyBacktester.calculate_rs_score() takes 4 positional arguments but 7 were given
2025-10-23 18:00:05,350 - rs_live_signal_generator - WARNING - Error calculating RS score for BATAINDIA: RSStrategyBacktester.calculate_rs_score() takes 4 positional arguments but 7 were given
2025-10-23 18:00:05,351 - rs_live_signal_generator - WARNING - Error calculating RS score for BAYERCROP: RSStrategyBacktester.calculate_rs_score() takes 4 positional arguments but 7 were given
2025-10-23 18:00:05,352 - rs_live_signal_generator - WARNING - Error calculating RS score for BBTC: RSStrategyBacktester.calculate_rs_score() takes 4 positional arguments but 7 were given
2025-10-23 18:00:05,353 - rs_live_signal_generator - WARNING - Error calculating RS score for BDL: RSStrategyBacktester.calculate_rs_score() takes 4 positional arguments but 7 were given
2025-10-23 18:00:05,353 - rs_live_signal_generator - WARNING - Error calculating RS score for BEL: RSStrategyBacktester.calculate_rs_score() takes 4 positional arguments but 7 were given
2025-10-23 18:00:05,354 - rs_live_signal_generator - WARNING - Error calculating RS score for BEML: RSStrategyBacktester.calculate_rs_score() takes 4 positional arguments but 7 were given
2025-10-23 18:00:05,355 - rs_live_signal_generator - WARNING - Error calculating RS score for BERGEPAINT: RSStrategyBacktester.calculate_rs_score() takes 4 positional arguments but 7 were given
2025-10-23 18:00:05,356 - rs_live_signal_generator - WARNING - Error calculating RS score for BHARATFORG: RSStrategyBacktester.calculate_rs_score() takes 4 positional arguments but 7 were given
2025-10-23 18:00:05,357 - rs_live_signal_generator - WARNING - Error calculating RS score for BHARTIARTL: RSStrategyBacktester.calculate_rs_score() takes 4 positional arguments but 7 were given
2025-10-23 18:00:05,357 - rs_live_signal_generator - WARNING - Error calculating RS score for BHARTIHEXA: RSStrategyBacktester.calculate_rs_score() takes 4 positional arguments but 7 were given
2025-10-23 18:00:05,358 - rs_live_signal_generator - WARNING - Error calculating RS score for BHEL: RSStrategyBacktester.calculate_rs_score() takes 4 positional arguments but 7 were given
2025-10-23 18:00:05,358 - rs_live_signal_generator - WARNING - Error calculating RS score for BIKAJI: RSStrategyBacktester.calculate_rs_score() takes 4 positional arguments but 7 were given
2025-10-23 18:00:05,359 - rs_live_signal_generator - WARNING - Error calculating RS score for BIOCON: RSStrategyBacktester.calculate_rs_score() takes 4 positional arguments but 7 were given
2025-10-23 18:00:05,360 - rs_live_signal_generator - WARNING - Error calculating RS score for BLS: RSStrategyBacktester.calculate_rs_score() takes 4 positional arguments but 7 were given
2025-10-23 18:00:05,361 - rs_live_signal_generator - WARNING - Error calculating RS score for BLUEDART: RSStrategyBacktester.calculate_rs_score() takes 4 positional arguments but 7 were given
2025-10-23 18:00:05,361 - rs_live_signal_generator - WARNING - Error calculating RS score for BLUESTARCO: RSStrategyBacktester.calculate_rs_score() takes 4 positional arguments but 7 were given
2025-10-23 18:00:05,362 - rs_live_signal_generator - WARNING - Error calculating RS score for BOSCHLTD: RSStrategyBacktester.calculate_rs_score() takes 4 positional arguments but 7 were given
2025-10-23 18:00:05,363 - rs_live_signal_generator - WARNING - Error calculating RS score for BPCL: RSStrategyBacktester.calculate_rs_score() takes 4 positional arguments but 7 were given
2025-10-23 18:00:05,364 - rs_live_signal_generator - WARNING - Error calculating RS score for BRIGADE: RSStrategyBacktester.calculate_rs_score() takes 4 positional arguments but 7 were given
2025-10-23 18:00:05,365 - rs_live_signal_generator - WARNING - Error calculating RS score for BRITANNIA: RSStrategyBacktester.calculate_rs_score() takes 4 positional arguments but 7 were given
2025-10-23 18:00:05,367 - rs_live_signal_generator - WARNING - Error calculating RS score for BSE: RSStrategyBacktester.calculate_rs_score() takes 4 positional arguments but 7 were given
2025-10-23 18:00:05,369 - rs_live_signal_generator - WARNING - Error calculating RS score for BSOFT: RSStrategyBacktester.calculate_rs_score() takes 4 positional arguments but 7 were given
2025-10-23 18:00:05,371 - rs_live_signal_generator - WARNING - Error calculating RS score for CAMPUS: RSStrategyBacktester.calculate_rs_score() takes 4 positional arguments but 7 were given
2025-10-23 18:00:05,372 - rs_live_signal_generator - WARNING - Error calculating RS score for CAMS: RSStrategyBacktester.calculate_rs_score() takes 4 positional arguments but 7 were given
2025-10-23 18:00:05,373 - rs_live_signal_generator - WARNING - Error calculating RS score for CANBK: RSStrategyBacktester.calculate_rs_score() takes 4 positional arguments but 7 were given
2025-10-23 18:00:05,374 - rs_live_signal_generator - WARNING - Error calculating RS score for CANFINHOME: RSStrategyBacktester.calculate_rs_score() takes 4 positional arguments but 7 were given
2025-10-23 18:00:05,374 - rs_live_signal_generator - WARNING - Error calculating RS score for CAPLIPOINT: RSStrategyBacktester.calculate_rs_score() takes 4 positional arguments but 7 were given
2025-10-23 18:00:05,375 - rs_live_signal_generator - WARNING - Error calculating RS score for CARBORUNIV: RSStrategyBacktester.calculate_rs_score() takes 4 positional arguments but 7 were given
2025-10-23 18:00:05,377 - rs_live_signal_generator - WARNING - Error calculating RS score for CASTROLIND: RSStrategyBacktester.calculate_rs_score() takes 4 positional arguments but 7 were given
2025-10-23 18:00:05,378 - rs_live_signal_generator - WARNING - Error calculating RS score for CCL: RSStrategyBacktester.calculate_rs_score() takes 4 positional arguments but 7 were given
2025-10-23 18:00:05,382 - rs_live_signal_generator - WARNING - Error calculating RS score for CDSL: RSStrategyBacktester.calculate_rs_score() takes 4 positional arguments but 7 were given
2025-10-23 18:00:05,384 - rs_live_signal_generator - WARNING - Error calculating RS score for CEATLTD: RSStrategyBacktester.calculate_rs_score() takes 4 positional arguments but 7 were given
2025-10-23 18:00:05,385 - rs_live_signal_generator - WARNING - Error calculating RS score for CENTRALBK: RSStrategyBacktester.calculate_rs_score() takes 4 positional arguments but 7 were given
2025-10-23 18:00:05,387 - rs_live_signal_generator - WARNING - Error calculating RS score for CENTURYPLY: RSStrategyBacktester.calculate_rs_score() takes 4 positional arguments but 7 were given
2025-10-23 18:00:05,389 - rs_live_signal_generator - WARNING - Error calculating RS score for CERA: RSStrategyBacktester.calculate_rs_score() takes 4 positional arguments but 7 were given
2025-10-23 18:00:05,389 - rs_live_signal_generator - WARNING - Error calculating RS score for CESC: RSStrategyBacktester.calculate_rs_score() takes 4 positional arguments but 7 were given
2025-10-23 18:00:05,390 - rs_live_signal_generator - WARNING - Error calculating RS score for CGCL: RSStrategyBacktester.calculate_rs_score() takes 4 positional arguments but 7 were given
2025-10-23 18:00:05,391 - rs_live_signal_generator - WARNING - Error calculating RS score for CGPOWER: RSStrategyBacktester.calculate_rs_score() takes 4 positional arguments but 7 were given
2025-10-23 18:00:05,391 - rs_live_signal_generator - WARNING - Error calculating RS score for CHALET: RSStrategyBacktester.calculate_rs_score() takes 4 positional arguments but 7 were given
2025-10-23 18:00:05,392 - rs_live_signal_generator - WARNING - Error calculating RS score for CHAMBLFERT: RSStrategyBacktester.calculate_rs_score() takes 4 positional arguments but 7 were given
2025-10-23 18:00:05,392 - rs_live_signal_generator - WARNING - Error calculating RS score for CHENNPETRO: RSStrategyBacktester.calculate_rs_score() takes 4 positional arguments but 7 were given
2025-10-23 18:00:05,393 - rs_live_signal_generator - WARNING - Error calculating RS score for CHOLAFIN: RSStrategyBacktester.calculate_rs_score() takes 4 positional arguments but 7 were given
2025-10-23 18:00:05,394 - rs_live_signal_generator - WARNING - Error calculating RS score for CHOLAHLDNG: RSStrategyBacktester.calculate_rs_score() takes 4 positional arguments but 7 were given
2025-10-23 18:00:05,395 - rs_live_signal_generator - WARNING - Error calculating RS score for CIPLA: RSStrategyBacktester.calculate_rs_score() takes 4 positional arguments but 7 were given
2025-10-23 18:00:05,400 - rs_live_signal_generator - WARNING - Error calculating RS score for CLEAN: RSStrategyBacktester.calculate_rs_score() takes 4 positional arguments but 7 were given
2025-10-23 18:00:05,401 - rs_live_signal_generator - WARNING - Error calculating RS score for COALINDIA: RSStrategyBacktester.calculate_rs_score() takes 4 positional arguments but 7 were given
2025-10-23 18:00:05,404 - rs_live_signal_generator - WARNING - Error calculating RS score for COCHINSHIP: RSStrategyBacktester.calculate_rs_score() takes 4 positional arguments but 7 were given
2025-10-23 18:00:05,410 - rs_live_signal_generator - WARNING - Error calculating RS score for COFORGE: RSStrategyBacktester.calculate_rs_score() takes 4 positional arguments but 7 were given
2025-10-23 18:00:05,411 - rs_live_signal_generator - WARNING - Error calculating RS score for COLPAL: RSStrategyBacktester.calculate_rs_score() takes 4 positional arguments but 7 were given
2025-10-23 18:00:05,413 - rs_live_signal_generator - WARNING - Error calculating RS score for CONCOR: RSStrategyBacktester.calculate_rs_score() takes 4 positional arguments but 7 were given
2025-10-23 18:00:05,414 - rs_live_signal_generator - WARNING - Error calculating RS score for CONCORDBIO: RSStrategyBacktester.calculate_rs_score() takes 4 positional arguments but 7 were given
2025-10-23 18:00:05,415 - rs_live_signal_generator - WARNING - Error calculating RS score for COROMANDEL: RSStrategyBacktester.calculate_rs_score() takes 4 positional arguments but 7 were given
2025-10-23 18:00:05,416 - rs_live_signal_generator - WARNING - Error calculating RS score for CRAFTSMAN: RSStrategyBacktester.calculate_rs_score() takes 4 positional arguments but 7 were given
2025-10-23 18:00:05,417 - rs_live_signal_generator - WARNING - Error calculating RS score for CREDITACC: RSStrategyBacktester.calculate_rs_score() takes 4 positional arguments but 7 were given
2025-10-23 18:00:05,418 - rs_live_signal_generator - WARNING - Error calculating RS score for CRISIL: RSStrategyBacktester.calculate_rs_score() takes 4 positional arguments but 7 were given
2025-10-23 18:00:05,419 - rs_live_signal_generator - WARNING - Error calculating RS score for CROMPTON: RSStrategyBacktester.calculate_rs_score() takes 4 positional arguments but 7 were given
2025-10-23 18:00:05,419 - rs_live_signal_generator - WARNING - Error calculating RS score for CUB: RSStrategyBacktester.calculate_rs_score() takes 4 positional arguments but 7 were given
2025-10-23 18:00:05,420 - rs_live_signal_generator - WARNING - Error calculating RS score for CUMMINSIND: RSStrategyBacktester.calculate_rs_score() takes 4 positional arguments but 7 were given
2025-10-23 18:00:05,421 - rs_live_signal_generator - WARNING - Error calculating RS score for CYIENT: RSStrategyBacktester.calculate_rs_score() takes 4 positional arguments but 7 were given
2025-10-23 18:00:05,422 - rs_live_signal_generator - WARNING - Error calculating RS score for DABUR: RSStrategyBacktester.calculate_rs_score() takes 4 positional arguments but 7 were given
2025-10-23 18:00:05,423 - rs_live_signal_generator - WARNING - Error calculating RS score for DALBHARAT: RSStrategyBacktester.calculate_rs_score() takes 4 positional arguments but 7 were given
2025-10-23 18:00:05,424 - rs_live_signal_generator - WARNING - Error calculating RS score for DATAPATTNS: RSStrategyBacktester.calculate_rs_score() takes 4 positional arguments but 7 were given
2025-10-23 18:00:05,424 - rs_live_signal_generator - WARNING - Error calculating RS score for DBREALTY: RSStrategyBacktester.calculate_rs_score() takes 4 positional arguments but 7 were given
2025-10-23 18:00:05,426 - rs_live_signal_generator - WARNING - Error calculating RS score for DCMSHRIRAM: RSStrategyBacktester.calculate_rs_score() takes 4 positional arguments but 7 were given
2025-10-23 18:00:05,427 - rs_live_signal_generator - WARNING - Error calculating RS score for DEEPAKFERT: RSStrategyBacktester.calculate_rs_score() takes 4 positional arguments but 7 were given
2025-10-23 18:00:05,428 - rs_live_signal_generator - WARNING - Error calculating RS score for DEEPAKNTR: RSStrategyBacktester.calculate_rs_score() takes 4 positional arguments but 7 were given
2025-10-23 18:00:05,430 - rs_live_signal_generator - WARNING - Error calculating RS score for DELHIVERY: RSStrategyBacktester.calculate_rs_score() takes 4 positional arguments but 7 were given
2025-10-23 18:00:05,433 - rs_live_signal_generator - WARNING - Error calculating RS score for DEVYANI: RSStrategyBacktester.calculate_rs_score() takes 4 positional arguments but 7 were given
2025-10-23 18:00:05,434 - rs_live_signal_generator - WARNING - Error calculating RS score for DIVISLAB: RSStrategyBacktester.calculate_rs_score() takes 4 positional arguments but 7 were given
2025-10-23 18:00:05,441 - rs_live_signal_generator - WARNING - Error calculating RS score for DIXON: RSStrategyBacktester.calculate_rs_score() takes 4 positional arguments but 7 were given
2025-10-23 18:00:05,445 - rs_live_signal_generator - WARNING - Error calculating RS score for DLF: RSStrategyBacktester.calculate_rs_score() takes 4 positional arguments but 7 were given
2025-10-23 18:00:05,450 - rs_live_signal_generator - WARNING - Error calculating RS score for DMART: RSStrategyBacktester.calculate_rs_score() takes 4 positional arguments but 7 were given
2025-10-23 18:00:05,451 - rs_live_signal_generator - WARNING - Error calculating RS score for DOMS: RSStrategyBacktester.calculate_rs_score() takes 4 positional arguments but 7 were given
2025-10-23 18:00:05,452 - rs_live_signal_generator - WARNING - Error calculating RS score for DRREDDY: RSStrategyBacktester.calculate_rs_score() takes 4 positional arguments but 7 were given
2025-10-23 18:00:05,452 - rs_live_signal_generator - WARNING - Error calculating RS score for ECLERX: RSStrategyBacktester.calculate_rs_score() takes 4 positional arguments but 7 were given
2025-10-23 18:00:05,457 - rs_live_signal_generator - WARNING - Error calculating RS score for EICHERMOT: RSStrategyBacktester.calculate_rs_score() takes 4 positional arguments but 7 were given
2025-10-23 18:00:05,458 - rs_live_signal_generator - WARNING - Error calculating RS score for EIDPARRY: RSStrategyBacktester.calculate_rs_score() takes 4 positional arguments but 7 were given
2025-10-23 18:00:05,459 - rs_live_signal_generator - WARNING - Error calculating RS score for EIHOTEL: RSStrategyBacktester.calculate_rs_score() takes 4 positional arguments but 7 were given
2025-10-23 18:00:05,460 - rs_live_signal_generator - WARNING - Error calculating RS score for ELECON: RSStrategyBacktester.calculate_rs_score() takes 4 positional arguments but 7 were given
2025-10-23 18:00:05,461 - rs_live_signal_generator - WARNING - Error calculating RS score for ELGIEQUIP: RSStrategyBacktester.calculate_rs_score() takes 4 positional arguments but 7 were given
2025-10-23 18:00:05,461 - rs_live_signal_generator - WARNING - Error calculating RS score for EMAMILTD: RSStrategyBacktester.calculate_rs_score() takes 4 positional arguments but 7 were given
2025-10-23 18:00:05,462 - rs_live_signal_generator - WARNING - Error calculating RS score for EMCURE: RSStrategyBacktester.calculate_rs_score() takes 4 positional arguments but 7 were given
2025-10-23 18:00:05,467 - rs_live_signal_generator - WARNING - Error calculating RS score for ENDURANCE: RSStrategyBacktester.calculate_rs_score() takes 4 positional arguments but 7 were given
2025-10-23 18:00:05,474 - rs_live_signal_generator - WARNING - Error calculating RS score for ENGINERSIN: RSStrategyBacktester.calculate_rs_score() takes 4 positional arguments but 7 were given
2025-10-23 18:00:05,477 - rs_live_signal_generator - WARNING - Error calculating RS score for ERIS: RSStrategyBacktester.calculate_rs_score() takes 4 positional arguments but 7 were given
2025-10-23 18:00:05,483 - rs_live_signal_generator - WARNING - Error calculating RS score for ESCORTS: RSStrategyBacktester.calculate_rs_score() takes 4 positional arguments but 7 were given
2025-10-23 18:00:05,484 - rs_live_signal_generator - WARNING - Error calculating RS score for ETERNAL: RSStrategyBacktester.calculate_rs_score() takes 4 positional arguments but 7 were given
2025-10-23 18:00:05,485 - rs_live_signal_generator - WARNING - Error calculating RS score for EXIDEIND: RSStrategyBacktester.calculate_rs_score() takes 4 positional arguments but 7 were given
2025-10-23 18:00:05,486 - rs_live_signal_generator - WARNING - Error calculating RS score for FACT: RSStrategyBacktester.calculate_rs_score() takes 4 positional arguments but 7 were given
2025-10-23 18:00:05,486 - rs_live_signal_generator - WARNING - Error calculating RS score for FEDERALBNK: RSStrategyBacktester.calculate_rs_score() takes 4 positional arguments but 7 were given
2025-10-23 18:00:05,487 - rs_live_signal_generator - WARNING - Error calculating RS score for FINCABLES: RSStrategyBacktester.calculate_rs_score() takes 4 positional arguments but 7 were given
2025-10-23 18:00:05,488 - rs_live_signal_generator - WARNING - Error calculating RS score for FINPIPE: RSStrategyBacktester.calculate_rs_score() takes 4 positional arguments but 7 were given
2025-10-23 18:00:05,489 - rs_live_signal_generator - WARNING - Error calculating RS score for FIRSTCRY: RSStrategyBacktester.calculate_rs_score() takes 4 positional arguments but 7 were given
2025-10-23 18:00:05,490 - rs_live_signal_generator - WARNING - Error calculating RS score for FIVESTAR: RSStrategyBacktester.calculate_rs_score() takes 4 positional arguments but 7 were given
2025-10-23 18:00:05,493 - rs_live_signal_generator - WARNING - Error calculating RS score for FLUOROCHEM: RSStrategyBacktester.calculate_rs_score() takes 4 positional arguments but 7 were given
2025-10-23 18:00:05,507 - rs_live_signal_generator - WARNING - Error calculating RS score for FORTIS: RSStrategyBacktester.calculate_rs_score() takes 4 positional arguments but 7 were given
2025-10-23 18:00:05,509 - rs_live_signal_generator - WARNING - Error calculating RS score for FSL: RSStrategyBacktester.calculate_rs_score() takes 4 positional arguments but 7 were given
2025-10-23 18:00:05,510 - rs_live_signal_generator - WARNING - Error calculating RS score for GAIL: RSStrategyBacktester.calculate_rs_score() takes 4 positional arguments but 7 were given
2025-10-23 18:00:05,511 - rs_live_signal_generator - WARNING - Error calculating RS score for GESHIP: RSStrategyBacktester.calculate_rs_score() takes 4 positional arguments but 7 were given
2025-10-23 18:00:05,511 - rs_live_signal_generator - WARNING - Error calculating RS score for GICRE: RSStrategyBacktester.calculate_rs_score() takes 4 positional arguments but 7 were given
2025-10-23 18:00:05,513 - rs_live_signal_generator - WARNING - Error calculating RS score for GILLETTE: RSStrategyBacktester.calculate_rs_score() takes 4 positional arguments but 7 were given
2025-10-23 18:00:05,514 - rs_live_signal_generator - WARNING - Error calculating RS score for GLAND: RSStrategyBacktester.calculate_rs_score() takes 4 positional arguments but 7 were given
2025-10-23 18:00:05,516 - rs_live_signal_generator - WARNING - Error calculating RS score for GLAXO: RSStrategyBacktester.calculate_rs_score() takes 4 positional arguments but 7 were given
2025-10-23 18:00:05,520 - rs_live_signal_generator - WARNING - Error calculating RS score for GLENMARK: RSStrategyBacktester.calculate_rs_score() takes 4 positional arguments but 7 were given
2025-10-23 18:00:05,523 - rs_live_signal_generator - WARNING - Error calculating RS score for GMDCLTD: RSStrategyBacktester.calculate_rs_score() takes 4 positional arguments but 7 were given
2025-10-23 18:00:05,526 - rs_live_signal_generator - WARNING - Error calculating RS score for GMRAIRPORT: RSStrategyBacktester.calculate_rs_score() takes 4 positional arguments but 7 were given
2025-10-23 18:00:05,527 - rs_live_signal_generator - WARNING - Error calculating RS score for GNFC: RSStrategyBacktester.calculate_rs_score() takes 4 positional arguments but 7 were given
2025-10-23 18:00:05,528 - rs_live_signal_generator - WARNING - Error calculating RS score for GODFRYPHLP: RSStrategyBacktester.calculate_rs_score() takes 4 positional arguments but 7 were given
2025-10-23 18:00:05,530 - rs_live_signal_generator - WARNING - Error calculating RS score for GODIGIT: RSStrategyBacktester.calculate_rs_score() takes 4 positional arguments but 7 were given
2025-10-23 18:00:05,531 - rs_live_signal_generator - WARNING - Error calculating RS score for GODREJAGRO: RSStrategyBacktester.calculate_rs_score() takes 4 positional arguments but 7 were given
2025-10-23 18:00:05,534 - rs_live_signal_generator - WARNING - Error calculating RS score for GODREJCP: RSStrategyBacktester.calculate_rs_score() takes 4 positional arguments but 7 were given
2025-10-23 18:00:05,536 - rs_live_signal_generator - WARNING - Error calculating RS score for GODREJIND: RSStrategyBacktester.calculate_rs_score() takes 4 positional arguments but 7 were given
2025-10-23 18:00:05,542 - rs_live_signal_generator - WARNING - Error calculating RS score for GODREJPROP: RSStrategyBacktester.calculate_rs_score() takes 4 positional arguments but 7 were given
2025-10-23 18:00:05,543 - rs_live_signal_generator - WARNING - Error calculating RS score for GPIL: RSStrategyBacktester.calculate_rs_score() takes 4 positional arguments but 7 were given
2025-10-23 18:00:05,544 - rs_live_signal_generator - WARNING - Error calculating RS score for GPPL: RSStrategyBacktester.calculate_rs_score() takes 4 positional arguments but 7 were given
2025-10-23 18:00:05,547 - rs_live_signal_generator - WARNING - Error calculating RS score for GRANULES: RSStrategyBacktester.calculate_rs_score() takes 4 positional arguments but 7 were given
2025-10-23 18:00:05,551 - rs_live_signal_generator - WARNING - Error calculating RS score for GRAPHITE: RSStrategyBacktester.calculate_rs_score() takes 4 positional arguments but 7 were given
2025-10-23 18:00:05,553 - rs_live_signal_generator - WARNING - Error calculating RS score for GRASIM: RSStrategyBacktester.calculate_rs_score() takes 4 positional arguments but 7 were given
2025-10-23 18:00:05,554 - rs_live_signal_generator - WARNING - Error calculating RS score for GRAVITA: RSStrategyBacktester.calculate_rs_score() takes 4 positional arguments but 7 were given
2025-10-23 18:00:05,556 - rs_live_signal_generator - WARNING - Error calculating RS score for GRSE: RSStrategyBacktester.calculate_rs_score() takes 4 positional arguments but 7 were given
2025-10-23 18:00:05,557 - rs_live_signal_generator - WARNING - Error calculating RS score for GSPL: RSStrategyBacktester.calculate_rs_score() takes 4 positional arguments but 7 were given
2025-10-23 18:00:05,558 - rs_live_signal_generator - WARNING - Error calculating RS score for GUJGASLTD: RSStrategyBacktester.calculate_rs_score() takes 4 positional arguments but 7 were given
2025-10-23 18:00:05,565 - rs_live_signal_generator - WARNING - Error calculating RS score for GVT&D: RSStrategyBacktester.calculate_rs_score() takes 4 positional arguments but 7 were given
2025-10-23 18:00:05,569 - rs_live_signal_generator - WARNING - Error calculating RS score for HAL: RSStrategyBacktester.calculate_rs_score() takes 4 positional arguments but 7 were given
2025-10-23 18:00:05,572 - rs_live_signal_generator - WARNING - Error calculating RS score for HAPPSTMNDS: RSStrategyBacktester.calculate_rs_score() takes 4 positional arguments but 7 were given
2025-10-23 18:00:05,573 - rs_live_signal_generator - WARNING - Error calculating RS score for HAVELLS: RSStrategyBacktester.calculate_rs_score() takes 4 positional arguments but 7 were given
2025-10-23 18:00:05,576 - rs_live_signal_generator - WARNING - Error calculating RS score for HBLENGINE: RSStrategyBacktester.calculate_rs_score() takes 4 positional arguments but 7 were given
2025-10-23 18:00:05,577 - rs_live_signal_generator - WARNING - Error calculating RS score for HCLTECH: RSStrategyBacktester.calculate_rs_score() takes 4 positional arguments but 7 were given
2025-10-23 18:00:05,580 - rs_live_signal_generator - WARNING - Error calculating RS score for HDFCAMC: RSStrategyBacktester.calculate_rs_score() takes 4 positional arguments but 7 were given
2025-10-23 18:00:05,584 - rs_live_signal_generator - WARNING - Error calculating RS score for HDFCBANK: RSStrategyBacktester.calculate_rs_score() takes 4 positional arguments but 7 were given
2025-10-23 18:00:05,585 - rs_live_signal_generator - WARNING - Error calculating RS score for HDFCLIFE: RSStrategyBacktester.calculate_rs_score() takes 4 positional arguments but 7 were given
2025-10-23 18:00:05,586 - rs_live_signal_generator - WARNING - Error calculating RS score for HEG: RSStrategyBacktester.calculate_rs_score() takes 4 positional arguments but 7 were given
2025-10-23 18:00:05,587 - rs_live_signal_generator - WARNING - Error calculating RS score for HEROMOTOCO: RSStrategyBacktester.calculate_rs_score() takes 4 positional arguments but 7 were given
2025-10-23 18:00:05,588 - rs_live_signal_generator - WARNING - Error calculating RS score for HFCL: RSStrategyBacktester.calculate_rs_score() takes 4 positional arguments but 7 were given
2025-10-23 18:00:05,588 - rs_live_signal_generator - WARNING - Error calculating RS score for HINDALCO: RSStrategyBacktester.calculate_rs_score() takes 4 positional arguments but 7 were given
2025-10-23 18:00:05,589 - rs_live_signal_generator - WARNING - Error calculating RS score for HINDCOPPER: RSStrategyBacktester.calculate_rs_score() takes 4 positional arguments but 7 were given
2025-10-23 18:00:05,590 - rs_live_signal_generator - WARNING - Error calculating RS score for HINDPETRO: RSStrategyBacktester.calculate_rs_score() takes 4 positional arguments but 7 were given
2025-10-23 18:00:05,591 - rs_live_signal_generator - WARNING - Error calculating RS score for HINDUNILVR: RSStrategyBacktester.calculate_rs_score() takes 4 positional arguments but 7 were given
2025-10-23 18:00:05,592 - rs_live_signal_generator - WARNING - Error calculating RS score for HINDZINC: RSStrategyBacktester.calculate_rs_score() takes 4 positional arguments but 7 were given
2025-10-23 18:00:05,597 - rs_live_signal_generator - WARNING - Error calculating RS score for HOMEFIRST: RSStrategyBacktester.calculate_rs_score() takes 4 positional arguments but 7 were given
2025-10-23 18:00:05,606 - rs_live_signal_generator - WARNING - Error calculating RS score for HONASA: RSStrategyBacktester.calculate_rs_score() takes 4 positional arguments but 7 were given
2025-10-23 18:00:05,607 - rs_live_signal_generator - WARNING - Error calculating RS score for HONAUT: RSStrategyBacktester.calculate_rs_score() takes 4 positional arguments but 7 were given
2025-10-23 18:00:05,607 - rs_live_signal_generator - WARNING - Error calculating RS score for HSCL: RSStrategyBacktester.calculate_rs_score() takes 4 positional arguments but 7 were given
2025-10-23 18:00:05,608 - rs_live_signal_generator - WARNING - Error calculating RS score for HUDCO: RSStrategyBacktester.calculate_rs_score() takes 4 positional arguments but 7 were given
2025-10-23 18:00:05,613 - rs_live_signal_generator - WARNING - Error calculating RS score for HYUNDAI: RSStrategyBacktester.calculate_rs_score() takes 4 positional arguments but 7 were given
2025-10-23 18:00:05,620 - rs_live_signal_generator - WARNING - Error calculating RS score for ICICIBANK: RSStrategyBacktester.calculate_rs_score() takes 4 positional arguments but 7 were given
2025-10-23 18:00:05,622 - rs_live_signal_generator - WARNING - Error calculating RS score for ICICIGI: RSStrategyBacktester.calculate_rs_score() takes 4 positional arguments but 7 were given
2025-10-23 18:00:05,623 - rs_live_signal_generator - WARNING - Error calculating RS score for ICICIPRULI: RSStrategyBacktester.calculate_rs_score() takes 4 positional arguments but 7 were given
2025-10-23 18:00:05,626 - rs_live_signal_generator - WARNING - Error calculating RS score for IDBI: RSStrategyBacktester.calculate_rs_score() takes 4 positional arguments but 7 were given
2025-10-23 18:00:05,627 - rs_live_signal_generator - WARNING - Error calculating RS score for IDEA: RSStrategyBacktester.calculate_rs_score() takes 4 positional arguments but 7 were given
2025-10-23 18:00:05,630 - rs_live_signal_generator - WARNING - Error calculating RS score for IDFCFIRSTB: RSStrategyBacktester.calculate_rs_score() takes 4 positional arguments but 7 were given
2025-10-23 18:00:05,631 - rs_live_signal_generator - WARNING - Error calculating RS score for IEX: RSStrategyBacktester.calculate_rs_score() takes 4 positional arguments but 7 were given
2025-10-23 18:00:05,632 - rs_live_signal_generator - WARNING - Error calculating RS score for IFCI: RSStrategyBacktester.calculate_rs_score() takes 4 positional arguments but 7 were given
2025-10-23 18:00:05,632 - rs_live_signal_generator - WARNING - Error calculating RS score for IGIL: RSStrategyBacktester.calculate_rs_score() takes 4 positional arguments but 7 were given
2025-10-23 18:00:05,633 - rs_live_signal_generator - WARNING - Error calculating RS score for IGL: RSStrategyBacktester.calculate_rs_score() takes 4 positional arguments but 7 were given
2025-10-23 18:00:05,633 - rs_live_signal_generator - WARNING - Error calculating RS score for IIFL: RSStrategyBacktester.calculate_rs_score() takes 4 positional arguments but 7 were given
2025-10-23 18:00:05,634 - rs_live_signal_generator - WARNING - Error calculating RS score for IKS: RSStrategyBacktester.calculate_rs_score() takes 4 positional arguments but 7 were given
2025-10-23 18:00:05,634 - rs_live_signal_generator - WARNING - Error calculating RS score for INDGN: RSStrategyBacktester.calculate_rs_score() takes 4 positional arguments but 7 were given
2025-10-23 18:00:05,636 - rs_live_signal_generator - WARNING - Error calculating RS score for INDHOTEL: RSStrategyBacktester.calculate_rs_score() takes 4 positional arguments but 7 were given
2025-10-23 18:00:05,636 - rs_live_signal_generator - WARNING - Error calculating RS score for INDIACEM: RSStrategyBacktester.calculate_rs_score() takes 4 positional arguments but 7 were given
2025-10-23 18:00:05,637 - rs_live_signal_generator - WARNING - Error calculating RS score for INDIAMART: RSStrategyBacktester.calculate_rs_score() takes 4 positional arguments but 7 were given
2025-10-23 18:00:05,637 - rs_live_signal_generator - WARNING - Error calculating RS score for INDIANB: RSStrategyBacktester.calculate_rs_score() takes 4 positional arguments but 7 were given
2025-10-23 18:00:05,638 - rs_live_signal_generator - WARNING - Error calculating RS score for INDIGO: RSStrategyBacktester.calculate_rs_score() takes 4 positional arguments but 7 were given
2025-10-23 18:00:05,638 - rs_live_signal_generator - WARNING - Error calculating RS score for INDUSINDBK: RSStrategyBacktester.calculate_rs_score() takes 4 positional arguments but 7 were given
2025-10-23 18:00:05,639 - rs_live_signal_generator - WARNING - Error calculating RS score for INDUSTOWER: RSStrategyBacktester.calculate_rs_score() takes 4 positional arguments but 7 were given
2025-10-23 18:00:05,639 - rs_live_signal_generator - WARNING - Error calculating RS score for INFY: RSStrategyBacktester.calculate_rs_score() takes 4 positional arguments but 7 were given
2025-10-23 18:00:05,640 - rs_live_signal_generator - WARNING - Error calculating RS score for INOXINDIA: RSStrategyBacktester.calculate_rs_score() takes 4 positional arguments but 7 were given
2025-10-23 18:00:05,640 - rs_live_signal_generator - WARNING - Error calculating RS score for INOXWIND: RSStrategyBacktester.calculate_rs_score() takes 4 positional arguments but 7 were given
2025-10-23 18:00:05,641 - rs_live_signal_generator - WARNING - Error calculating RS score for INTELLECT: RSStrategyBacktester.calculate_rs_score() takes 4 positional arguments but 7 were given
2025-10-23 18:00:05,641 - rs_live_signal_generator - WARNING - Error calculating RS score for IOB: RSStrategyBacktester.calculate_rs_score() takes 4 positional arguments but 7 were given
2025-10-23 18:00:05,642 - rs_live_signal_generator - WARNING - Error calculating RS score for IOC: RSStrategyBacktester.calculate_rs_score() takes 4 positional arguments but 7 were given
2025-10-23 18:00:05,642 - rs_live_signal_generator - WARNING - Error calculating RS score for IPCALAB: RSStrategyBacktester.calculate_rs_score() takes 4 positional arguments but 7 were given
2025-10-23 18:00:05,643 - rs_live_signal_generator - WARNING - Error calculating RS score for IRB: RSStrategyBacktester.calculate_rs_score() takes 4 positional arguments but 7 were given
2025-10-23 18:00:05,643 - rs_live_signal_generator - WARNING - Error calculating RS score for IRCON: RSStrategyBacktester.calculate_rs_score() takes 4 positional arguments but 7 were given
2025-10-23 18:00:05,644 - rs_live_signal_generator - WARNING - Error calculating RS score for IRCTC: RSStrategyBacktester.calculate_rs_score() takes 4 positional arguments but 7 were given
2025-10-23 18:00:05,644 - rs_live_signal_generator - WARNING - Error calculating RS score for IREDA: RSStrategyBacktester.calculate_rs_score() takes 4 positional arguments but 7 were given
2025-10-23 18:00:05,645 - rs_live_signal_generator - WARNING - Error calculating RS score for IRFC: RSStrategyBacktester.calculate_rs_score() takes 4 positional arguments but 7 were given
2025-10-23 18:00:05,646 - rs_live_signal_generator - WARNING - Error calculating RS score for ITC: RSStrategyBacktester.calculate_rs_score() takes 4 positional arguments but 7 were given
2025-10-23 18:00:05,647 - rs_live_signal_generator - WARNING - Error calculating RS score for ITI: RSStrategyBacktester.calculate_rs_score() takes 4 positional arguments but 7 were given
2025-10-23 18:00:05,647 - rs_live_signal_generator - WARNING - Error calculating RS score for J&KBANK: RSStrategyBacktester.calculate_rs_score() takes 4 positional arguments but 7 were given
2025-10-23 18:00:05,648 - rs_live_signal_generator - WARNING - Error calculating RS score for JBCHEPHARM: RSStrategyBacktester.calculate_rs_score() takes 4 positional arguments but 7 were given
2025-10-23 18:00:05,649 - rs_live_signal_generator - WARNING - Error calculating RS score for JBMA: RSStrategyBacktester.calculate_rs_score() takes 4 positional arguments but 7 were given
2025-10-23 18:00:05,650 - rs_live_signal_generator - WARNING - Error calculating RS score for JINDALSAW: RSStrategyBacktester.calculate_rs_score() takes 4 positional arguments but 7 were given
2025-10-23 18:00:05,650 - rs_live_signal_generator - WARNING - Error calculating RS score for JINDALSTEL: RSStrategyBacktester.calculate_rs_score() takes 4 positional arguments but 7 were given
2025-10-23 18:00:05,651 - rs_live_signal_generator - WARNING - Error calculating RS score for JIOFIN: RSStrategyBacktester.calculate_rs_score() takes 4 positional arguments but 7 were given
2025-10-23 18:00:05,651 - rs_live_signal_generator - WARNING - Error calculating RS score for JKCEMENT: RSStrategyBacktester.calculate_rs_score() takes 4 positional arguments but 7 were given
2025-10-23 18:00:05,652 - rs_live_signal_generator - WARNING - Error calculating RS score for JKTYRE: RSStrategyBacktester.calculate_rs_score() takes 4 positional arguments but 7 were given
2025-10-23 18:00:05,652 - rs_live_signal_generator - WARNING - Error calculating RS score for JMFINANCIL: RSStrategyBacktester.calculate_rs_score() takes 4 positional arguments but 7 were given
2025-10-23 18:00:05,653 - rs_live_signal_generator - WARNING - Error calculating RS score for JPPOWER: RSStrategyBacktester.calculate_rs_score() takes 4 positional arguments but 7 were given
2025-10-23 18:00:05,653 - rs_live_signal_generator - WARNING - Error calculating RS score for JSL: RSStrategyBacktester.calculate_rs_score() takes 4 positional arguments but 7 were given
2025-10-23 18:00:05,654 - rs_live_signal_generator - WARNING - Error calculating RS score for JSWENERGY: RSStrategyBacktester.calculate_rs_score() takes 4 positional arguments but 7 were given
2025-10-23 18:00:05,654 - rs_live_signal_generator - WARNING - Error calculating RS score for JSWHL: RSStrategyBacktester.calculate_rs_score() takes 4 positional arguments but 7 were given
2025-10-23 18:00:05,656 - rs_live_signal_generator - WARNING - Error calculating RS score for JSWINFRA: RSStrategyBacktester.calculate_rs_score() takes 4 positional arguments but 7 were given
2025-10-23 18:00:05,656 - rs_live_signal_generator - WARNING - Error calculating RS score for JSWSTEEL: RSStrategyBacktester.calculate_rs_score() takes 4 positional arguments but 7 were given
2025-10-23 18:00:05,657 - rs_live_signal_generator - WARNING - Error calculating RS score for JUBLFOOD: RSStrategyBacktester.calculate_rs_score() takes 4 positional arguments but 7 were given
2025-10-23 18:00:05,657 - rs_live_signal_generator - WARNING - Error calculating RS score for JUBLINGREA: RSStrategyBacktester.calculate_rs_score() takes 4 positional arguments but 7 were given
2025-10-23 18:00:05,658 - rs_live_signal_generator - WARNING - Error calculating RS score for JUBLPHARMA: RSStrategyBacktester.calculate_rs_score() takes 4 positional arguments but 7 were given
2025-10-23 18:00:05,658 - rs_live_signal_generator - WARNING - Error calculating RS score for JUSTDIAL: RSStrategyBacktester.calculate_rs_score() takes 4 positional arguments but 7 were given
2025-10-23 18:00:05,659 - rs_live_signal_generator - WARNING - Error calculating RS score for JWL: RSStrategyBacktester.calculate_rs_score() takes 4 positional arguments but 7 were given
2025-10-23 18:00:05,659 - rs_live_signal_generator - WARNING - Error calculating RS score for JYOTHYLAB: RSStrategyBacktester.calculate_rs_score() takes 4 positional arguments but 7 were given
2025-10-23 18:00:05,660 - rs_live_signal_generator - WARNING - Error calculating RS score for JYOTICNC: RSStrategyBacktester.calculate_rs_score() takes 4 positional arguments but 7 were given
2025-10-23 18:00:05,660 - rs_live_signal_generator - WARNING - Error calculating RS score for KAJARIACER: RSStrategyBacktester.calculate_rs_score() takes 4 positional arguments but 7 were given
2025-10-23 18:00:05,661 - rs_live_signal_generator - WARNING - Error calculating RS score for KALYANKJIL: RSStrategyBacktester.calculate_rs_score() takes 4 positional arguments but 7 were given
2025-10-23 18:00:05,663 - rs_live_signal_generator - WARNING - Error calculating RS score for KANSAINER: RSStrategyBacktester.calculate_rs_score() takes 4 positional arguments but 7 were given
2025-10-23 18:00:05,665 - rs_live_signal_generator - WARNING - Error calculating RS score for KARURVYSYA: RSStrategyBacktester.calculate_rs_score() takes 4 positional arguments but 7 were given
2025-10-23 18:00:05,668 - rs_live_signal_generator - WARNING - Error calculating RS score for KAYNES: RSStrategyBacktester.calculate_rs_score() takes 4 positional arguments but 7 were given
2025-10-23 18:00:05,668 - rs_live_signal_generator - WARNING - Error calculating RS score for KEC: RSStrategyBacktester.calculate_rs_score() takes 4 positional arguments but 7 were given
2025-10-23 18:00:05,669 - rs_live_signal_generator - WARNING - Error calculating RS score for KEI: RSStrategyBacktester.calculate_rs_score() takes 4 positional arguments but 7 were given
2025-10-23 18:00:05,670 - rs_live_signal_generator - WARNING - Error calculating RS score for KFINTECH: RSStrategyBacktester.calculate_rs_score() takes 4 positional arguments but 7 were given
2025-10-23 18:00:05,670 - rs_live_signal_generator - WARNING - Error calculating RS score for KIMS: RSStrategyBacktester.calculate_rs_score() takes 4 positional arguments but 7 were given
2025-10-23 18:00:05,671 - rs_live_signal_generator - WARNING - Error calculating RS score for KIRLOSBROS: RSStrategyBacktester.calculate_rs_score() takes 4 positional arguments but 7 were given
2025-10-23 18:00:05,671 - rs_live_signal_generator - WARNING - Error calculating RS score for KIRLOSENG: RSStrategyBacktester.calculate_rs_score() takes 4 positional arguments but 7 were given
2025-10-23 18:00:05,672 - rs_live_signal_generator - WARNING - Error calculating RS score for KNRCON: RSStrategyBacktester.calculate_rs_score() takes 4 positional arguments but 7 were given
2025-10-23 18:00:05,672 - rs_live_signal_generator - WARNING - Error calculating RS score for KOTAKBANK: RSStrategyBacktester.calculate_rs_score() takes 4 positional arguments but 7 were given
2025-10-23 18:00:05,673 - rs_live_signal_generator - WARNING - Error calculating RS score for KPIL: RSStrategyBacktester.calculate_rs_score() takes 4 positional arguments but 7 were given
2025-10-23 18:00:05,673 - rs_live_signal_generator - WARNING - Error calculating RS score for KPITTECH: RSStrategyBacktester.calculate_rs_score() takes 4 positional arguments but 7 were given
2025-10-23 18:00:05,674 - rs_live_signal_generator - WARNING - Error calculating RS score for KPRMILL: RSStrategyBacktester.calculate_rs_score() takes 4 positional arguments but 7 were given
2025-10-23 18:00:05,674 - rs_live_signal_generator - WARNING - Error calculating RS score for LALPATHLAB: RSStrategyBacktester.calculate_rs_score() takes 4 positional arguments but 7 were given
2025-10-23 18:00:05,675 - rs_live_signal_generator - WARNING - Error calculating RS score for LATENTVIEW: RSStrategyBacktester.calculate_rs_score() takes 4 positional arguments but 7 were given
2025-10-23 18:00:05,676 - rs_live_signal_generator - WARNING - Error calculating RS score for LAURUSLABS: RSStrategyBacktester.calculate_rs_score() takes 4 positional arguments but 7 were given
2025-10-23 18:00:05,676 - rs_live_signal_generator - WARNING - Error calculating RS score for LEMONTREE: RSStrategyBacktester.calculate_rs_score() takes 4 positional arguments but 7 were given
2025-10-23 18:00:05,677 - rs_live_signal_generator - WARNING - Error calculating RS score for LICHSGFIN: RSStrategyBacktester.calculate_rs_score() takes 4 positional arguments but 7 were given
2025-10-23 18:00:05,677 - rs_live_signal_generator - WARNING - Error calculating RS score for LICI: RSStrategyBacktester.calculate_rs_score() takes 4 positional arguments but 7 were given
2025-10-23 18:00:05,678 - rs_live_signal_generator - WARNING - Error calculating RS score for LINDEINDIA: RSStrategyBacktester.calculate_rs_score() takes 4 positional arguments but 7 were given
2025-10-23 18:00:05,679 - rs_live_signal_generator - WARNING - Error calculating RS score for LLOYDSME: RSStrategyBacktester.calculate_rs_score() takes 4 positional arguments but 7 were given
2025-10-23 18:00:05,680 - rs_live_signal_generator - WARNING - Error calculating RS score for LODHA: RSStrategyBacktester.calculate_rs_score() takes 4 positional arguments but 7 were given
2025-10-23 18:00:05,680 - rs_live_signal_generator - WARNING - Error calculating RS score for LT: RSStrategyBacktester.calculate_rs_score() takes 4 positional arguments but 7 were given
2025-10-23 18:00:05,682 - rs_live_signal_generator - WARNING - Error calculating RS score for LTF: RSStrategyBacktester.calculate_rs_score() takes 4 positional arguments but 7 were given
2025-10-23 18:00:05,682 - rs_live_signal_generator - WARNING - Error calculating RS score for LTFOODS: RSStrategyBacktester.calculate_rs_score() takes 4 positional arguments but 7 were given
2025-10-23 18:00:05,683 - rs_live_signal_generator - WARNING - Error calculating RS score for LTIM: RSStrategyBacktester.calculate_rs_score() takes 4 positional arguments but 7 were given
2025-10-23 18:00:05,683 - rs_live_signal_generator - WARNING - Error calculating RS score for LTTS: RSStrategyBacktester.calculate_rs_score() takes 4 positional arguments but 7 were given
2025-10-23 18:00:05,684 - rs_live_signal_generator - WARNING - Error calculating RS score for LUPIN: RSStrategyBacktester.calculate_rs_score() takes 4 positional arguments but 7 were given
2025-10-23 18:00:05,684 - rs_live_signal_generator - WARNING - Error calculating RS score for M&M: RSStrategyBacktester.calculate_rs_score() takes 4 positional arguments but 7 were given
2025-10-23 18:00:05,685 - rs_live_signal_generator - WARNING - Error calculating RS score for M&MFIN: RSStrategyBacktester.calculate_rs_score() takes 4 positional arguments but 7 were given
2025-10-23 18:00:05,685 - rs_live_signal_generator - WARNING - Error calculating RS score for MAHABANK: RSStrategyBacktester.calculate_rs_score() takes 4 positional arguments but 7 were given
2025-10-23 18:00:05,686 - rs_live_signal_generator - WARNING - Error calculating RS score for MAHSEAMLES: RSStrategyBacktester.calculate_rs_score() takes 4 positional arguments but 7 were given
2025-10-23 18:00:05,687 - rs_live_signal_generator - WARNING - Error calculating RS score for MANAPPURAM: RSStrategyBacktester.calculate_rs_score() takes 4 positional arguments but 7 were given
2025-10-23 18:00:05,687 - rs_live_signal_generator - WARNING - Error calculating RS score for MANKIND: RSStrategyBacktester.calculate_rs_score() takes 4 positional arguments but 7 were given
2025-10-23 18:00:05,689 - rs_live_signal_generator - WARNING - Error calculating RS score for MANYAVAR: RSStrategyBacktester.calculate_rs_score() takes 4 positional arguments but 7 were given
2025-10-23 18:00:05,690 - rs_live_signal_generator - WARNING - Error calculating RS score for MAPMYINDIA: RSStrategyBacktester.calculate_rs_score() takes 4 positional arguments but 7 were given
2025-10-23 18:00:05,692 - rs_live_signal_generator - WARNING - Error calculating RS score for MARICO: RSStrategyBacktester.calculate_rs_score() takes 4 positional arguments but 7 were given
2025-10-23 18:00:05,693 - rs_live_signal_generator - WARNING - Error calculating RS score for MARUTI: RSStrategyBacktester.calculate_rs_score() takes 4 positional arguments but 7 were given
2025-10-23 18:00:05,696 - rs_live_signal_generator - WARNING - Error calculating RS score for MASTEK: RSStrategyBacktester.calculate_rs_score() takes 4 positional arguments but 7 were given
2025-10-23 18:00:05,699 - rs_live_signal_generator - WARNING - Error calculating RS score for MAXHEALTH: RSStrategyBacktester.calculate_rs_score() takes 4 positional arguments but 7 were given
2025-10-23 18:00:05,700 - rs_live_signal_generator - WARNING - Error calculating RS score for MAZDOCK: RSStrategyBacktester.calculate_rs_score() takes 4 positional arguments but 7 were given
2025-10-23 18:00:05,700 - rs_live_signal_generator - WARNING - Error calculating RS score for MCX: RSStrategyBacktester.calculate_rs_score() takes 4 positional arguments but 7 were given
2025-10-23 18:00:05,701 - rs_live_signal_generator - WARNING - Error calculating RS score for MEDANTA: RSStrategyBacktester.calculate_rs_score() takes 4 positional arguments but 7 were given
2025-10-23 18:00:05,702 - rs_live_signal_generator - WARNING - Error calculating RS score for METROPOLIS: RSStrategyBacktester.calculate_rs_score() takes 4 positional arguments but 7 were given
2025-10-23 18:00:05,702 - rs_live_signal_generator - WARNING - Error calculating RS score for MFSL: RSStrategyBacktester.calculate_rs_score() takes 4 positional arguments but 7 were given
2025-10-23 18:00:05,703 - rs_live_signal_generator - WARNING - Error calculating RS score for MGL: RSStrategyBacktester.calculate_rs_score() takes 4 positional arguments but 7 were given
2025-10-23 18:00:05,705 - rs_live_signal_generator - WARNING - Error calculating RS score for MINDACORP: RSStrategyBacktester.calculate_rs_score() takes 4 positional arguments but 7 were given
2025-10-23 18:00:05,707 - rs_live_signal_generator - WARNING - Error calculating RS score for MMTC: RSStrategyBacktester.calculate_rs_score() takes 4 positional arguments but 7 were given
2025-10-23 18:00:05,708 - rs_live_signal_generator - WARNING - Error calculating RS score for MOTHERSON: RSStrategyBacktester.calculate_rs_score() takes 4 positional arguments but 7 were given
2025-10-23 18:00:05,708 - rs_live_signal_generator - WARNING - Error calculating RS score for MOTILALOFS: RSStrategyBacktester.calculate_rs_score() takes 4 positional arguments but 7 were given
2025-10-23 18:00:05,709 - rs_live_signal_generator - WARNING - Error calculating RS score for MPHASIS: RSStrategyBacktester.calculate_rs_score() takes 4 positional arguments but 7 were given
2025-10-23 18:00:05,709 - rs_live_signal_generator - WARNING - Error calculating RS score for MRF: RSStrategyBacktester.calculate_rs_score() takes 4 positional arguments but 7 were given
2025-10-23 18:00:05,710 - rs_live_signal_generator - WARNING - Error calculating RS score for MRPL: RSStrategyBacktester.calculate_rs_score() takes 4 positional arguments but 7 were given
2025-10-23 18:00:05,710 - rs_live_signal_generator - WARNING - Error calculating RS score for MSUMI: RSStrategyBacktester.calculate_rs_score() takes 4 positional arguments but 7 were given
2025-10-23 18:00:05,711 - rs_live_signal_generator - WARNING - Error calculating RS score for MUTHOOTFIN: RSStrategyBacktester.calculate_rs_score() takes 4 positional arguments but 7 were given
2025-10-23 18:00:05,711 - rs_live_signal_generator - WARNING - Error calculating RS score for NAM-INDIA: RSStrategyBacktester.calculate_rs_score() takes 4 positional arguments but 7 were given
2025-10-23 18:00:05,713 - rs_live_signal_generator - WARNING - Error calculating RS score for NATCOPHARM: RSStrategyBacktester.calculate_rs_score() takes 4 positional arguments but 7 were given
2025-10-23 18:00:05,713 - rs_live_signal_generator - WARNING - Error calculating RS score for NATIONALUM: RSStrategyBacktester.calculate_rs_score() takes 4 positional arguments but 7 were given
2025-10-23 18:00:05,715 - rs_live_signal_generator - WARNING - Error calculating RS score for NAUKRI: RSStrategyBacktester.calculate_rs_score() takes 4 positional arguments but 7 were given
2025-10-23 18:00:05,717 - rs_live_signal_generator - WARNING - Error calculating RS score for NAVA: RSStrategyBacktester.calculate_rs_score() takes 4 positional arguments but 7 were given
2025-10-23 18:00:05,719 - rs_live_signal_generator - WARNING - Error calculating RS score for NAVINFLUOR: RSStrategyBacktester.calculate_rs_score() takes 4 positional arguments but 7 were given
2025-10-23 18:00:05,720 - rs_live_signal_generator - WARNING - Error calculating RS score for NBCC: RSStrategyBacktester.calculate_rs_score() takes 4 positional arguments but 7 were given
2025-10-23 18:00:05,721 - rs_live_signal_generator - WARNING - Error calculating RS score for NCC: RSStrategyBacktester.calculate_rs_score() takes 4 positional arguments but 7 were given
2025-10-23 18:00:05,723 - rs_live_signal_generator - WARNING - Error calculating RS score for NESTLEIND: RSStrategyBacktester.calculate_rs_score() takes 4 positional arguments but 7 were given
2025-10-23 18:00:05,726 - rs_live_signal_generator - WARNING - Error calculating RS score for NETWEB: RSStrategyBacktester.calculate_rs_score() takes 4 positional arguments but 7 were given
2025-10-23 18:00:05,727 - rs_live_signal_generator - WARNING - Error calculating RS score for NETWORK18: RSStrategyBacktester.calculate_rs_score() takes 4 positional arguments but 7 were given
2025-10-23 18:00:05,727 - rs_live_signal_generator - WARNING - Error calculating RS score for NEULANDLAB: RSStrategyBacktester.calculate_rs_score() takes 4 positional arguments but 7 were given
2025-10-23 18:00:05,728 - rs_live_signal_generator - WARNING - Error calculating RS score for NEWGEN: RSStrategyBacktester.calculate_rs_score() takes 4 positional arguments but 7 were given
2025-10-23 18:00:05,729 - rs_live_signal_generator - WARNING - Error calculating RS score for NH: RSStrategyBacktester.calculate_rs_score() takes 4 positional arguments but 7 were given
2025-10-23 18:00:05,730 - rs_live_signal_generator - WARNING - Error calculating RS score for NHPC: RSStrategyBacktester.calculate_rs_score() takes 4 positional arguments but 7 were given
2025-10-23 18:00:05,731 - rs_live_signal_generator - WARNING - Error calculating RS score for NIACL: RSStrategyBacktester.calculate_rs_score() takes 4 positional arguments but 7 were given
2025-10-23 18:00:05,733 - rs_live_signal_generator - WARNING - Error calculating RS score for NIVABUPA: RSStrategyBacktester.calculate_rs_score() takes 4 positional arguments but 7 were given
2025-10-23 18:00:05,736 - rs_live_signal_generator - WARNING - Error calculating RS score for NLCINDIA: RSStrategyBacktester.calculate_rs_score() takes 4 positional arguments but 7 were given
2025-10-23 18:00:05,737 - rs_live_signal_generator - WARNING - Error calculating RS score for NMDC: RSStrategyBacktester.calculate_rs_score() takes 4 positional arguments but 7 were given
2025-10-23 18:00:05,739 - rs_live_signal_generator - WARNING - Error calculating RS score for NSLNISP: RSStrategyBacktester.calculate_rs_score() takes 4 positional arguments but 7 were given
2025-10-23 18:00:05,740 - rs_live_signal_generator - WARNING - Error calculating RS score for NTPC: RSStrategyBacktester.calculate_rs_score() takes 4 positional arguments but 7 were given
2025-10-23 18:00:05,742 - rs_live_signal_generator - WARNING - Error calculating RS score for NTPCGREEN: RSStrategyBacktester.calculate_rs_score() takes 4 positional arguments but 7 were given
2025-10-23 18:00:05,743 - rs_live_signal_generator - WARNING - Error calculating RS score for NUVAMA: RSStrategyBacktester.calculate_rs_score() takes 4 positional arguments but 7 were given
2025-10-23 18:00:05,743 - rs_live_signal_generator - WARNING - Error calculating RS score for NYKAA: RSStrategyBacktester.calculate_rs_score() takes 4 positional arguments but 7 were given
2025-10-23 18:00:05,744 - rs_live_signal_generator - WARNING - Error calculating RS score for OBEROIRLTY: RSStrategyBacktester.calculate_rs_score() takes 4 positional arguments but 7 were given
2025-10-23 18:00:05,744 - rs_live_signal_generator - WARNING - Error calculating RS score for OFSS: RSStrategyBacktester.calculate_rs_score() takes 4 positional arguments but 7 were given
2025-10-23 18:00:05,745 - rs_live_signal_generator - WARNING - Error calculating RS score for OIL: RSStrategyBacktester.calculate_rs_score() takes 4 positional arguments but 7 were given
2025-10-23 18:00:05,746 - rs_live_signal_generator - WARNING - Error calculating RS score for OLAELEC: RSStrategyBacktester.calculate_rs_score() takes 4 positional arguments but 7 were given
2025-10-23 18:00:05,747 - rs_live_signal_generator - WARNING - Error calculating RS score for OLECTRA: RSStrategyBacktester.calculate_rs_score() takes 4 positional arguments but 7 were given
2025-10-23 18:00:05,748 - rs_live_signal_generator - WARNING - Error calculating RS score for ONGC: RSStrategyBacktester.calculate_rs_score() takes 4 positional arguments but 7 were given
2025-10-23 18:00:05,749 - rs_live_signal_generator - WARNING - Error calculating RS score for PAGEIND: RSStrategyBacktester.calculate_rs_score() takes 4 positional arguments but 7 were given
2025-10-23 18:00:05,750 - rs_live_signal_generator - WARNING - Error calculating RS score for PATANJALI: RSStrategyBacktester.calculate_rs_score() takes 4 positional arguments but 7 were given
2025-10-23 18:00:05,751 - rs_live_signal_generator - WARNING - Error calculating RS score for PAYTM: RSStrategyBacktester.calculate_rs_score() takes 4 positional arguments but 7 were given
2025-10-23 18:00:05,753 - rs_live_signal_generator - WARNING - Error calculating RS score for PCBL: RSStrategyBacktester.calculate_rs_score() takes 4 positional arguments but 7 were given
2025-10-23 18:00:05,754 - rs_live_signal_generator - WARNING - Error calculating RS score for PEL: RSStrategyBacktester.calculate_rs_score() takes 4 positional arguments but 7 were given
2025-10-23 18:00:05,758 - rs_live_signal_generator - WARNING - Error calculating RS score for PERSISTENT: RSStrategyBacktester.calculate_rs_score() takes 4 positional arguments but 7 were given
2025-10-23 18:00:05,759 - rs_live_signal_generator - WARNING - Error calculating RS score for PETRONET: RSStrategyBacktester.calculate_rs_score() takes 4 positional arguments but 7 were given
2025-10-23 18:00:05,760 - rs_live_signal_generator - WARNING - Error calculating RS score for PFC: RSStrategyBacktester.calculate_rs_score() takes 4 positional arguments but 7 were given
2025-10-23 18:00:05,761 - rs_live_signal_generator - WARNING - Error calculating RS score for PFIZER: RSStrategyBacktester.calculate_rs_score() takes 4 positional arguments but 7 were given
2025-10-23 18:00:05,761 - rs_live_signal_generator - WARNING - Error calculating RS score for PGEL: RSStrategyBacktester.calculate_rs_score() takes 4 positional arguments but 7 were given
2025-10-23 18:00:05,763 - rs_live_signal_generator - WARNING - Error calculating RS score for PHOENIXLTD: RSStrategyBacktester.calculate_rs_score() takes 4 positional arguments but 7 were given
2025-10-23 18:00:05,764 - rs_live_signal_generator - WARNING - Error calculating RS score for PIDILITIND: RSStrategyBacktester.calculate_rs_score() takes 4 positional arguments but 7 were given
2025-10-23 18:00:05,764 - rs_live_signal_generator - WARNING - Error calculating RS score for PIIND: RSStrategyBacktester.calculate_rs_score() takes 4 positional arguments but 7 were given
2025-10-23 18:00:05,765 - rs_live_signal_generator - WARNING - Error calculating RS score for PNB: RSStrategyBacktester.calculate_rs_score() takes 4 positional arguments but 7 were given
2025-10-23 18:00:05,766 - rs_live_signal_generator - WARNING - Error calculating RS score for PNBHOUSING: RSStrategyBacktester.calculate_rs_score() takes 4 positional arguments but 7 were given
2025-10-23 18:00:05,766 - rs_live_signal_generator - WARNING - Error calculating RS score for PNCINFRA: RSStrategyBacktester.calculate_rs_score() takes 4 positional arguments but 7 were given
2025-10-23 18:00:05,767 - rs_live_signal_generator - WARNING - Error calculating RS score for POLICYBZR: RSStrategyBacktester.calculate_rs_score() takes 4 positional arguments but 7 were given
2025-10-23 18:00:05,767 - rs_live_signal_generator - WARNING - Error calculating RS score for POLYCAB: RSStrategyBacktester.calculate_rs_score() takes 4 positional arguments but 7 were given
2025-10-23 18:00:05,768 - rs_live_signal_generator - WARNING - Error calculating RS score for POLYMED: RSStrategyBacktester.calculate_rs_score() takes 4 positional arguments but 7 were given
2025-10-23 18:00:05,768 - rs_live_signal_generator - WARNING - Error calculating RS score for POONAWALLA: RSStrategyBacktester.calculate_rs_score() takes 4 positional arguments but 7 were given
2025-10-23 18:00:05,769 - rs_live_signal_generator - WARNING - Error calculating RS score for POWERGRID: RSStrategyBacktester.calculate_rs_score() takes 4 positional arguments but 7 were given
2025-10-23 18:00:05,769 - rs_live_signal_generator - WARNING - Error calculating RS score for POWERINDIA: RSStrategyBacktester.calculate_rs_score() takes 4 positional arguments but 7 were given
2025-10-23 18:00:05,770 - rs_live_signal_generator - WARNING - Error calculating RS score for PPLPHARMA: RSStrategyBacktester.calculate_rs_score() takes 4 positional arguments but 7 were given
2025-10-23 18:00:05,770 - rs_live_signal_generator - WARNING - Error calculating RS score for PRAJIND: RSStrategyBacktester.calculate_rs_score() takes 4 positional arguments but 7 were given
2025-10-23 18:00:05,771 - rs_live_signal_generator - WARNING - Error calculating RS score for PREMIERENE: RSStrategyBacktester.calculate_rs_score() takes 4 positional arguments but 7 were given
2025-10-23 18:00:05,771 - rs_live_signal_generator - WARNING - Error calculating RS score for PRESTIGE: RSStrategyBacktester.calculate_rs_score() takes 4 positional arguments but 7 were given
2025-10-23 18:00:05,772 - rs_live_signal_generator - WARNING - Error calculating RS score for PTCIL: RSStrategyBacktester.calculate_rs_score() takes 4 positional arguments but 7 were given
2025-10-23 18:00:05,772 - rs_live_signal_generator - WARNING - Error calculating RS score for PVRINOX: RSStrategyBacktester.calculate_rs_score() takes 4 positional arguments but 7 were given
2025-10-23 18:00:05,773 - rs_live_signal_generator - WARNING - Error calculating RS score for RADICO: RSStrategyBacktester.calculate_rs_score() takes 4 positional arguments but 7 were given
2025-10-23 18:00:05,774 - rs_live_signal_generator - WARNING - Error calculating RS score for RAILTEL: RSStrategyBacktester.calculate_rs_score() takes 4 positional arguments but 7 were given
2025-10-23 18:00:05,774 - rs_live_signal_generator - WARNING - Error calculating RS score for RAINBOW: RSStrategyBacktester.calculate_rs_score() takes 4 positional arguments but 7 were given
2025-10-23 18:00:05,775 - rs_live_signal_generator - WARNING - Error calculating RS score for RAMCOCEM: RSStrategyBacktester.calculate_rs_score() takes 4 positional arguments but 7 were given
2025-10-23 18:00:05,776 - rs_live_signal_generator - WARNING - Error calculating RS score for RAYMOND: RSStrategyBacktester.calculate_rs_score() takes 4 positional arguments but 7 were given
2025-10-23 18:00:05,777 - rs_live_signal_generator - WARNING - Error calculating RS score for RAYMONDLSL: RSStrategyBacktester.calculate_rs_score() takes 4 positional arguments but 7 were given
2025-10-23 18:00:05,777 - rs_live_signal_generator - WARNING - Error calculating RS score for RBLBANK: RSStrategyBacktester.calculate_rs_score() takes 4 positional arguments but 7 were given
2025-10-23 18:00:05,779 - rs_live_signal_generator - WARNING - Error calculating RS score for RCF: RSStrategyBacktester.calculate_rs_score() takes 4 positional arguments but 7 were given
2025-10-23 18:00:05,780 - rs_live_signal_generator - WARNING - Error calculating RS score for RECLTD: RSStrategyBacktester.calculate_rs_score() takes 4 positional arguments but 7 were given
2025-10-23 18:00:05,781 - rs_live_signal_generator - WARNING - Error calculating RS score for REDINGTON: RSStrategyBacktester.calculate_rs_score() takes 4 positional arguments but 7 were given
2025-10-23 18:00:05,782 - rs_live_signal_generator - WARNING - Error calculating RS score for RELIANCE: RSStrategyBacktester.calculate_rs_score() takes 4 positional arguments but 7 were given
2025-10-23 18:00:05,783 - rs_live_signal_generator - WARNING - Error calculating RS score for RENUKA: RSStrategyBacktester.calculate_rs_score() takes 4 positional arguments but 7 were given
2025-10-23 18:00:05,784 - rs_live_signal_generator - WARNING - Error calculating RS score for RHIM: RSStrategyBacktester.calculate_rs_score() takes 4 positional arguments but 7 were given
2025-10-23 18:00:05,785 - rs_live_signal_generator - WARNING - Error calculating RS score for RITES: RSStrategyBacktester.calculate_rs_score() takes 4 positional arguments but 7 were given
2025-10-23 18:00:05,785 - rs_live_signal_generator - WARNING - Error calculating RS score for RKFORGE: RSStrategyBacktester.calculate_rs_score() takes 4 positional arguments but 7 were given
2025-10-23 18:00:05,786 - rs_live_signal_generator - WARNING - Error calculating RS score for ROUTE: RSStrategyBacktester.calculate_rs_score() takes 4 positional arguments but 7 were given
2025-10-23 18:00:05,786 - rs_live_signal_generator - WARNING - Error calculating RS score for RPOWER: RSStrategyBacktester.calculate_rs_score() takes 4 positional arguments but 7 were given
2025-10-23 18:00:05,787 - rs_live_signal_generator - WARNING - Error calculating RS score for RRKABEL: RSStrategyBacktester.calculate_rs_score() takes 4 positional arguments but 7 were given
2025-10-23 18:00:05,787 - rs_live_signal_generator - WARNING - Error calculating RS score for RTNINDIA: RSStrategyBacktester.calculate_rs_score() takes 4 positional arguments but 7 were given
2025-10-23 18:00:05,788 - rs_live_signal_generator - WARNING - Error calculating RS score for RVNL: RSStrategyBacktester.calculate_rs_score() takes 4 positional arguments but 7 were given
2025-10-23 18:00:05,788 - rs_live_signal_generator - WARNING - Error calculating RS score for SAGILITY: RSStrategyBacktester.calculate_rs_score() takes 4 positional arguments but 7 were given
2025-10-23 18:00:05,789 - rs_live_signal_generator - WARNING - Error calculating RS score for SAIL: RSStrategyBacktester.calculate_rs_score() takes 4 positional arguments but 7 were given
2025-10-23 18:00:05,789 - rs_live_signal_generator - WARNING - Error calculating RS score for SAILIFE: RSStrategyBacktester.calculate_rs_score() takes 4 positional arguments but 7 were given
2025-10-23 18:00:05,789 - rs_live_signal_generator - WARNING - Error calculating RS score for SAMMAANCAP: RSStrategyBacktester.calculate_rs_score() takes 4 positional arguments but 7 were given
2025-10-23 18:00:05,790 - rs_live_signal_generator - WARNING - Error calculating RS score for SAPPHIRE: RSStrategyBacktester.calculate_rs_score() takes 4 positional arguments but 7 were given
2025-10-23 18:00:05,790 - rs_live_signal_generator - WARNING - Error calculating RS score for SARDAEN: RSStrategyBacktester.calculate_rs_score() takes 4 positional arguments but 7 were given
2025-10-23 18:00:05,791 - rs_live_signal_generator - WARNING - Error calculating RS score for SAREGAMA: RSStrategyBacktester.calculate_rs_score() takes 4 positional arguments but 7 were given
2025-10-23 18:00:05,792 - rs_live_signal_generator - WARNING - Error calculating RS score for SBFC: RSStrategyBacktester.calculate_rs_score() takes 4 positional arguments but 7 were given
2025-10-23 18:00:05,793 - rs_live_signal_generator - WARNING - Error calculating RS score for SBICARD: RSStrategyBacktester.calculate_rs_score() takes 4 positional arguments but 7 were given
2025-10-23 18:00:05,794 - rs_live_signal_generator - WARNING - Error calculating RS score for SBILIFE: RSStrategyBacktester.calculate_rs_score() takes 4 positional arguments but 7 were given
2025-10-23 18:00:05,798 - rs_live_signal_generator - WARNING - Error calculating RS score for SBIN: RSStrategyBacktester.calculate_rs_score() takes 4 positional arguments but 7 were given
2025-10-23 18:00:05,799 - rs_live_signal_generator - WARNING - Error calculating RS score for SCHAEFFLER: RSStrategyBacktester.calculate_rs_score() takes 4 positional arguments but 7 were given
2025-10-23 18:00:05,800 - rs_live_signal_generator - WARNING - Error calculating RS score for SCHNEIDER: RSStrategyBacktester.calculate_rs_score() takes 4 positional arguments but 7 were given
2025-10-23 18:00:05,800 - rs_live_signal_generator - WARNING - Error calculating RS score for SCI: RSStrategyBacktester.calculate_rs_score() takes 4 positional arguments but 7 were given
2025-10-23 18:00:05,801 - rs_live_signal_generator - WARNING - Error calculating RS score for SHREECEM: RSStrategyBacktester.calculate_rs_score() takes 4 positional arguments but 7 were given
2025-10-23 18:00:05,801 - rs_live_signal_generator - WARNING - Error calculating RS score for SHRIRAMFIN: RSStrategyBacktester.calculate_rs_score() takes 4 positional arguments but 7 were given
2025-10-23 18:00:05,802 - rs_live_signal_generator - WARNING - Error calculating RS score for SHYAMMETL: RSStrategyBacktester.calculate_rs_score() takes 4 positional arguments but 7 were given
2025-10-23 18:00:05,802 - rs_live_signal_generator - WARNING - Error calculating RS score for SIEMENS: RSStrategyBacktester.calculate_rs_score() takes 4 positional arguments but 7 were given
2025-10-23 18:00:05,803 - rs_live_signal_generator - WARNING - Error calculating RS score for SIGNATURE: RSStrategyBacktester.calculate_rs_score() takes 4 positional arguments but 7 were given
2025-10-23 18:00:05,803 - rs_live_signal_generator - WARNING - Error calculating RS score for SJVN: RSStrategyBacktester.calculate_rs_score() takes 4 positional arguments but 7 were given
2025-10-23 18:00:05,804 - rs_live_signal_generator - WARNING - Error calculating RS score for SKFINDIA: RSStrategyBacktester.calculate_rs_score() takes 4 positional arguments but 7 were given
2025-10-23 18:00:05,805 - rs_live_signal_generator - WARNING - Error calculating RS score for SOBHA: RSStrategyBacktester.calculate_rs_score() takes 4 positional arguments but 7 were given
2025-10-23 18:00:05,805 - rs_live_signal_generator - WARNING - Error calculating RS score for SOLARINDS: RSStrategyBacktester.calculate_rs_score() takes 4 positional arguments but 7 were given
2025-10-23 18:00:05,806 - rs_live_signal_generator - WARNING - Error calculating RS score for SONACOMS: RSStrategyBacktester.calculate_rs_score() takes 4 positional arguments but 7 were given
2025-10-23 18:00:05,806 - rs_live_signal_generator - WARNING - Error calculating RS score for SONATSOFTW: RSStrategyBacktester.calculate_rs_score() takes 4 positional arguments but 7 were given
2025-10-23 18:00:05,807 - rs_live_signal_generator - WARNING - Error calculating RS score for SRF: RSStrategyBacktester.calculate_rs_score() takes 4 positional arguments but 7 were given
2025-10-23 18:00:05,808 - rs_live_signal_generator - WARNING - Error calculating RS score for STARHEALTH: RSStrategyBacktester.calculate_rs_score() takes 4 positional arguments but 7 were given
2025-10-23 18:00:05,808 - rs_live_signal_generator - WARNING - Error calculating RS score for SUMICHEM: RSStrategyBacktester.calculate_rs_score() takes 4 positional arguments but 7 were given
2025-10-23 18:00:05,809 - rs_live_signal_generator - WARNING - Error calculating RS score for SUNDARMFIN: RSStrategyBacktester.calculate_rs_score() takes 4 positional arguments but 7 were given
2025-10-23 18:00:05,809 - rs_live_signal_generator - WARNING - Error calculating RS score for SUNDRMFAST: RSStrategyBacktester.calculate_rs_score() takes 4 positional arguments but 7 were given
2025-10-23 18:00:05,810 - rs_live_signal_generator - WARNING - Error calculating RS score for SUNPHARMA: RSStrategyBacktester.calculate_rs_score() takes 4 positional arguments but 7 were given
2025-10-23 18:00:05,811 - rs_live_signal_generator - WARNING - Error calculating RS score for SUNTV: RSStrategyBacktester.calculate_rs_score() takes 4 positional arguments but 7 were given
2025-10-23 18:00:05,812 - rs_live_signal_generator - WARNING - Error calculating RS score for SUPREMEIND: RSStrategyBacktester.calculate_rs_score() takes 4 positional arguments but 7 were given
2025-10-23 18:00:05,816 - rs_live_signal_generator - WARNING - Error calculating RS score for SUZLON: RSStrategyBacktester.calculate_rs_score() takes 4 positional arguments but 7 were given
2025-10-23 18:00:05,818 - rs_live_signal_generator - WARNING - Error calculating RS score for SWANCORP: RSStrategyBacktester.calculate_rs_score() takes 4 positional arguments but 7 were given
2025-10-23 18:00:05,819 - rs_live_signal_generator - WARNING - Error calculating RS score for SWIGGY: RSStrategyBacktester.calculate_rs_score() takes 4 positional arguments but 7 were given
2025-10-23 18:00:05,820 - rs_live_signal_generator - WARNING - Error calculating RS score for SWSOLAR: RSStrategyBacktester.calculate_rs_score() takes 4 positional arguments but 7 were given
2025-10-23 18:00:05,822 - rs_live_signal_generator - WARNING - Error calculating RS score for SYNGENE: RSStrategyBacktester.calculate_rs_score() takes 4 positional arguments but 7 were given
2025-10-23 18:00:05,823 - rs_live_signal_generator - WARNING - Error calculating RS score for SYRMA: RSStrategyBacktester.calculate_rs_score() takes 4 positional arguments but 7 were given
2025-10-23 18:00:05,824 - rs_live_signal_generator - WARNING - Error calculating RS score for TANLA: RSStrategyBacktester.calculate_rs_score() takes 4 positional arguments but 7 were given
2025-10-23 18:00:05,825 - rs_live_signal_generator - WARNING - Error calculating RS score for TARIL: RSStrategyBacktester.calculate_rs_score() takes 4 positional arguments but 7 were given
2025-10-23 18:00:05,825 - rs_live_signal_generator - WARNING - Error calculating RS score for TATACHEM: RSStrategyBacktester.calculate_rs_score() takes 4 positional arguments but 7 were given
2025-10-23 18:00:05,826 - rs_live_signal_generator - WARNING - Error calculating RS score for TATACOMM: RSStrategyBacktester.calculate_rs_score() takes 4 positional arguments but 7 were given
2025-10-23 18:00:05,826 - rs_live_signal_generator - WARNING - Error calculating RS score for TATACONSUM: RSStrategyBacktester.calculate_rs_score() takes 4 positional arguments but 7 were given
2025-10-23 18:00:05,827 - rs_live_signal_generator - WARNING - Error calculating RS score for TATAELXSI: RSStrategyBacktester.calculate_rs_score() takes 4 positional arguments but 7 were given
2025-10-23 18:00:05,827 - rs_live_signal_generator - WARNING - Error calculating RS score for TATAINVEST: RSStrategyBacktester.calculate_rs_score() takes 4 positional arguments but 7 were given
2025-10-23 18:00:05,828 - rs_live_signal_generator - WARNING - Error calculating RS score for TATAMOTORS: RSStrategyBacktester.calculate_rs_score() takes 4 positional arguments but 7 were given
2025-10-23 18:00:05,829 - rs_live_signal_generator - WARNING - Error calculating RS score for TATAPOWER: RSStrategyBacktester.calculate_rs_score() takes 4 positional arguments but 7 were given
2025-10-23 18:00:05,830 - rs_live_signal_generator - WARNING - Error calculating RS score for TATASTEEL: RSStrategyBacktester.calculate_rs_score() takes 4 positional arguments but 7 were given
2025-10-23 18:00:05,831 - rs_live_signal_generator - WARNING - Error calculating RS score for TATATECH: RSStrategyBacktester.calculate_rs_score() takes 4 positional arguments but 7 were given
2025-10-23 18:00:05,832 - rs_live_signal_generator - WARNING - Error calculating RS score for TBOTEK: RSStrategyBacktester.calculate_rs_score() takes 4 positional arguments but 7 were given
2025-10-23 18:00:05,833 - rs_live_signal_generator - WARNING - Error calculating RS score for TCS: RSStrategyBacktester.calculate_rs_score() takes 4 positional arguments but 7 were given
2025-10-23 18:00:05,833 - rs_live_signal_generator - WARNING - Error calculating RS score for TECHM: RSStrategyBacktester.calculate_rs_score() takes 4 positional arguments but 7 were given
2025-10-23 18:00:05,834 - rs_live_signal_generator - WARNING - Error calculating RS score for TECHNOE: RSStrategyBacktester.calculate_rs_score() takes 4 positional arguments but 7 were given
2025-10-23 18:00:05,834 - rs_live_signal_generator - WARNING - Error calculating RS score for TEJASNET: RSStrategyBacktester.calculate_rs_score() takes 4 positional arguments but 7 were given
2025-10-23 18:00:05,835 - rs_live_signal_generator - WARNING - Error calculating RS score for THERMAX: RSStrategyBacktester.calculate_rs_score() takes 4 positional arguments but 7 were given
2025-10-23 18:00:05,836 - rs_live_signal_generator - WARNING - Error calculating RS score for TIINDIA: RSStrategyBacktester.calculate_rs_score() takes 4 positional arguments but 7 were given
2025-10-23 18:00:05,836 - rs_live_signal_generator - WARNING - Error calculating RS score for TIMKEN: RSStrategyBacktester.calculate_rs_score() takes 4 positional arguments but 7 were given
2025-10-23 18:00:05,837 - rs_live_signal_generator - WARNING - Error calculating RS score for TITAGARH: RSStrategyBacktester.calculate_rs_score() takes 4 positional arguments but 7 were given
2025-10-23 18:00:05,837 - rs_live_signal_generator - WARNING - Error calculating RS score for TITAN: RSStrategyBacktester.calculate_rs_score() takes 4 positional arguments but 7 were given
2025-10-23 18:00:05,838 - rs_live_signal_generator - WARNING - Error calculating RS score for TORNTPHARM: RSStrategyBacktester.calculate_rs_score() takes 4 positional arguments but 7 were given
2025-10-23 18:00:05,838 - rs_live_signal_generator - WARNING - Error calculating RS score for TORNTPOWER: RSStrategyBacktester.calculate_rs_score() takes 4 positional arguments but 7 were given
2025-10-23 18:00:05,839 - rs_live_signal_generator - WARNING - Error calculating RS score for TRENT: RSStrategyBacktester.calculate_rs_score() takes 4 positional arguments but 7 were given
2025-10-23 18:00:05,839 - rs_live_signal_generator - WARNING - Error calculating RS score for TRIDENT: RSStrategyBacktester.calculate_rs_score() takes 4 positional arguments but 7 were given
2025-10-23 18:00:05,840 - rs_live_signal_generator - WARNING - Error calculating RS score for TRITURBINE: RSStrategyBacktester.calculate_rs_score() takes 4 positional arguments but 7 were given
2025-10-23 18:00:05,840 - rs_live_signal_generator - WARNING - Error calculating RS score for TRIVENI: RSStrategyBacktester.calculate_rs_score() takes 4 positional arguments but 7 were given
2025-10-23 18:00:05,841 - rs_live_signal_generator - WARNING - Error calculating RS score for TTML: RSStrategyBacktester.calculate_rs_score() takes 4 positional arguments but 7 were given
2025-10-23 18:00:05,841 - rs_live_signal_generator - WARNING - Error calculating RS score for TVSMOTOR: RSStrategyBacktester.calculate_rs_score() takes 4 positional arguments but 7 were given
2025-10-23 18:00:05,842 - rs_live_signal_generator - WARNING - Error calculating RS score for UBL: RSStrategyBacktester.calculate_rs_score() takes 4 positional arguments but 7 were given
2025-10-23 18:00:05,844 - rs_live_signal_generator - WARNING - Error calculating RS score for UCOBANK: RSStrategyBacktester.calculate_rs_score() takes 4 positional arguments but 7 were given
2025-10-23 18:00:05,850 - rs_live_signal_generator - WARNING - Error calculating RS score for ULTRACEMCO: RSStrategyBacktester.calculate_rs_score() takes 4 positional arguments but 7 were given
2025-10-23 18:00:05,851 - rs_live_signal_generator - WARNING - Error calculating RS score for UNIONBANK: RSStrategyBacktester.calculate_rs_score() takes 4 positional arguments but 7 were given
2025-10-23 18:00:05,853 - rs_live_signal_generator - WARNING - Error calculating RS score for UNITDSPR: RSStrategyBacktester.calculate_rs_score() takes 4 positional arguments but 7 were given
2025-10-23 18:00:05,854 - rs_live_signal_generator - WARNING - Error calculating RS score for UNOMINDA: RSStrategyBacktester.calculate_rs_score() takes 4 positional arguments but 7 were given
2025-10-23 18:00:05,855 - rs_live_signal_generator - WARNING - Error calculating RS score for UPL: RSStrategyBacktester.calculate_rs_score() takes 4 positional arguments but 7 were given
2025-10-23 18:00:05,856 - rs_live_signal_generator - WARNING - Error calculating RS score for USHAMART: RSStrategyBacktester.calculate_rs_score() takes 4 positional arguments but 7 were given
2025-10-23 18:00:05,856 - rs_live_signal_generator - WARNING - Error calculating RS score for UTIAMC: RSStrategyBacktester.calculate_rs_score() takes 4 positional arguments but 7 were given
2025-10-23 18:00:05,857 - rs_live_signal_generator - WARNING - Error calculating RS score for VBL: RSStrategyBacktester.calculate_rs_score() takes 4 positional arguments but 7 were given
2025-10-23 18:00:05,857 - rs_live_signal_generator - WARNING - Error calculating RS score for VEDL: RSStrategyBacktester.calculate_rs_score() takes 4 positional arguments but 7 were given
2025-10-23 18:00:05,858 - rs_live_signal_generator - WARNING - Error calculating RS score for VGUARD: RSStrategyBacktester.calculate_rs_score() takes 4 positional arguments but 7 were given
2025-10-23 18:00:05,858 - rs_live_signal_generator - WARNING - Error calculating RS score for VIJAYA: RSStrategyBacktester.calculate_rs_score() takes 4 positional arguments but 7 were given
2025-10-23 18:00:05,858 - rs_live_signal_generator - WARNING - Error calculating RS score for VMM: RSStrategyBacktester.calculate_rs_score() takes 4 positional arguments but 7 were given
2025-10-23 18:00:05,859 - rs_live_signal_generator - WARNING - Error calculating RS score for VOLTAS: RSStrategyBacktester.calculate_rs_score() takes 4 positional arguments but 7 were given
2025-10-23 18:00:05,859 - rs_live_signal_generator - WARNING - Error calculating RS score for VTL: RSStrategyBacktester.calculate_rs_score() takes 4 positional arguments but 7 were given
2025-10-23 18:00:05,860 - rs_live_signal_generator - WARNING - Error calculating RS score for WAAREEENER: RSStrategyBacktester.calculate_rs_score() takes 4 positional arguments but 7 were given
2025-10-23 18:00:05,860 - rs_live_signal_generator - WARNING - Error calculating RS score for WELCORP: RSStrategyBacktester.calculate_rs_score() takes 4 positional arguments but 7 were given
2025-10-23 18:00:05,861 - rs_live_signal_generator - WARNING - Error calculating RS score for WELSPUNLIV: RSStrategyBacktester.calculate_rs_score() takes 4 positional arguments but 7 were given
2025-10-23 18:00:05,861 - rs_live_signal_generator - WARNING - Error calculating RS score for WESTLIFE: RSStrategyBacktester.calculate_rs_score() takes 4 positional arguments but 7 were given
2025-10-23 18:00:05,863 - rs_live_signal_generator - WARNING - Error calculating RS score for WHIRLPOOL: RSStrategyBacktester.calculate_rs_score() takes 4 positional arguments but 7 were given
2025-10-23 18:00:05,863 - rs_live_signal_generator - WARNING - Error calculating RS score for WIPRO: RSStrategyBacktester.calculate_rs_score() takes 4 positional arguments but 7 were given
2025-10-23 18:00:05,865 - rs_live_signal_generator - WARNING - Error calculating RS score for WOCKPHARMA: RSStrategyBacktester.calculate_rs_score() takes 4 positional arguments but 7 were given
2025-10-23 18:00:05,866 - rs_live_signal_generator - WARNING - Error calculating RS score for YESBANK: RSStrategyBacktester.calculate_rs_score() takes 4 positional arguments but 7 were given
2025-10-23 18:00:05,867 - rs_live_signal_generator - WARNING - Error calculating RS score for ZEEL: RSStrategyBacktester.calculate_rs_score() takes 4 positional arguments but 7 were given
2025-10-23 18:00:05,868 - rs_live_signal_generator - WARNING - Error calculating RS score for ZENSARTECH: RSStrategyBacktester.calculate_rs_score() takes 4 positional arguments but 7 were given
2025-10-23 18:00:05,872 - rs_live_signal_generator - WARNING - Error calculating RS score for ZENTEC: RSStrategyBacktester.calculate_rs_score() takes 4 positional arguments but 7 were given
2025-10-23 18:00:05,873 - rs_live_signal_generator - WARNING - Error calculating RS score for ZFCVINDIA: RSStrategyBacktester.calculate_rs_score() takes 4 positional arguments but 7 were given
2025-10-23 18:00:05,875 - rs_live_signal_generator - WARNING - Error calculating RS score for ZYDUSLIFE: RSStrategyBacktester.calculate_rs_score() takes 4 positional arguments but 7 were given
2025-10-23 18:00:05,876 - rs_live_signal_generator - INFO - Saved 0 signals to database
2025-10-23 18:00:05,876 - rs_live_signal_generator - INFO - Successfully generated 0 signals
2025-10-23 18:05:49,461 - rs_live_signal_generator - INFO - RS live signal tables created successfully
2025-10-23 18:18:52,739 - rs_live_signal_generator - INFO - RS live signal tables created successfully
2025-10-23 19:36:38,318 - rs_live_signal_generator - INFO - RS live signal tables created successfully
2025-10-23 19:47:20,330 - rs_live_signal_generator - INFO - RS live signal tables created successfully
2025-10-23 22:37:57,163 - rs_live_signal_generator - INFO - RS live signal tables created successfully
2025-10-23 22:47:25,725 - rs_live_signal_generator - INFO - RS live signal tables created successfully
2025-10-23 23:14:02,083 - rs_live_signal_generator - INFO - RS live signal tables created successfully
2025-10-24 09:54:43,951 - rs_live_signal_generator - INFO - RS live signal tables created successfully
2025-10-24 10:08:26,473 - rs_live_signal_generator - INFO - RS live signal tables created successfully
2025-10-24 10:39:53,176 - rs_live_signal_generator - INFO - RS live signal tables created successfully
2025-10-24 10:52:07,717 - rs_live_signal_generator - INFO - RS live signal tables created successfully
2025-10-24 10:58:28,543 - rs_live_signal_generator - INFO - RS live signal tables created successfully
2025-10-24 11:18:46,200 - rs_live_signal_generator - INFO - RS live signal tables created successfully
2025-10-24 11:31:35,523 - rs_live_signal_generator - INFO - RS live signal tables created successfully
2025-10-24 12:03:10,515 - rs_live_signal_generator - INFO - RS live signal tables created successfully
2025-10-24 12:27:16,382 - rs_live_signal_generator - INFO - RS live signal tables created successfully
2025-10-24 12:46:45,616 - rs_live_signal_generator - INFO - RS live signal tables created successfully
2025-10-24 12:54:19,414 - rs_live_signal_generator - INFO - RS live signal tables created successfully
2025-10-24 13:08:56,499 - rs_live_signal_generator - INFO - RS live signal tables created successfully
2025-10-24 14:26:00,196 - rs_live_signal_generator - INFO - RS live signal tables created successfully
2025-10-24 14:32:24,006 - rs_live_signal_generator - INFO - RS live signal tables created successfully
2025-10-24 14:46:18,914 - rs_live_signal_generator - INFO - RS live signal tables created successfully
2025-10-24 14:51:04,954 - rs_live_signal_generator - INFO - RS live signal tables created successfully
2025-10-24 15:22:03,808 - rs_live_signal_generator - INFO - RS live signal tables created successfully
2025-10-24 15:29:06,997 - rs_live_signal_generator - INFO - RS live signal tables created successfully
2025-10-24 15:33:06,184 - rs_live_signal_generator - INFO - RS live signal tables created successfully
2025-10-24 15:54:31,977 - rs_live_signal_generator - INFO - RS live signal tables created successfully
2025-10-24 17:31:08,105 - rs_live_signal_generator - INFO - RS live signal tables created successfully
2025-10-24 17:56:11,851 - rs_live_signal_generator - INFO - RS live signal tables created successfully
2025-10-24 17:59:01,280 - rs_live_signal_generator - INFO - RS live signal tables created successfully
2025-10-24 18:00:00,040 - rs_live_signal_generator - INFO - Starting RS signal generation for config 1, user None
2025-10-24 18:00:00,104 - rs_live_signal_generator - ERROR - Error generating RS signals: Configuration 1 not found for user None
2025-10-24 18:05:21,350 - rs_live_signal_generator - INFO - RS live signal tables created successfully
2025-10-24 19:01:12,187 - rs_live_signal_generator - INFO - RS live signal tables created successfully
2025-10-24 19:12:08,698 - rs_live_signal_generator - INFO - RS live signal tables created successfully
2025-10-24 19:19:13,452 - rs_live_signal_generator - INFO - RS live signal tables created successfully
2025-10-24 19:21:39,805 - rs_live_signal_generator - INFO - RS live signal tables created successfully
2025-10-24 19:24:40,780 - rs_live_signal_generator - INFO - RS live signal tables created successfully
2025-10-24 19:28:16,977 - rs_live_signal_generator - INFO - RS live signal tables created successfully
2025-10-24 19:35:52,528 - rs_live_signal_generator - INFO - RS live signal tables created successfully
2025-10-24 23:08:51,019 - rs_live_signal_generator - INFO - RS live signal tables created successfully
2025-10-25 11:29:06,891 - rs_live_signal_generator - INFO - RS live signal tables created successfully
2025-10-25 12:48:01,826 - rs_live_signal_generator - INFO - RS live signal tables created successfully
2025-10-25 13:44:40,385 - rs_live_signal_generator - INFO - RS live signal tables created successfully
2025-10-25 14:16:12,870 - rs_live_signal_generator - INFO - RS live signal tables created successfully
2025-10-25 15:02:00,693 - rs_live_signal_generator - INFO - RS live signal tables created successfully
2025-10-25 15:33:04,555 - rs_live_signal_generator - INFO - RS live signal tables created successfully
2025-10-25 15:42:16,964 - rs_live_signal_generator - INFO - RS live signal tables created successfully
2025-10-25 16:14:29,046 - rs_live_signal_generator - INFO - RS live signal tables created successfully
2025-10-25 16:55:38,118 - rs_live_signal_generator - INFO - RS live signal tables created successfully
2025-10-25 17:11:33,110 - rs_live_signal_generator - INFO - RS live signal tables created successfully
2025-10-25 17:11:48,466 - rs_live_signal_generator - INFO - RS live signal tables created successfully
2025-10-25 17:12:03,533 - rs_live_signal_generator - INFO - RS live signal tables created successfully
2025-10-25 17:14:20,089 - rs_live_signal_generator - INFO - RS live signal tables created successfully
2025-10-25 17:14:20,123 - rs_live_signal_generator - ERROR - Error getting stock data for signals: no such column: turnover
2025-10-25 17:14:20,124 - rs_live_signal_generator - ERROR - Error generating signals for run RS_1761325245_wealthwisersfinancialservices_gmail.com: no such column: turnover
2025-10-25 17:14:45,859 - rs_live_signal_generator - INFO - RS live signal tables created successfully
2025-10-25 17:14:46,642 - rs_live_signal_generator - ERROR - Error generating signals for run RS_1761325245_wealthwisersfinancialservices_gmail.com: No index data found for ^NSEI
2025-10-25 17:15:07,954 - rs_live_signal_generator - INFO - RS live signal tables created successfully
2025-10-25 17:15:09,160 - rs_live_signal_generator - ERROR - Error saving signals to database: UNIQUE constraint failed: rs_live.signal_date, rs_live.symbol, rs_live.action
2025-10-25 17:15:09,161 - rs_live_signal_generator - ERROR - Error generating signals for run RS_1761325245_wealthwisersfinancialservices_gmail.com: UNIQUE constraint failed: rs_live.signal_date, rs_live.symbol, rs_live.action
2025-10-25 17:15:20,700 - rs_live_signal_generator - INFO - RS live signal tables created successfully
2025-10-25 17:15:22,812 - rs_live_signal_generator - ERROR - Error saving signals to database: UNIQUE constraint failed: rs_live.signal_date, rs_live.symbol, rs_live.action
2025-10-25 17:15:22,813 - rs_live_signal_generator - ERROR - Error generating signals for run RS_1761325245_wealthwisersfinancialservices_gmail.com: UNIQUE constraint failed: rs_live.signal_date, rs_live.symbol, rs_live.action
2025-10-25 17:15:40,181 - rs_live_signal_generator - INFO - RS live signal tables created successfully
2025-10-25 17:15:42,143 - rs_live_signal_generator - ERROR - Error saving signals to database: UNIQUE constraint failed: rs_live.signal_date, rs_live.symbol, rs_live.action
2025-10-25 17:15:42,160 - rs_live_signal_generator - ERROR - Error generating signals for run RS_1761325245_wealthwisersfinancialservices_gmail.com: UNIQUE constraint failed: rs_live.signal_date, rs_live.symbol, rs_live.action
2025-10-25 17:16:04,961 - rs_live_signal_generator - INFO - RS live signal tables created successfully
2025-10-25 17:16:06,929 - rs_live_signal_generator - INFO - Saved 25 signals with enhanced metadata
2025-10-25 18:53:15,309 - rs_live_signal_generator - INFO - RS live signal tables created successfully
2025-10-25 18:54:30,796 - rs_live_signal_generator - INFO - RS live signal tables created successfully
2025-10-25 20:47:15,491 - rs_live_signal_generator - INFO - RS live signal tables created successfully
2025-10-26 00:38:25,395 - rs_live_signal_generator - INFO - RS live signal tables created successfully
2025-10-26 00:44:21,265 - rs_live_signal_generator - INFO - RS live signal tables created successfully
2025-10-27 10:06:42,494 - rs_live_signal_generator - INFO - RS live signal tables created successfully
2025-10-27 10:15:54,038 - rs_live_signal_generator - INFO - RS live signal tables created successfully
2025-10-27 10:15:54,043 - rs_live_signal_generator - INFO - Starting RS signal generation for config 1, user system_2025_10_24
2025-10-27 10:15:54,097 - rs_live_signal_generator - ERROR - Error generating RS signals: Configuration 1 not found for user system_2025_10_24
2025-10-27 16:00:50,906 - rs_live_signal_generator - INFO - RS live signal tables created successfully
2025-10-27 20:49:58,929 - rs_live_signal_generator - INFO - RS live signal tables created successfully
2025-10-27 22:00:10,519 - rs_live_signal_generator - INFO - RS live signal tables created successfully
2025-10-27 22:32:24,989 - rs_live_signal_generator - INFO - RS live signal tables created successfully
2025-10-27 22:37:12,339 - rs_live_signal_generator - INFO - RS live signal tables created successfully
2025-10-27 22:40:08,467 - rs_live_signal_generator - INFO - RS live signal tables created successfully
2025-10-27 23:07:59,749 - rs_live_signal_generator - INFO - RS live signal tables created successfully
2025-10-27 23:26:43,181 - rs_live_signal_generator - INFO - RS live signal tables created successfully
2025-10-28 00:20:38,059 - rs_live_signal_generator - INFO - RS live signal tables created successfully
2025-10-28 00:27:08,999 - rs_live_signal_generator - INFO - RS live signal tables created successfully
2025-10-29 09:46:24,644 - rs_live_signal_generator - INFO - RS live signal tables created successfully
2025-10-29 10:35:02,938 - rs_live_signal_generator - INFO - RS live signal tables created successfully
2025-10-29 22:03:33,593 - rs_live_signal_generator - INFO - RS live signal tables created successfully
2025-10-30 11:39:55,177 - rs_live_signal_generator - INFO - RS live signal tables created successfully
2025-10-30 11:48:35,979 - rs_live_signal_generator - INFO - RS live signal tables created successfully
2025-10-30 12:09:28,704 - rs_live_signal_generator - INFO - RS live signal tables created successfully
2025-10-31 09:47:23,605 - rs_live_signal_generator - INFO - RS live signal tables created successfully
2025-10-31 10:21:39,297 - rs_live_signal_generator - INFO - RS live signal tables created successfully
2025-10-31 11:37:18,299 - rs_live_signal_generator - INFO - RS live signal tables created successfully
2025-10-31 11:51:36,823 - rs_live_signal_generator - INFO - RS live signal tables created successfully
2025-10-31 12:16:02,678 - rs_live_signal_generator - INFO - RS live signal tables created successfully
2025-10-31 13:30:10,989 - rs_live_signal_generator - INFO - RS live signal tables created successfully
2025-10-31 14:27:45,836 - rs_live_signal_generator - INFO - RS live signal tables created successfully
2025-10-31 14:37:10,625 - rs_live_signal_generator - INFO - RS live signal tables created successfully
2025-10-31 18:45:35,612 - rs_live_signal_generator - INFO - RS live signal tables created successfully
2025-10-31 19:12:26,689 - rs_live_signal_generator - INFO - RS live signal tables created successfully
2025-10-31 21:53:20,737 - rs_live_signal_generator - INFO - RS live signal tables created successfully
2025-10-31 22:08:27,935 - rs_live_signal_generator - INFO - RS live signal tables created successfully
2025-10-31 23:23:57,440 - rs_live_signal_generator - INFO - RS live signal tables created successfully
2025-10-31 23:27:10,004 - rs_live_signal_generator - INFO - RS live signal tables created successfully
2025-10-31 23:36:56,601 - rs_live_signal_generator - INFO - RS live signal tables created successfully
2025-11-01 05:18:55,748 - rs_live_signal_generator - INFO - RS live signal tables created successfully
2025-11-01 05:54:43,901 - rs_live_signal_generator - INFO - RS live signal tables created successfully
2025-11-01 06:01:09,123 - rs_live_signal_generator - INFO - RS live signal tables created successfully
2025-11-01 06:09:31,467 - rs_live_signal_generator - INFO - RS live signal tables created successfully
2025-11-01 13:43:07,953 - rs_live_signal_generator - INFO - RS live signal tables created successfully
2025-11-01 14:11:57,101 - rs_live_signal_generator - INFO - RS live signal tables created successfully
2025-11-01 14:19:52,375 - rs_live_signal_generator - INFO - RS live signal tables created successfully
2025-11-01 14:25:21,865 - rs_live_signal_generator - INFO - RS live signal tables created successfully
2025-11-01 14:47:28,246 - rs_live_signal_generator - INFO - RS live signal tables created successfully
2025-11-01 15:29:49,506 - rs_live_signal_generator - INFO - RS live signal tables created successfully
2025-11-01 16:27:36,807 - rs_live_signal_generator - INFO - RS live signal tables created successfully
2025-11-01 17:08:05,048 - rs_live_signal_generator - INFO - RS live signal tables created successfully
2025-11-01 18:40:03,597 - rs_live_signal_generator - INFO - RS live signal tables created successfully
2025-11-01 19:48:03,885 - rs_live_signal_generator - INFO - RS live signal tables created successfully
2025-11-01 20:16:39,432 - rs_live_signal_generator - INFO - RS live signal tables created successfully
2025-11-01 22:46:22,845 - rs_live_signal_generator - INFO - RS live signal tables created successfully
2025-11-01 23:09:45,187 - rs_live_signal_generator - INFO - RS live signal tables created successfully
