2025-10-06 17:46:16,637 - rs_scheduler - INFO - RS Strategy Scheduler initialized with database: C:\Users\rachi\OneDrive\Documents\WealthAI\wealthai1-backend\Strategies\rsStrategy\nifty500_data_with_metadata.sqlite
2025-10-06 17:46:16,740 - rs_scheduler - ERROR - Traceback (most recent call last):
  File "C:\Users\rachi\OneDrive\Documents\WealthAI\wealthai1-backend\Strategies\rsStrategy\rs_scheduler.py", line 254, in start_scheduler
    next_run = job.next_run_time.strftime('%Y-%m-%d %H:%M:%S IST') if job.next_run_time else 'Not scheduled'
                                                                      ^^^^^^^^^^^^^^^^^
AttributeError: 'apscheduler.job.Job' object has no attribute 'next_run_time'

2025-10-06 18:00:07,307 - rs_scheduler - INFO - EOD data fetcher initialized successfully
2025-10-06 18:00:07,311 - rs_scheduler - INFO - Live signal generator initialized successfully
2025-10-06 18:00:07,313 - rs_scheduler - INFO - RS Strategy Scheduler initialized with database: C:\Users\rachi\OneDrive\Documents\WealthAI\wealthai1-backend\Strategies\rsStrategy\nifty500_data_with_metadata.sqlite
2025-10-06 18:00:07,314 - rs_scheduler - INFO - Starting RS Strategy Scheduler...
2025-10-06 18:00:07,321 - rs_scheduler - INFO - Scheduled 3 jobs:
2025-10-06 18:00:07,323 - rs_scheduler - INFO -    - RS Strategy EOD Data Fetch: Next run at Not scheduled
2025-10-06 18:00:07,324 - rs_scheduler - INFO -    - RS Strategy Signal Generation: Next run at Not scheduled
2025-10-06 18:00:07,327 - rs_scheduler - INFO -    - RS Strategy Cleanup: Next run at Not scheduled
2025-10-06 18:00:07,328 - rs_scheduler - INFO - RS Strategy Scheduler started successfully
2025-10-06 18:00:07,329 - rs_scheduler - INFO - EOD data fetch: Daily at 6:00 PM IST
2025-10-06 18:00:07,330 - rs_scheduler - INFO - Signal generation: Daily at 6:00 PM IST
2025-10-06 18:00:07,331 - rs_scheduler - INFO - Cleanup: Weekly on Sunday at 2:00 AM IST
2025-10-06 19:19:29,939 - rs_scheduler - INFO - RS Strategy Scheduler stopped successfully
2025-10-06 19:44:02,897 - rs_scheduler - INFO - RS Strategy Scheduler initialized with database: C:\Users\rachi\OneDrive\Documents\WealthAI\wealthai1-backend\Strategies\rsStrategy\nifty500_data_with_metadata.sqlite
2025-10-06 19:44:02,899 - rs_scheduler - INFO - Starting RS Strategy Scheduler...
2025-10-06 19:44:02,908 - rs_scheduler - INFO - Scheduled 3 jobs:
2025-10-06 19:44:02,908 - rs_scheduler - INFO -    - RS Strategy EOD Data Fetch: Next run at Not scheduled
2025-10-06 19:44:02,909 - rs_scheduler - INFO -    - RS Strategy Signal Generation: Next run at Not scheduled
2025-10-06 19:44:02,911 - rs_scheduler - INFO -    - RS Strategy Cleanup: Next run at Not scheduled
2025-10-06 19:44:02,912 - rs_scheduler - INFO - RS Strategy Scheduler started successfully
2025-10-06 19:44:02,912 - rs_scheduler - INFO - EOD data fetch: Daily at 6:00 PM IST
2025-10-06 19:44:02,914 - rs_scheduler - INFO - Signal generation: Daily at 6:00 PM IST
2025-10-06 19:44:02,915 - rs_scheduler - INFO - Cleanup: Weekly on Sunday at 2:00 AM IST
2025-10-06 22:09:20,554 - rs_scheduler - INFO - RS Strategy Scheduler initialized with database: C:\Users\Mohit Sharma\Downloads\WealthAI\WealthAI\wealthai1-backend\Strategies\rsStrategy\nifty500_data_with_metadata.sqlite
2025-10-06 22:09:20,555 - rs_scheduler - INFO - Starting RS Strategy Scheduler...
2025-10-06 22:09:23,772 - rs_scheduler - INFO - Scheduled 3 jobs:
2025-10-06 22:09:23,772 - rs_scheduler - INFO -    - RS Strategy EOD Data Fetch: Next run at Not scheduled
2025-10-06 22:09:23,773 - rs_scheduler - INFO -    - RS Strategy Signal Generation: Next run at Not scheduled
2025-10-06 22:09:23,773 - rs_scheduler - INFO -    - RS Strategy Cleanup: Next run at Not scheduled
2025-10-06 22:09:23,773 - rs_scheduler - INFO - RS Strategy Scheduler started successfully
2025-10-06 22:09:23,774 - rs_scheduler - INFO - EOD data fetch: Daily at 6:00 PM IST
2025-10-06 22:09:23,774 - rs_scheduler - INFO - Signal generation: Daily at 6:00 PM IST
2025-10-06 22:09:23,775 - rs_scheduler - INFO - Cleanup: Weekly on Sunday at 2:00 AM IST
2025-10-06 22:18:57,709 - rs_scheduler - INFO - RS Strategy Scheduler stopped successfully
2025-10-06 22:19:05,787 - rs_scheduler - INFO - RS Strategy Scheduler initialized with database: C:\Users\Mohit Sharma\Downloads\WealthAI\WealthAI\wealthai1-backend\Strategies\rsStrategy\nifty500_data_with_metadata.sqlite
2025-10-06 22:19:05,788 - rs_scheduler - INFO - Starting RS Strategy Scheduler...
2025-10-06 22:19:05,873 - rs_scheduler - INFO - Scheduled 3 jobs:
2025-10-06 22:19:05,875 - rs_scheduler - INFO -    - RS Strategy EOD Data Fetch: Next run at Not scheduled
2025-10-06 22:19:05,876 - rs_scheduler - INFO -    - RS Strategy Signal Generation: Next run at Not scheduled
2025-10-06 22:19:05,877 - rs_scheduler - INFO -    - RS Strategy Cleanup: Next run at Not scheduled
2025-10-06 22:19:05,879 - rs_scheduler - INFO - RS Strategy Scheduler started successfully
2025-10-06 22:19:05,880 - rs_scheduler - INFO - EOD data fetch: Daily at 6:00 PM IST
2025-10-06 22:19:05,880 - rs_scheduler - INFO - Signal generation: Daily at 6:00 PM IST
2025-10-06 22:19:05,881 - rs_scheduler - INFO - Cleanup: Weekly on Sunday at 2:00 AM IST
2025-10-06 22:25:00,050 - rs_scheduler - INFO - Starting EOD data fetch job...
2025-10-06 22:25:00,056 - rs_scheduler - INFO - Starting live signal generation job...
2025-10-06 22:25:00,059 - rs_scheduler - ERROR - EOD data fetcher not available
2025-10-06 22:25:00,065 - rs_scheduler - ERROR - Live signal generator not available
2025-10-06 22:25:00,086 - rs_scheduler - INFO - Job rs_signal_generation completed successfully
2025-10-06 22:25:00,087 - rs_scheduler - INFO - Job rs_eod_fetch completed successfully
2025-10-06 22:35:29,423 - rs_scheduler - INFO - EOD data fetcher initialized successfully
2025-10-06 22:35:29,432 - rs_scheduler - INFO - Live signal generator initialized successfully
2025-10-06 22:35:29,433 - rs_scheduler - INFO - RS Strategy Scheduler initialized with database: C:\Users\Mohit Sharma\Downloads\WealthAI\WealthAI\wealthai1-backend\Strategies\rsStrategy\nifty500_data_with_metadata.sqlite
2025-10-06 22:35:29,434 - rs_scheduler - INFO - Running manual EOD data fetch...
2025-10-06 22:35:29,435 - rs_scheduler - INFO - Starting EOD data fetch job...
2025-10-06 22:35:39,642 - rs_scheduler - INFO - EOD data fetch completed: 0 successful, 499 failed
2025-10-06 23:06:04,427 - rs_scheduler - INFO - RS Strategy Scheduler stopped successfully
2025-10-06 23:06:12,310 - rs_scheduler - INFO - EOD data fetcher initialized successfully
2025-10-06 23:06:12,312 - rs_scheduler - INFO - Live signal generator initialized successfully
2025-10-06 23:06:12,313 - rs_scheduler - INFO - RS Strategy Scheduler initialized with database: C:\Users\Mohit Sharma\Downloads\WealthAI\WealthAI\wealthai1-backend\Strategies\rsStrategy\nifty500_data_with_metadata.sqlite
2025-10-06 23:06:12,314 - rs_scheduler - INFO - Starting RS Strategy Scheduler...
2025-10-06 23:06:13,498 - rs_scheduler - INFO - Scheduled 3 jobs:
2025-10-06 23:06:13,498 - rs_scheduler - INFO -    - RS Strategy EOD Data Fetch: Next run at Not scheduled
2025-10-06 23:06:13,499 - rs_scheduler - INFO -    - RS Strategy Signal Generation: Next run at Not scheduled
2025-10-06 23:06:13,500 - rs_scheduler - INFO -    - RS Strategy Cleanup: Next run at Not scheduled
2025-10-06 23:06:13,500 - rs_scheduler - INFO - RS Strategy Scheduler started successfully
2025-10-06 23:06:13,501 - rs_scheduler - INFO - EOD data fetch: Daily at 6:00 PM IST
2025-10-06 23:06:13,501 - rs_scheduler - INFO - Signal generation: Daily at 6:00 PM IST
2025-10-06 23:06:13,501 - rs_scheduler - INFO - Cleanup: Weekly on Sunday at 2:00 AM IST
2025-10-06 23:08:00,022 - rs_scheduler - INFO - Starting EOD data fetch job...
2025-10-06 23:08:00,037 - rs_scheduler - INFO - Starting live signal generation job...
2025-10-06 23:08:00,046 - rs_scheduler - ERROR - Error in EOD data fetch job: 'RSEODDataFetcher' object has no attribute 'fetch_daily_data'
2025-10-06 23:08:00,055 - rs_scheduler - ERROR - Traceback (most recent call last):
  File "C:\Users\Mohit Sharma\Downloads\WealthAI\WealthAI\wealthai1-backend\Strategies\rsStrategy\rs_scheduler.py", line 155, in fetch_eod_data_job
    result = self.eod_fetcher.fetch_daily_data(days_back=1)
             ^^^^^^^^^^^^^^^^^^^^^^^^^^^^^^^^^
AttributeError: 'RSEODDataFetcher' object has no attribute 'fetch_daily_data'. Did you mean: 'fetch_market_data'?

2025-10-06 23:08:00,096 - rs_scheduler - INFO - Job rs_eod_fetch completed successfully
2025-10-06 23:08:03,438 - rs_scheduler - INFO - Live signal generation completed: 0 signals generated
2025-10-06 23:08:03,439 - rs_scheduler - INFO - Job rs_signal_generation completed successfully
2025-10-06 23:08:36,920 - rs_scheduler - INFO - RS Strategy Scheduler stopped successfully
2025-10-06 23:10:18,420 - rs_scheduler - INFO - EOD data fetcher initialized successfully
2025-10-06 23:10:18,425 - rs_scheduler - INFO - Live signal generator initialized successfully
2025-10-06 23:10:18,425 - rs_scheduler - INFO - RS Strategy Scheduler initialized with database: C:\Users\Mohit Sharma\Downloads\WealthAI\WealthAI\wealthai1-backend\Strategies\rsStrategy\nifty500_data_with_metadata.sqlite
2025-10-06 23:10:18,426 - rs_scheduler - INFO - Running manual signal generation...
2025-10-06 23:10:18,426 - rs_scheduler - INFO - Starting live signal generation job...
2025-10-06 23:10:22,156 - rs_scheduler - INFO - Live signal generation completed: 0 signals generated
2025-10-06 23:11:31,323 - rs_scheduler - INFO - EOD data fetcher initialized successfully
2025-10-06 23:11:31,328 - rs_scheduler - INFO - Live signal generator initialized successfully
2025-10-06 23:11:31,328 - rs_scheduler - INFO - RS Strategy Scheduler initialized with database: C:\Users\Mohit Sharma\Downloads\WealthAI\WealthAI\wealthai1-backend\Strategies\rsStrategy\nifty500_data_with_metadata.sqlite
2025-10-06 23:11:31,328 - rs_scheduler - INFO - Running manual signal generation...
2025-10-06 23:11:31,329 - rs_scheduler - INFO - Starting live signal generation job...
2025-10-06 23:11:34,673 - rs_scheduler - INFO - Live signal generation completed: 0 signals generated
2025-10-06 23:12:09,760 - rs_scheduler - INFO - EOD data fetcher initialized successfully
2025-10-06 23:12:09,762 - rs_scheduler - INFO - Live signal generator initialized successfully
2025-10-06 23:12:09,762 - rs_scheduler - INFO - RS Strategy Scheduler initialized with database: C:\Users\Mohit Sharma\Downloads\WealthAI\WealthAI\wealthai1-backend\Strategies\rsStrategy\nifty500_data_with_metadata.sqlite
2025-10-06 23:12:09,763 - rs_scheduler - INFO - Running manual signal generation...
2025-10-06 23:12:09,763 - rs_scheduler - INFO - Starting live signal generation job...
2025-10-06 23:12:13,590 - rs_scheduler - INFO - Live signal generation completed: 2 signals generated
2025-10-06 23:12:53,396 - rs_scheduler - INFO - EOD data fetcher initialized successfully
2025-10-06 23:12:53,398 - rs_scheduler - INFO - Live signal generator initialized successfully
2025-10-06 23:12:53,399 - rs_scheduler - INFO - RS Strategy Scheduler initialized with database: C:\Users\Mohit Sharma\Downloads\WealthAI\WealthAI\wealthai1-backend\Strategies\rsStrategy\nifty500_data_with_metadata.sqlite
2025-10-06 23:12:53,400 - rs_scheduler - INFO - Starting RS Strategy Scheduler...
2025-10-06 23:12:53,489 - rs_scheduler - INFO - Scheduled 3 jobs:
2025-10-06 23:12:53,489 - rs_scheduler - INFO -    - RS Strategy EOD Data Fetch: Next run at Not scheduled
2025-10-06 23:12:53,490 - rs_scheduler - INFO -    - RS Strategy Signal Generation: Next run at Not scheduled
2025-10-06 23:12:53,490 - rs_scheduler - INFO -    - RS Strategy Cleanup: Next run at Not scheduled
2025-10-06 23:12:53,491 - rs_scheduler - INFO - RS Strategy Scheduler started successfully
2025-10-06 23:12:53,491 - rs_scheduler - INFO - EOD data fetch: Daily at 6:00 PM IST
2025-10-06 23:12:53,491 - rs_scheduler - INFO - Signal generation: Daily at 6:00 PM IST
2025-10-06 23:12:53,492 - rs_scheduler - INFO - Cleanup: Weekly on Sunday at 2:00 AM IST
2025-10-06 23:15:56,208 - rs_scheduler - INFO - RS Strategy Scheduler stopped successfully
2025-10-06 23:16:02,224 - rs_scheduler - INFO - EOD data fetcher initialized successfully
2025-10-06 23:16:02,226 - rs_scheduler - INFO - Live signal generator initialized successfully
2025-10-06 23:16:02,227 - rs_scheduler - INFO - RS Strategy Scheduler initialized with database: C:\Users\Mohit Sharma\Downloads\WealthAI\WealthAI\wealthai1-backend\Strategies\rsStrategy\nifty500_data_with_metadata.sqlite
2025-10-06 23:16:02,228 - rs_scheduler - INFO - Starting RS Strategy Scheduler...
2025-10-06 23:16:02,316 - rs_scheduler - INFO - Scheduled 3 jobs:
2025-10-06 23:16:02,316 - rs_scheduler - INFO -    - RS Strategy EOD Data Fetch: Next run at Not scheduled
2025-10-06 23:16:02,316 - rs_scheduler - INFO -    - RS Strategy Signal Generation: Next run at Not scheduled
2025-10-06 23:16:02,317 - rs_scheduler - INFO -    - RS Strategy Cleanup: Next run at Not scheduled
2025-10-06 23:16:02,317 - rs_scheduler - INFO - RS Strategy Scheduler started successfully
2025-10-06 23:16:02,318 - rs_scheduler - INFO - EOD data fetch: Daily at 6:00 PM IST
2025-10-06 23:16:02,318 - rs_scheduler - INFO - Signal generation: Daily at 6:00 PM IST
2025-10-06 23:16:02,318 - rs_scheduler - INFO - Cleanup: Weekly on Sunday at 2:00 AM IST
2025-10-06 23:17:00,013 - rs_scheduler - INFO - Starting EOD data fetch job...
2025-10-06 23:17:00,030 - rs_scheduler - ERROR - Error in EOD data fetch job: 'RSEODDataFetcher' object has no attribute 'fetch_daily_data'
2025-10-06 23:17:00,033 - rs_scheduler - ERROR - Traceback (most recent call last):
  File "C:\Users\Mohit Sharma\Downloads\WealthAI\WealthAI\wealthai1-backend\Strategies\rsStrategy\rs_scheduler.py", line 155, in fetch_eod_data_job
    result = self.eod_fetcher.fetch_daily_data(days_back=1)
             ^^^^^^^^^^^^^^^^^^^^^^^^^^^^^^^^^
AttributeError: 'RSEODDataFetcher' object has no attribute 'fetch_daily_data'. Did you mean: 'fetch_market_data'?

2025-10-06 23:17:00,037 - rs_scheduler - INFO - Job rs_eod_fetch completed successfully
2025-10-06 23:17:22,064 - rs_scheduler - INFO - RS Strategy Scheduler stopped successfully
2025-10-06 23:18:45,093 - rs_scheduler - INFO - EOD data fetcher initialized successfully
2025-10-06 23:18:45,098 - rs_scheduler - INFO - Live signal generator initialized successfully
2025-10-06 23:18:45,100 - rs_scheduler - INFO - RS Strategy Scheduler initialized with database: C:\Users\Mohit Sharma\Downloads\WealthAI\WealthAI\wealthai1-backend\Strategies\rsStrategy\nifty500_data_with_metadata.sqlite
2025-10-06 23:18:45,101 - rs_scheduler - INFO - Running manual EOD data fetch...
2025-10-06 23:18:45,102 - rs_scheduler - INFO - Starting EOD data fetch job...
2025-10-06 23:20:16,739 - rs_scheduler - INFO - EOD data fetch completed: 0 successful, 499 failed
2025-10-06 23:20:56,118 - rs_scheduler - INFO - EOD data fetcher initialized successfully
2025-10-06 23:20:56,128 - rs_scheduler - INFO - Live signal generator initialized successfully
2025-10-06 23:20:56,129 - rs_scheduler - INFO - RS Strategy Scheduler initialized with database: C:\Users\Mohit Sharma\Downloads\WealthAI\WealthAI\wealthai1-backend\Strategies\rsStrategy\nifty500_data_with_metadata.sqlite
2025-10-06 23:20:56,129 - rs_scheduler - INFO - Running manual EOD data fetch...
2025-10-06 23:20:56,129 - rs_scheduler - INFO - Starting EOD data fetch job...
2025-10-06 23:22:34,797 - rs_scheduler - INFO - EOD data fetch completed: 498 successful, 1 failed
2025-10-06 23:32:19,643 - rs_scheduler - INFO - EOD data fetcher initialized successfully
2025-10-06 23:32:19,649 - rs_scheduler - INFO - Live signal generator initialized successfully
2025-10-06 23:32:19,650 - rs_scheduler - INFO - RS Strategy Scheduler initialized with database: C:\Users\Mohit Sharma\Downloads\WealthAI\WealthAI\wealthai1-backend\Strategies\rsStrategy\nifty500_data_with_metadata.sqlite
2025-10-06 23:32:37,786 - rs_scheduler - INFO - EOD data fetcher initialized successfully
2025-10-06 23:32:37,790 - rs_scheduler - INFO - Live signal generator initialized successfully
2025-10-06 23:32:37,790 - rs_scheduler - INFO - RS Strategy Scheduler initialized with database: C:\Users\Mohit Sharma\Downloads\WealthAI\WealthAI\wealthai1-backend\Strategies\rsStrategy\nifty500_data_with_metadata.sqlite
2025-10-06 23:32:37,791 - rs_scheduler - INFO - Starting RS Strategy Scheduler...
2025-10-06 23:32:37,957 - rs_scheduler - INFO - Scheduled 3 jobs:
2025-10-06 23:32:37,957 - rs_scheduler - INFO -    - RS Strategy EOD Data Fetch: Next run at Not scheduled
2025-10-06 23:32:37,957 - rs_scheduler - INFO -    - RS Strategy Signal Generation: Next run at Not scheduled
2025-10-06 23:32:37,957 - rs_scheduler - INFO -    - RS Strategy Cleanup: Next run at Not scheduled
2025-10-06 23:32:37,957 - rs_scheduler - INFO - RS Strategy Scheduler started successfully
2025-10-06 23:32:37,957 - rs_scheduler - INFO - EOD data fetch: Daily at 6:00 PM IST
2025-10-06 23:32:37,958 - rs_scheduler - INFO - Signal generation: Daily at 6:00 PM IST
2025-10-06 23:32:37,958 - rs_scheduler - INFO - Cleanup: Weekly on Sunday at 2:00 AM IST
2025-10-06 23:41:42,265 - rs_scheduler - INFO - EOD data fetcher initialized successfully
2025-10-06 23:41:42,268 - rs_scheduler - INFO - Live signal generator initialized successfully
2025-10-06 23:41:42,268 - rs_scheduler - INFO - RS Strategy Scheduler initialized with database: C:\Users\Mohit Sharma\Downloads\WealthAI\WealthAI\wealthai1-backend\Strategies\rsStrategy\nifty500_data_with_metadata.sqlite
2025-10-06 23:43:51,125 - rs_scheduler - INFO - EOD data fetcher initialized successfully
2025-10-06 23:43:51,127 - rs_scheduler - INFO - Live signal generator initialized successfully
2025-10-06 23:43:51,127 - rs_scheduler - INFO - RS Strategy Scheduler initialized with database: C:\Users\Mohit Sharma\Downloads\WealthAI\WealthAI\wealthai1-backend\Strategies\rsStrategy\nifty500_data_with_metadata.sqlite
2025-10-06 23:45:12,451 - rs_scheduler - INFO - EOD data fetcher initialized successfully
2025-10-06 23:45:12,454 - rs_scheduler - INFO - Live signal generator initialized successfully
2025-10-06 23:45:12,454 - rs_scheduler - INFO - RS Strategy Scheduler initialized with database: C:\Users\Mohit Sharma\Downloads\WealthAI\WealthAI\wealthai1-backend\Strategies\rsStrategy\nifty500_data_with_metadata.sqlite
2025-10-06 23:45:12,455 - rs_scheduler - INFO - Setting up RS Strategy Scheduler...
2025-10-06 23:45:12,787 - rs_scheduler - INFO - Scheduled 3 jobs:
2025-10-06 23:45:12,787 - rs_scheduler - INFO -   - rs_eod_fetch: RS Strategy EOD Data Fetch (Next: Not scheduled)
2025-10-06 23:45:12,787 - rs_scheduler - INFO -   - rs_signal_generation: RS Strategy Signal Generation (Next: Not scheduled)
2025-10-06 23:45:12,788 - rs_scheduler - INFO -   - rs_cleanup: RS Strategy Cleanup (Next: Not scheduled)
2025-10-06 23:45:12,788 - rs_scheduler - INFO - RS Strategy Scheduler setup completed successfully
2025-10-06 23:45:42,982 - rs_scheduler - INFO - EOD data fetcher initialized successfully
2025-10-06 23:45:42,987 - rs_scheduler - INFO - Live signal generator initialized successfully
2025-10-06 23:45:42,989 - rs_scheduler - INFO - RS Strategy Scheduler initialized with database: C:\Users\Mohit Sharma\Downloads\WealthAI\WealthAI\wealthai1-backend\Strategies\rsStrategy\nifty500_data_with_metadata.sqlite
2025-10-06 23:45:42,989 - rs_scheduler - INFO - Setting up RS Strategy Scheduler...
2025-10-06 23:45:43,148 - rs_scheduler - INFO - Scheduled 3 jobs:
2025-10-06 23:45:43,148 - rs_scheduler - INFO -   - rs_eod_fetch: RS Strategy EOD Data Fetch (Next: Not scheduled)
2025-10-06 23:45:43,153 - rs_scheduler - INFO -   - rs_signal_generation: RS Strategy Signal Generation (Next: Not scheduled)
2025-10-06 23:45:43,153 - rs_scheduler - INFO -   - rs_cleanup: RS Strategy Cleanup (Next: Not scheduled)
2025-10-06 23:45:43,154 - rs_scheduler - INFO - RS Strategy Scheduler setup completed successfully
2025-10-06 23:48:11,226 - rs_scheduler - INFO - EOD data fetcher initialized successfully
2025-10-06 23:48:11,229 - rs_scheduler - INFO - Live signal generator initialized successfully
2025-10-06 23:48:11,229 - rs_scheduler - INFO - RS Strategy Scheduler initialized with database: C:\Users\Mohit Sharma\Downloads\WealthAI\WealthAI\wealthai1-backend\Strategies\rsStrategy\nifty500_data_with_metadata.sqlite
2025-10-06 23:48:11,230 - rs_scheduler - INFO - Starting RS Strategy Scheduler...
2025-10-06 23:48:11,233 - rs_scheduler - INFO - Setting up RS Strategy Scheduler...
2025-10-06 23:48:11,319 - rs_scheduler - INFO - Scheduled 3 jobs:
2025-10-06 23:48:11,320 - rs_scheduler - INFO -   - rs_eod_fetch: RS Strategy EOD Data Fetch (Next: Not scheduled)
2025-10-06 23:48:11,320 - rs_scheduler - INFO -   - rs_signal_generation: RS Strategy Signal Generation (Next: Not scheduled)
2025-10-06 23:48:11,321 - rs_scheduler - INFO -   - rs_cleanup: RS Strategy Cleanup (Next: Not scheduled)
2025-10-06 23:48:11,321 - rs_scheduler - INFO - RS Strategy Scheduler setup completed successfully
2025-10-06 23:48:11,322 - rs_scheduler - INFO - RS Strategy Scheduler started successfully
2025-10-06 23:48:11,323 - rs_scheduler - INFO - EOD data fetch: Daily at 11:08 PM IST
2025-10-06 23:48:11,323 - rs_scheduler - INFO - Signal generation: Daily at 11:15 PM IST
2025-10-06 23:48:11,324 - rs_scheduler - INFO - Cleanup: Weekly on Sunday at 2:00 AM IST
2025-10-06 23:48:30,124 - rs_scheduler - INFO - RS Strategy Scheduler stopped successfully
2025-10-06 23:48:55,513 - rs_scheduler - INFO - EOD data fetcher initialized successfully
2025-10-06 23:48:55,517 - rs_scheduler - INFO - Live signal generator initialized successfully
2025-10-06 23:48:55,519 - rs_scheduler - INFO - RS Strategy Scheduler initialized with database: C:\Users\Mohit Sharma\Downloads\WealthAI\WealthAI\wealthai1-backend\Strategies\rsStrategy\nifty500_data_with_metadata.sqlite
2025-10-06 23:48:55,521 - rs_scheduler - INFO - Starting RS Strategy Scheduler...
2025-10-06 23:48:55,528 - rs_scheduler - INFO - Setting up RS Strategy Scheduler...
2025-10-06 23:48:55,612 - rs_scheduler - INFO - Scheduled 3 jobs:
2025-10-06 23:48:55,612 - rs_scheduler - INFO -   - rs_eod_fetch: RS Strategy EOD Data Fetch (Next: Not scheduled)
2025-10-06 23:48:55,613 - rs_scheduler - INFO -   - rs_signal_generation: RS Strategy Signal Generation (Next: Not scheduled)
2025-10-06 23:48:55,613 - rs_scheduler - INFO -   - rs_cleanup: RS Strategy Cleanup (Next: Not scheduled)
2025-10-06 23:48:55,614 - rs_scheduler - INFO - RS Strategy Scheduler setup completed successfully
2025-10-06 23:48:55,614 - rs_scheduler - INFO - RS Strategy Scheduler started successfully
2025-10-06 23:48:55,615 - rs_scheduler - INFO - EOD data fetch: Daily at 11:08 PM IST
2025-10-06 23:48:55,615 - rs_scheduler - INFO - Signal generation: Daily at 11:15 PM IST
2025-10-06 23:48:55,615 - rs_scheduler - INFO - Cleanup: Weekly on Sunday at 2:00 AM IST
2025-10-06 23:50:00,009 - rs_scheduler - INFO - Starting live signal generation job...
2025-10-06 23:50:02,231 - rs_scheduler - INFO - Live signal generation completed: 2 signals generated
2025-10-06 23:50:02,232 - rs_scheduler - INFO - Job rs_signal_generation completed successfully
2025-10-06 23:51:19,083 - rs_scheduler - INFO - RS Strategy Scheduler stopped successfully
2025-10-06 23:51:25,732 - rs_scheduler - INFO - EOD data fetcher initialized successfully
2025-10-06 23:51:25,735 - rs_scheduler - INFO - Live signal generator initialized successfully
2025-10-06 23:51:25,736 - rs_scheduler - INFO - RS Strategy Scheduler initialized with database: C:\Users\Mohit Sharma\Downloads\WealthAI\WealthAI\wealthai1-backend\Strategies\rsStrategy\nifty500_data_with_metadata.sqlite
2025-10-06 23:51:25,737 - rs_scheduler - INFO - Starting RS Strategy Scheduler...
2025-10-06 23:51:25,737 - rs_scheduler - INFO - Setting up RS Strategy Scheduler...
2025-10-06 23:51:25,826 - rs_scheduler - INFO - Scheduled 3 jobs:
2025-10-06 23:51:25,826 - rs_scheduler - INFO -   - rs_eod_fetch: RS Strategy EOD Data Fetch (Next: Not scheduled)
2025-10-06 23:51:25,826 - rs_scheduler - INFO -   - rs_signal_generation: RS Strategy Signal Generation (Next: Not scheduled)
2025-10-06 23:51:25,827 - rs_scheduler - INFO -   - rs_cleanup: RS Strategy Cleanup (Next: Not scheduled)
2025-10-06 23:51:25,828 - rs_scheduler - INFO - RS Strategy Scheduler setup completed successfully
2025-10-06 23:51:25,828 - rs_scheduler - INFO - RS Strategy Scheduler started successfully
2025-10-06 23:51:25,828 - rs_scheduler - INFO - EOD data fetch: Daily at 11:08 PM IST
2025-10-06 23:51:25,829 - rs_scheduler - INFO - Signal generation: Daily at 11:15 PM IST
2025-10-06 23:51:25,829 - rs_scheduler - INFO - Cleanup: Weekly on Sunday at 2:00 AM IST
2025-10-06 23:53:00,008 - rs_scheduler - INFO - Starting EOD data fetch job...
2025-10-06 23:54:45,095 - rs_scheduler - INFO - EOD data fetch completed: 498 successful, 1 failed
2025-10-06 23:54:45,096 - rs_scheduler - INFO - Job rs_eod_fetch completed successfully
2025-10-07 09:28:52,281 - rs_scheduler - INFO - EOD data fetcher initialized successfully
2025-10-07 09:28:52,287 - rs_scheduler - INFO - Live signal generator initialized successfully
2025-10-07 09:28:52,287 - rs_scheduler - INFO - RS Strategy Scheduler initialized with database: C:\Users\Mohit Sharma\Downloads\WealthAI\WealthAI\wealthai1-backend\Strategies\rsStrategy\nifty500_data_with_metadata.sqlite
2025-10-07 09:28:52,288 - rs_scheduler - INFO - Setting up RS Strategy Scheduler...
2025-10-07 09:28:52,555 - rs_scheduler - INFO - Scheduled 2 jobs:
2025-10-07 09:28:52,555 - rs_scheduler - INFO -   - rs_eod_fetch: RS Strategy EOD Data Fetch at 4:00 PM (Next: Not scheduled)
2025-10-07 09:28:52,555 - rs_scheduler - INFO -   - rs_signal_generation: RS Strategy Signal Generation at 4:30 PM (Next: Not scheduled)
2025-10-07 09:28:52,555 - rs_scheduler - INFO - RS Strategy Scheduler setup completed successfully
2025-10-07 09:30:08,737 - rs_scheduler - INFO - EOD data fetcher initialized successfully
2025-10-07 09:30:08,747 - rs_scheduler - INFO - Live signal generator initialized successfully
2025-10-07 09:30:08,749 - rs_scheduler - INFO - RS Strategy Scheduler initialized with database: C:\Users\Mohit Sharma\Downloads\WealthAI\WealthAI\wealthai1-backend\Strategies\rsStrategy\nifty500_data_with_metadata.sqlite
2025-10-07 09:30:08,755 - rs_scheduler - INFO - Starting RS Strategy Scheduler...
2025-10-07 09:30:08,762 - rs_scheduler - INFO - Setting up RS Strategy Scheduler...
2025-10-07 09:30:08,878 - rs_scheduler - INFO - Scheduled 2 jobs:
2025-10-07 09:30:08,879 - rs_scheduler - INFO -   - rs_eod_fetch: RS Strategy EOD Data Fetch at 4:00 PM (Next: Not scheduled)
2025-10-07 09:30:08,879 - rs_scheduler - INFO -   - rs_signal_generation: RS Strategy Signal Generation at 4:30 PM (Next: Not scheduled)
2025-10-07 09:30:08,880 - rs_scheduler - INFO - RS Strategy Scheduler setup completed successfully
2025-10-07 09:30:08,880 - rs_scheduler - INFO - RS Strategy Scheduler started successfully
2025-10-07 09:30:08,881 - rs_scheduler - INFO - EOD data fetch: Daily at 11:08 PM IST
2025-10-07 09:30:08,882 - rs_scheduler - INFO - Signal generation: Daily at 11:15 PM IST
2025-10-07 09:51:22,244 - rs_scheduler - INFO - EOD data fetcher initialized successfully
2025-10-07 09:51:22,256 - rs_scheduler - INFO - Live signal generator initialized successfully
2025-10-07 09:51:22,256 - rs_scheduler - INFO - RS Strategy Scheduler initialized with database: C:\Users\Mohit Sharma\Downloads\WealthAI\WealthAI\wealthai1-backend\Strategies\rsStrategy\nifty500_data_with_metadata.sqlite
2025-10-07 09:51:22,256 - rs_scheduler - INFO - Running manual signal generation...
2025-10-07 09:51:22,256 - rs_scheduler - INFO - Starting live signal generation job...
2025-10-07 09:51:27,590 - rs_scheduler - INFO - Live signal generation completed: 2 signals generated
2025-10-07 10:39:13,861 - rs_scheduler - INFO - EOD data fetcher initialized successfully
2025-10-07 10:39:13,984 - rs_scheduler - INFO - Live signal generator initialized successfully
2025-10-07 10:39:14,049 - rs_scheduler - INFO - RS Strategy Scheduler initialized with database: C:\Users\Mohit Sharma\Downloads\WealthAI\WealthAI\wealthai1-backend\Strategies\rsStrategy\nifty500_data_with_metadata.sqlite
2025-10-07 10:39:14,108 - rs_scheduler - INFO - Starting RS Strategy Scheduler...
2025-10-07 10:39:14,169 - rs_scheduler - INFO - Setting up RS Strategy Scheduler...
2025-10-07 10:39:14,256 - rs_scheduler - ERROR - Error stopping RS strategy scheduler: Scheduler is not running
2025-10-07 10:39:14,452 - rs_scheduler - INFO - Scheduled 2 jobs:
2025-10-07 10:39:14,458 - rs_scheduler - INFO -   - rs_eod_fetch: RS Strategy EOD Data Fetch at 4:00 PM (Next: Not scheduled)
2025-10-07 10:39:14,461 - rs_scheduler - INFO -   - rs_signal_generation: RS Strategy Signal Generation at 4:30 PM (Next: Not scheduled)
2025-10-07 10:39:14,471 - rs_scheduler - INFO - RS Strategy Scheduler setup completed successfully
2025-10-07 10:39:14,474 - rs_scheduler - INFO - RS Strategy Scheduler started successfully
2025-10-07 10:39:14,487 - rs_scheduler - INFO - EOD data fetch: Daily at 11:08 PM IST
2025-10-07 10:39:14,495 - rs_scheduler - INFO - Signal generation: Daily at 11:15 PM IST
2025-10-07 10:45:06,489 - rs_scheduler - INFO - RS Strategy Scheduler initialized with database: C:\Users\Mohit Sharma\Downloads\WealthAI\WealthAI\wealthai1-backend\Strategies\rsStrategy\nifty500_data_with_metadata.sqlite
2025-10-07 10:45:14,622 - rs_scheduler - INFO - RS Strategy Scheduler initialized with database: C:\Users\Mohit Sharma\Downloads\WealthAI\WealthAI\wealthai1-backend\Strategies\rsStrategy\nifty500_data_with_metadata.sqlite
2025-10-07 10:45:14,622 - rs_scheduler - INFO - Running manual signal generation...
2025-10-07 10:45:14,622 - rs_scheduler - INFO - Starting live signal generation job...
2025-10-07 10:45:14,622 - rs_scheduler - ERROR - Live signal generator not available
2025-10-07 11:52:31,827 - rs_scheduler - INFO - EOD data fetcher initialized successfully
2025-10-07 11:52:31,830 - rs_scheduler - INFO - Live signal generator initialized successfully
2025-10-07 11:52:31,831 - rs_scheduler - INFO - RS Strategy Scheduler initialized with database: C:\Users\Mohit Sharma\Downloads\WealthAI\WealthAI\wealthai1-backend\Strategies\rsStrategy\nifty500_data_with_metadata.sqlite
2025-10-07 11:52:31,831 - rs_scheduler - INFO - Running manual signal generation...
2025-10-07 11:52:31,831 - rs_scheduler - INFO - Starting live signal generation job...
2025-10-07 11:52:39,133 - rs_scheduler - INFO - Live signal generation completed: 2 signals generated
2025-10-07 12:20:27,876 - rs_scheduler - INFO - EOD data fetcher initialized successfully
2025-10-07 12:20:27,881 - rs_scheduler - INFO - Live signal generator initialized successfully
2025-10-07 12:20:27,881 - rs_scheduler - INFO - RS Strategy Scheduler initialized with database: C:\Users\Mohit Sharma\Downloads\WealthAI\WealthAI\wealthai1-backend\Strategies\rsStrategy\nifty500_data_with_metadata.sqlite
2025-10-07 12:20:27,881 - rs_scheduler - INFO - Running manual signal generation...
2025-10-07 12:20:27,881 - rs_scheduler - INFO - Starting live signal generation job...
2025-10-07 12:20:32,126 - rs_scheduler - INFO - Live signal generation completed: 2 signals generated
2025-10-07 12:21:28,324 - rs_scheduler - INFO - EOD data fetcher initialized successfully
2025-10-07 12:21:28,329 - rs_scheduler - INFO - Live signal generator initialized successfully
2025-10-07 12:21:28,329 - rs_scheduler - INFO - RS Strategy Scheduler initialized with database: C:\Users\Mohit Sharma\Downloads\WealthAI\WealthAI\wealthai1-backend\Strategies\rsStrategy\nifty500_data_with_metadata.sqlite
2025-10-07 12:21:28,330 - rs_scheduler - INFO - Running manual signal generation...
2025-10-07 12:21:28,330 - rs_scheduler - INFO - Starting live signal generation job...
2025-10-07 12:21:32,192 - rs_scheduler - INFO - Live signal generation completed: 2 signals generated
2025-10-07 12:21:48,598 - rs_scheduler - INFO - EOD data fetcher initialized successfully
2025-10-07 12:21:48,601 - rs_scheduler - INFO - Live signal generator initialized successfully
2025-10-07 12:21:48,601 - rs_scheduler - INFO - RS Strategy Scheduler initialized with database: C:\Users\Mohit Sharma\Downloads\WealthAI\WealthAI\wealthai1-backend\Strategies\rsStrategy\nifty500_data_with_metadata.sqlite
2025-10-07 12:21:48,601 - rs_scheduler - INFO - Running manual signal generation...
2025-10-07 12:21:48,601 - rs_scheduler - INFO - Starting live signal generation job...
2025-10-07 12:21:52,313 - rs_scheduler - INFO - Live signal generation completed: 2 signals generated
2025-10-07 12:23:03,007 - rs_scheduler - INFO - EOD data fetcher initialized successfully
2025-10-07 12:23:03,007 - rs_scheduler - INFO - Live signal generator initialized successfully
2025-10-07 12:23:03,007 - rs_scheduler - INFO - RS Strategy Scheduler initialized with database: C:\Users\Mohit Sharma\Downloads\WealthAI\WealthAI\wealthai1-backend\Strategies\rsStrategy\nifty500_data_with_metadata.sqlite
2025-10-07 12:23:03,007 - rs_scheduler - INFO - Running manual signal generation...
2025-10-07 12:23:03,007 - rs_scheduler - INFO - Starting live signal generation job...
2025-10-07 12:23:10,131 - rs_scheduler - INFO - Live signal generation completed: 39 signals generated
2025-10-07 14:02:49,822 - rs_scheduler - INFO - EOD data fetcher initialized successfully
2025-10-07 14:02:49,829 - rs_scheduler - INFO - Live signal generator initialized successfully
2025-10-07 14:02:49,831 - rs_scheduler - INFO - RS Strategy Scheduler initialized with database: C:\Users\Mohit Sharma\Downloads\WealthAI\WealthAI\wealthai1-backend\Strategies\rsStrategy\nifty500_data_with_metadata.sqlite
2025-10-07 14:02:49,832 - rs_scheduler - INFO - Starting RS Strategy Scheduler...
2025-10-07 14:02:49,836 - rs_scheduler - INFO - Setting up RS Strategy Scheduler...
2025-10-07 14:02:54,783 - rs_scheduler - INFO - Scheduled 2 jobs:
2025-10-07 14:02:54,783 - rs_scheduler - INFO -   - rs_eod_fetch: RS Strategy EOD Data Fetch at 4:00 PM (Next: Not scheduled)
2025-10-07 14:02:54,784 - rs_scheduler - INFO -   - rs_signal_generation: RS Strategy Signal Generation at 4:30 PM (Next: Not scheduled)
2025-10-07 14:02:54,784 - rs_scheduler - INFO - RS Strategy Scheduler setup completed successfully
2025-10-07 14:02:54,785 - rs_scheduler - INFO - RS Strategy Scheduler started successfully
2025-10-07 14:02:54,785 - rs_scheduler - INFO - EOD data fetch: Daily at 11:08 PM IST
2025-10-07 14:02:54,786 - rs_scheduler - INFO - Signal generation: Daily at 11:15 PM IST
2025-10-07 14:24:39,587 - rs_scheduler - INFO - EOD data fetcher initialized successfully
2025-10-07 14:24:39,591 - rs_scheduler - INFO - Live signal generator initialized successfully
2025-10-07 14:24:39,591 - rs_scheduler - INFO - RS Strategy Scheduler initialized with database: C:\Users\Mohit Sharma\Downloads\WealthAI\WealthAI\wealthai1-backend\Strategies\rsStrategy\nifty500_data_with_metadata.sqlite
2025-10-07 14:24:39,591 - rs_scheduler - INFO - Running manual signal generation...
2025-10-07 14:24:39,591 - rs_scheduler - INFO - Starting live signal generation job...
2025-10-07 14:26:46,839 - rs_scheduler - INFO - EOD data fetcher initialized successfully
2025-10-07 14:26:46,853 - rs_scheduler - INFO - Live signal generator initialized successfully
2025-10-07 14:26:46,853 - rs_scheduler - INFO - RS Strategy Scheduler initialized with database: C:\Users\Mohit Sharma\Downloads\WealthAI\WealthAI\wealthai1-backend\Strategies\rsStrategy\nifty500_data_with_metadata.sqlite
2025-10-07 14:26:46,853 - rs_scheduler - INFO - Running manual signal generation...
2025-10-07 14:26:46,856 - rs_scheduler - INFO - Starting live signal generation job...
2025-10-07 14:29:19,328 - rs_scheduler - INFO - EOD data fetcher initialized successfully
2025-10-07 14:29:19,339 - rs_scheduler - INFO - Live signal generator initialized successfully
2025-10-07 14:29:19,344 - rs_scheduler - INFO - RS Strategy Scheduler initialized with database: C:\Users\Mohit Sharma\Downloads\WealthAI\WealthAI\wealthai1-backend\Strategies\rsStrategy\nifty500_data_with_metadata.sqlite
2025-10-07 14:29:19,345 - rs_scheduler - INFO - Running manual signal generation...
2025-10-07 14:29:19,345 - rs_scheduler - INFO - Starting live signal generation job...
2025-10-07 14:40:32,653 - rs_scheduler - INFO - EOD data fetcher initialized successfully
2025-10-07 14:40:32,659 - rs_scheduler - INFO - Live signal generator initialized successfully
2025-10-07 14:40:32,660 - rs_scheduler - INFO - RS Strategy Scheduler initialized with database: C:\Users\Mohit Sharma\Downloads\WealthAI\WealthAI\wealthai1-backend\Strategies\rsStrategy\nifty500_data_with_metadata.sqlite
2025-10-07 14:40:32,662 - rs_scheduler - INFO - Starting RS Strategy Scheduler...
2025-10-07 14:40:32,673 - rs_scheduler - INFO - Setting up RS Strategy Scheduler...
2025-10-07 14:40:32,794 - rs_scheduler - INFO - Scheduled 2 jobs:
2025-10-07 14:40:32,794 - rs_scheduler - INFO -   - rs_eod_fetch: RS Strategy EOD Data Fetch at 4:00 PM (Next: Not scheduled)
2025-10-07 14:40:32,794 - rs_scheduler - INFO -   - rs_signal_generation: RS Strategy Signal Generation at 4:30 PM (Next: Not scheduled)
2025-10-07 14:40:32,795 - rs_scheduler - INFO - RS Strategy Scheduler setup completed successfully
2025-10-07 14:40:32,795 - rs_scheduler - INFO - RS Strategy Scheduler started successfully
2025-10-07 14:40:32,796 - rs_scheduler - INFO - EOD data fetch: Daily at 11:08 PM IST
2025-10-07 14:40:32,796 - rs_scheduler - INFO - Signal generation: Daily at 11:15 PM IST
2025-10-07 15:46:31,238 - rs_scheduler - INFO - RS Strategy Scheduler stopped successfully
2025-10-07 15:46:37,845 - rs_scheduler - INFO - EOD data fetcher initialized successfully
2025-10-07 15:46:37,858 - rs_scheduler - INFO - Live signal generator initialized successfully
2025-10-07 15:46:37,862 - rs_scheduler - INFO - RS Strategy Scheduler initialized with database: C:\Users\Mohit Sharma\Downloads\WealthAI\WealthAI\wealthai1-backend\Strategies\rsStrategy\nifty500_data_with_metadata.sqlite
2025-10-07 15:46:37,867 - rs_scheduler - INFO - Starting RS Strategy Scheduler...
2025-10-07 15:46:37,875 - rs_scheduler - INFO - Setting up RS Strategy Scheduler...
2025-10-07 15:46:38,223 - rs_scheduler - INFO - Scheduled 2 jobs:
2025-10-07 15:46:38,224 - rs_scheduler - INFO -   - rs_eod_fetch: RS Strategy EOD Data Fetch at 4:00 PM (Next: Not scheduled)
2025-10-07 15:46:38,231 - rs_scheduler - INFO -   - rs_signal_generation: RS Strategy Signal Generation at 4:30 PM Friday (Next: Not scheduled)
2025-10-07 15:46:38,237 - rs_scheduler - INFO - RS Strategy Scheduler setup completed successfully
2025-10-07 15:46:38,245 - rs_scheduler - INFO - RS Strategy Scheduler started successfully
2025-10-07 15:46:38,255 - rs_scheduler - INFO - EOD data fetch: Daily at 11:08 PM IST
2025-10-07 15:46:38,269 - rs_scheduler - INFO - Signal generation: Daily at 11:15 PM IST
2025-10-07 16:00:52,999 - rs_scheduler - INFO - RS Strategy Scheduler stopped successfully
2025-10-07 16:02:31,848 - rs_scheduler - INFO - EOD data fetcher initialized successfully
2025-10-07 16:02:31,852 - rs_scheduler - INFO - Live signal generator initialized successfully
2025-10-07 16:02:31,856 - rs_scheduler - INFO - RS Strategy Scheduler initialized with database: C:\Users\Mohit Sharma\Downloads\WealthAI\WealthAI\wealthai1-backend\Strategies\rsStrategy\nifty500_data_with_metadata.sqlite
2025-10-07 16:02:31,857 - rs_scheduler - INFO - Starting RS Strategy Scheduler...
2025-10-07 16:02:31,860 - rs_scheduler - INFO - Setting up RS Strategy Scheduler...
2025-10-07 16:02:31,974 - rs_scheduler - INFO - Scheduled 2 jobs:
2025-10-07 16:02:31,975 - rs_scheduler - INFO -   - rs_eod_fetch: RS Strategy EOD Data Fetch at 4:05 PM (Next: Not scheduled)
2025-10-07 16:02:31,976 - rs_scheduler - INFO -   - rs_signal_generation: RS Strategy Signal Generation at 4:30 PM Friday (Next: Not scheduled)
2025-10-07 16:02:31,977 - rs_scheduler - INFO - RS Strategy Scheduler setup completed successfully
2025-10-07 16:02:31,978 - rs_scheduler - INFO - RS Strategy Scheduler started successfully
2025-10-07 16:02:31,980 - rs_scheduler - INFO - EOD data fetch: Daily at 11:08 PM IST
2025-10-07 16:02:31,981 - rs_scheduler - INFO - Signal generation: Daily at 11:15 PM IST
2025-10-07 16:09:22,687 - rs_scheduler - INFO - RS Strategy Scheduler stopped successfully
2025-10-07 16:41:44,728 - rs_scheduler - INFO - EOD data fetcher initialized successfully
2025-10-07 16:41:44,732 - rs_scheduler - INFO - Live signal generator initialized successfully
2025-10-07 16:41:44,734 - rs_scheduler - INFO - RS Strategy Scheduler initialized with database: C:\Users\Mohit Sharma\Downloads\WealthAI\WealthAI\wealthai1-backend\Strategies\rsStrategy\nifty500_data_with_metadata.sqlite
2025-10-07 16:41:44,735 - rs_scheduler - INFO - Starting RS Strategy Scheduler...
2025-10-07 16:41:44,735 - rs_scheduler - INFO - Setting up RS Strategy Scheduler...
2025-10-07 16:41:44,742 - rs_scheduler - INFO - Scheduled 2 jobs:
2025-10-07 16:41:44,743 - rs_scheduler - INFO -   - rs_eod_fetch: RS Strategy EOD Data Fetch at 4:45 PM (Next: Not scheduled)
2025-10-07 16:41:44,744 - rs_scheduler - INFO -   - rs_signal_generation: RS Strategy Signal Generation at 4:30 PM Friday (Next: Not scheduled)
2025-10-07 16:41:44,746 - rs_scheduler - INFO - RS Strategy Scheduler setup completed successfully
2025-10-07 16:41:44,747 - rs_scheduler - INFO - RS Strategy Scheduler started successfully
2025-10-07 16:41:44,749 - rs_scheduler - INFO - EOD data fetch: Daily at 11:08 PM IST
2025-10-07 16:41:44,750 - rs_scheduler - INFO - Signal generation: Daily at 11:15 PM IST
2025-10-07 16:48:13,465 - rs_scheduler - INFO - RS Strategy Scheduler stopped successfully
2025-10-07 16:48:21,927 - rs_scheduler - INFO - EOD data fetcher initialized successfully
2025-10-07 16:48:21,929 - rs_scheduler - INFO - Live signal generator initialized successfully
2025-10-07 16:48:21,930 - rs_scheduler - INFO - RS Strategy Scheduler initialized with database: C:\Users\Mohit Sharma\Downloads\WealthAI\WealthAI\wealthai1-backend\Strategies\rsStrategy\nifty500_data_with_metadata.sqlite
2025-10-07 16:48:21,931 - rs_scheduler - INFO - Starting RS Strategy Scheduler...
2025-10-07 16:48:21,932 - rs_scheduler - INFO - Setting up RS Strategy Scheduler...
2025-10-07 16:48:21,935 - rs_scheduler - INFO - Scheduled 2 jobs:
2025-10-07 16:48:21,935 - rs_scheduler - INFO -   - rs_eod_fetch: RS Strategy EOD Data Fetch at 4:55 PM (Next: Not scheduled)
2025-10-07 16:48:21,936 - rs_scheduler - INFO -   - rs_signal_generation: RS Strategy Signal Generation at 4:30 PM Friday (Next: Not scheduled)
2025-10-07 16:48:21,936 - rs_scheduler - INFO - RS Strategy Scheduler setup completed successfully
2025-10-07 16:48:21,937 - rs_scheduler - INFO - RS Strategy Scheduler started successfully
2025-10-07 16:48:21,937 - rs_scheduler - INFO - EOD data fetch: Daily at 11:08 PM IST
2025-10-07 16:48:21,938 - rs_scheduler - INFO - Signal generation: Daily at 11:15 PM IST
2025-10-07 17:00:19,282 - rs_scheduler - INFO - RS Strategy Scheduler stopped successfully
2025-10-07 17:00:25,550 - rs_scheduler - INFO - EOD data fetcher initialized successfully
2025-10-07 17:00:25,552 - rs_scheduler - INFO - Live signal generator initialized successfully
2025-10-07 17:00:25,553 - rs_scheduler - INFO - RS Strategy Scheduler initialized with database: C:\Users\Mohit Sharma\Downloads\WealthAI\WealthAI\wealthai1-backend\Strategies\rsStrategy\nifty500_data_with_metadata.sqlite
2025-10-07 17:00:25,554 - rs_scheduler - INFO - Starting RS Strategy Scheduler...
2025-10-07 17:00:25,555 - rs_scheduler - INFO - Setting up RS Strategy Scheduler...
2025-10-07 17:00:25,558 - rs_scheduler - INFO - Scheduled 2 jobs:
2025-10-07 17:00:25,558 - rs_scheduler - INFO -   - rs_eod_fetch: RS Strategy EOD Data Fetch at 5:05 PM (Next: Not scheduled)
2025-10-07 17:00:25,559 - rs_scheduler - INFO -   - rs_signal_generation: RS Strategy Signal Generation at 4:30 PM Friday (Next: Not scheduled)
2025-10-07 17:00:25,559 - rs_scheduler - INFO - RS Strategy Scheduler setup completed successfully
2025-10-07 17:00:25,560 - rs_scheduler - INFO - RS Strategy Scheduler started successfully
2025-10-07 17:00:25,561 - rs_scheduler - INFO - EOD data fetch: Daily at 11:08 PM IST
2025-10-07 17:00:25,562 - rs_scheduler - INFO - Signal generation: Daily at 11:15 PM IST
2025-10-07 17:05:00,022 - rs_scheduler - INFO - Starting EOD data fetch job...
2025-10-07 17:07:08,821 - rs_scheduler - INFO - EOD data fetch completed: 498 successful, 1 failed
2025-10-07 17:07:08,828 - rs_scheduler - INFO - Job rs_eod_fetch completed successfully
2025-10-07 17:44:36,872 - rs_scheduler - INFO - RS Strategy Scheduler stopped successfully
2025-10-08 12:00:10,139 - rs_scheduler - INFO - EOD data fetcher initialized successfully
2025-10-08 12:00:10,155 - rs_scheduler - INFO - Live signal generator initialized successfully
2025-10-08 12:00:10,170 - rs_scheduler - INFO - RS Strategy Scheduler initialized with database: C:\Users\Mohit Sharma\Downloads\WealthAI\WealthAI\wealthai1-backend\Strategies\rsStrategy\nifty500_data_with_metadata.sqlite
2025-10-08 12:00:10,217 - rs_scheduler - INFO - Starting RS Strategy Scheduler...
2025-10-08 12:00:10,219 - rs_scheduler - INFO - Setting up RS Strategy Scheduler...
2025-10-08 12:00:10,283 - rs_scheduler - INFO - Scheduled 2 jobs:
2025-10-08 12:00:10,288 - rs_scheduler - INFO -   - rs_eod_fetch: RS Strategy EOD Data Fetch at 5:05 PM (Next: Not scheduled)
2025-10-08 12:00:10,289 - rs_scheduler - INFO -   - rs_signal_generation: RS Strategy Signal Generation at 4:30 PM Friday (Next: Not scheduled)
2025-10-08 12:00:10,290 - rs_scheduler - INFO - RS Strategy Scheduler setup completed successfully
2025-10-08 12:00:10,291 - rs_scheduler - INFO - RS Strategy Scheduler started successfully
2025-10-08 12:00:10,292 - rs_scheduler - INFO - EOD data fetch: Daily at 11:08 PM IST
2025-10-08 12:00:10,301 - rs_scheduler - INFO - Signal generation: Daily at 11:15 PM IST
2025-10-08 14:27:32,401 - rs_scheduler - INFO - RS Strategy Scheduler stopped successfully
2025-10-08 14:39:23,317 - rs_scheduler - INFO - EOD data fetcher initialized successfully
2025-10-08 14:39:23,320 - rs_scheduler - INFO - Live signal generator initialized successfully
2025-10-08 14:39:23,321 - rs_scheduler - INFO - RS Strategy Scheduler initialized with database: C:\Users\Mohit Sharma\Downloads\WealthAI\WealthAI\wealthai1-backend\Strategies\rsStrategy\nifty500_data_with_metadata.sqlite
2025-10-08 14:39:23,321 - rs_scheduler - INFO - Starting RS Strategy Scheduler...
2025-10-08 14:39:23,326 - rs_scheduler - INFO - Setting up RS Strategy Scheduler...
2025-10-08 14:39:23,330 - rs_scheduler - INFO - Scheduled 2 jobs:
2025-10-08 14:39:23,331 - rs_scheduler - INFO -   - rs_eod_fetch: RS Strategy EOD Data Fetch at 5:05 PM (Next: Not scheduled)
2025-10-08 14:39:23,331 - rs_scheduler - INFO -   - rs_signal_generation: RS Strategy Signal Generation at 4:30 PM Friday (Next: Not scheduled)
2025-10-08 14:39:23,332 - rs_scheduler - INFO - RS Strategy Scheduler setup completed successfully
2025-10-08 14:39:23,332 - rs_scheduler - INFO - RS Strategy Scheduler started successfully
2025-10-08 14:39:23,332 - rs_scheduler - INFO - EOD data fetch: Daily at 11:08 PM IST
2025-10-08 14:39:23,333 - rs_scheduler - INFO - Signal generation: Daily at 11:15 PM IST
2025-10-08 15:14:18,614 - rs_scheduler - INFO - RS Strategy Scheduler stopped successfully
2025-10-08 15:16:36,553 - rs_scheduler - INFO - EOD data fetcher initialized successfully
2025-10-08 15:16:36,557 - rs_scheduler - INFO - Live signal generator initialized successfully
2025-10-08 15:16:36,563 - rs_scheduler - INFO - RS Strategy Scheduler initialized with database: C:\Users\Mohit Sharma\Downloads\WealthAI\WealthAI\wealthai1-backend\Strategies\rsStrategy\nifty500_data_with_metadata.sqlite
2025-10-08 15:16:36,569 - rs_scheduler - INFO - Starting RS Strategy Scheduler...
2025-10-08 15:16:36,572 - rs_scheduler - INFO - Setting up RS Strategy Scheduler...
2025-10-08 15:16:36,597 - rs_scheduler - INFO - Scheduled 2 jobs:
2025-10-08 15:16:36,603 - rs_scheduler - INFO -   - rs_eod_fetch: RS Strategy EOD Data Fetch at 5:05 PM (Next: Not scheduled)
2025-10-08 15:16:36,618 - rs_scheduler - INFO -   - rs_signal_generation: RS Strategy Signal Generation at 4:30 PM Friday (Next: Not scheduled)
2025-10-08 15:16:36,620 - rs_scheduler - INFO - RS Strategy Scheduler setup completed successfully
2025-10-08 15:16:36,623 - rs_scheduler - INFO - RS Strategy Scheduler started successfully
2025-10-08 15:16:36,637 - rs_scheduler - INFO - EOD data fetch: Daily at 11:08 PM IST
2025-10-08 15:16:36,638 - rs_scheduler - INFO - Signal generation: Daily at 11:15 PM IST
2025-10-08 16:43:43,828 - rs_scheduler - INFO - EOD data fetcher initialized successfully
2025-10-08 16:43:43,832 - rs_scheduler - INFO - Live signal generator initialized successfully
2025-10-08 16:43:43,833 - rs_scheduler - INFO - RS Strategy Scheduler initialized with database: C:\Users\Mohit Sharma\Downloads\WealthAI\WealthAI\wealthai1-backend\Strategies\rsStrategy\nifty500_data_with_metadata.sqlite
2025-10-08 16:43:43,834 - rs_scheduler - INFO - Starting RS Strategy Scheduler...
2025-10-08 16:43:43,835 - rs_scheduler - INFO - Setting up RS Strategy Scheduler...
2025-10-08 16:43:43,847 - rs_scheduler - INFO - Scheduled 2 jobs:
2025-10-08 16:43:43,851 - rs_scheduler - INFO -   - rs_eod_fetch: RS Strategy EOD Data Fetch at 5:05 PM (Next: Not scheduled)
2025-10-08 16:43:43,856 - rs_scheduler - INFO -   - rs_signal_generation: RS Strategy Signal Generation at 4:30 PM Friday (Next: Not scheduled)
2025-10-08 16:43:43,859 - rs_scheduler - INFO - RS Strategy Scheduler setup completed successfully
2025-10-08 16:43:43,860 - rs_scheduler - INFO - RS Strategy Scheduler started successfully
2025-10-08 16:43:43,861 - rs_scheduler - INFO - EOD data fetch: Daily at 11:08 PM IST
2025-10-08 16:43:43,862 - rs_scheduler - INFO - Signal generation: Daily at 11:15 PM IST
2025-10-08 17:05:00,078 - rs_scheduler - INFO - Starting EOD data fetch job...
2025-10-08 17:06:47,705 - rs_scheduler - INFO - EOD data fetch completed: 498 successful, 1 failed
2025-10-08 17:06:47,708 - rs_scheduler - INFO - Job rs_eod_fetch completed successfully
2025-10-08 17:22:30,354 - rs_scheduler - INFO - RS Strategy Scheduler stopped successfully
2025-10-08 17:23:24,391 - rs_scheduler - INFO - EOD data fetcher initialized successfully
2025-10-08 17:23:24,395 - rs_scheduler - INFO - Live signal generator initialized successfully
2025-10-08 17:23:24,398 - rs_scheduler - INFO - RS Strategy Scheduler initialized with database: C:\Users\Mohit Sharma\Downloads\WealthAI\WealthAI\wealthai1-backend\Strategies\rsStrategy\nifty500_data_with_metadata.sqlite
2025-10-08 17:23:24,403 - rs_scheduler - INFO - Starting RS Strategy Scheduler...
2025-10-08 17:23:24,412 - rs_scheduler - INFO - Setting up RS Strategy Scheduler...
2025-10-08 17:23:24,441 - rs_scheduler - INFO - Scheduled 2 jobs:
2025-10-08 17:23:24,446 - rs_scheduler - INFO -   - rs_eod_fetch: RS Strategy EOD Data Fetch at 5:05 PM (Next: Not scheduled)
2025-10-08 17:23:24,462 - rs_scheduler - INFO -   - rs_signal_generation: RS Strategy Signal Generation at 4:30 PM Friday (Next: Not scheduled)
2025-10-08 17:23:24,473 - rs_scheduler - INFO - RS Strategy Scheduler setup completed successfully
2025-10-08 17:23:24,477 - rs_scheduler - INFO - RS Strategy Scheduler started successfully
2025-10-08 17:23:24,486 - rs_scheduler - INFO - EOD data fetch: Daily at 11:08 PM IST
2025-10-08 17:23:24,490 - rs_scheduler - INFO - Signal generation: Daily at 11:15 PM IST
2025-10-08 21:29:06,511 - rs_scheduler - INFO - EOD data fetcher initialized successfully
2025-10-08 21:29:06,514 - rs_scheduler - INFO - Live signal generator initialized successfully
2025-10-08 21:29:06,514 - rs_scheduler - INFO - RS Strategy Scheduler initialized with database: C:\Users\Asus\Downloads\WealthAI\WealthAI\WealthAI\wealthai1-backend\Strategies\rsStrategy\nifty500_data_with_metadata.sqlite
2025-10-08 21:29:06,514 - rs_scheduler - INFO - Starting RS Strategy Scheduler...
2025-10-08 21:29:06,515 - rs_scheduler - INFO - Setting up RS Strategy Scheduler...
2025-10-08 21:29:06,516 - rs_scheduler - INFO - Scheduled 2 jobs:
2025-10-08 21:29:06,516 - rs_scheduler - INFO -   - rs_eod_fetch: RS Strategy EOD Data Fetch at 5:05 PM (Next: Not scheduled)
2025-10-08 21:29:06,516 - rs_scheduler - INFO -   - rs_signal_generation: RS Strategy Signal Generation at 4:30 PM Friday (Next: Not scheduled)
2025-10-08 21:29:06,517 - rs_scheduler - INFO - RS Strategy Scheduler setup completed successfully
2025-10-08 21:29:06,517 - rs_scheduler - INFO - RS Strategy Scheduler started successfully
2025-10-08 21:29:06,517 - rs_scheduler - INFO - EOD data fetch: Daily at 11:08 PM IST
2025-10-08 21:29:06,517 - rs_scheduler - INFO - Signal generation: Daily at 11:15 PM IST
2025-10-08 21:33:05,420 - rs_scheduler - INFO - EOD data fetcher initialized successfully
2025-10-08 21:33:05,423 - rs_scheduler - INFO - Live signal generator initialized successfully
2025-10-08 21:33:05,423 - rs_scheduler - INFO - RS Strategy Scheduler initialized with database: C:\Users\Asus\Downloads\WealthAI\WealthAI\WealthAI\wealthai1-backend\Strategies\rsStrategy\nifty500_data_with_metadata.sqlite
2025-10-08 21:33:05,424 - rs_scheduler - INFO - Starting RS Strategy Scheduler...
2025-10-08 21:33:05,424 - rs_scheduler - INFO - Setting up RS Strategy Scheduler...
2025-10-08 21:33:05,426 - rs_scheduler - INFO - Scheduled 2 jobs:
2025-10-08 21:33:05,426 - rs_scheduler - INFO -   - rs_eod_fetch: RS Strategy EOD Data Fetch at 5:05 PM (Next: Not scheduled)
2025-10-08 21:33:05,427 - rs_scheduler - INFO -   - rs_signal_generation: RS Strategy Signal Generation at 4:30 PM Friday (Next: Not scheduled)
2025-10-08 21:33:05,427 - rs_scheduler - INFO - RS Strategy Scheduler setup completed successfully
2025-10-08 21:33:05,427 - rs_scheduler - INFO - RS Strategy Scheduler started successfully
2025-10-08 21:33:05,428 - rs_scheduler - INFO - EOD data fetch: Daily at 11:08 PM IST
2025-10-08 21:33:05,428 - rs_scheduler - INFO - Signal generation: Daily at 11:15 PM IST
2025-10-08 21:58:41,611 - rs_scheduler - INFO - RS Strategy Scheduler stopped successfully
2025-10-08 22:41:52,079 - rs_scheduler - INFO - EOD data fetcher initialized successfully
2025-10-08 22:41:52,089 - rs_scheduler - INFO - Live signal generator initialized successfully
2025-10-08 22:41:52,093 - rs_scheduler - INFO - RS Strategy Scheduler initialized with database: C:\Users\rachi\OneDrive\Documents\New folder\WealthAI\WealthAI\wealthai1-backend\Strategies\rsStrategy\nifty500_data_with_metadata.sqlite
2025-10-08 22:41:52,095 - rs_scheduler - INFO - Starting RS Strategy Scheduler...
2025-10-08 22:41:52,100 - rs_scheduler - INFO - Setting up RS Strategy Scheduler...
2025-10-08 22:41:52,109 - rs_scheduler - INFO - Scheduled 2 jobs:
2025-10-08 22:41:52,111 - rs_scheduler - INFO -   - rs_eod_fetch: RS Strategy EOD Data Fetch at 5:05 PM (Next: Not scheduled)
2025-10-08 22:41:52,113 - rs_scheduler - INFO -   - rs_signal_generation: RS Strategy Signal Generation at 4:30 PM Friday (Next: Not scheduled)
2025-10-08 22:41:52,118 - rs_scheduler - INFO - RS Strategy Scheduler setup completed successfully
2025-10-08 22:41:52,120 - rs_scheduler - INFO - RS Strategy Scheduler started successfully
2025-10-08 22:41:52,122 - rs_scheduler - INFO - EOD data fetch: Daily at 11:08 PM IST
2025-10-08 22:41:52,124 - rs_scheduler - INFO - Signal generation: Daily at 11:15 PM IST
2025-10-08 22:41:57,192 - rs_scheduler - INFO - RS Strategy Scheduler stopped successfully
2025-10-08 22:43:07,706 - rs_scheduler - INFO - EOD data fetcher initialized successfully
2025-10-08 22:43:07,711 - rs_scheduler - INFO - Live signal generator initialized successfully
2025-10-08 22:43:07,713 - rs_scheduler - INFO - RS Strategy Scheduler initialized with database: C:\Users\rachi\OneDrive\Documents\New folder\WealthAI\WealthAI\wealthai1-backend\Strategies\rsStrategy\nifty500_data_with_metadata.sqlite
2025-10-08 22:43:07,715 - rs_scheduler - INFO - Starting RS Strategy Scheduler...
2025-10-08 22:43:07,718 - rs_scheduler - INFO - Setting up RS Strategy Scheduler...
2025-10-08 22:43:07,734 - rs_scheduler - INFO - Scheduled 2 jobs:
2025-10-08 22:43:07,735 - rs_scheduler - INFO -   - rs_eod_fetch: RS Strategy EOD Data Fetch at 5:05 PM (Next: Not scheduled)
2025-10-08 22:43:07,736 - rs_scheduler - INFO -   - rs_signal_generation: RS Strategy Signal Generation at 4:30 PM Friday (Next: Not scheduled)
2025-10-08 22:43:07,737 - rs_scheduler - INFO - RS Strategy Scheduler setup completed successfully
2025-10-08 22:43:07,738 - rs_scheduler - INFO - RS Strategy Scheduler started successfully
2025-10-08 22:43:07,738 - rs_scheduler - INFO - EOD data fetch: Daily at 11:08 PM IST
2025-10-08 22:43:07,742 - rs_scheduler - INFO - Signal generation: Daily at 11:15 PM IST
2025-10-08 23:33:29,764 - rs_scheduler - INFO - RS Strategy Scheduler stopped successfully
2025-10-08 23:33:55,930 - rs_scheduler - INFO - EOD data fetcher initialized successfully
2025-10-08 23:33:55,954 - rs_scheduler - INFO - Live signal generator initialized successfully
2025-10-08 23:33:55,958 - rs_scheduler - INFO - RS Strategy Scheduler initialized with database: C:\Users\rachi\OneDrive\Documents\New folder\WealthAI\WealthAI\wealthai1-backend\Strategies\rsStrategy\nifty500_data_with_metadata.sqlite
2025-10-08 23:33:55,974 - rs_scheduler - INFO - Starting RS Strategy Scheduler...
2025-10-08 23:33:55,986 - rs_scheduler - INFO - Setting up RS Strategy Scheduler...
2025-10-08 23:33:56,008 - rs_scheduler - INFO - Scheduled 2 jobs:
2025-10-08 23:33:56,037 - rs_scheduler - INFO -   - rs_eod_fetch: RS Strategy EOD Data Fetch at 5:05 PM (Next: Not scheduled)
2025-10-08 23:33:56,044 - rs_scheduler - INFO -   - rs_signal_generation: RS Strategy Signal Generation at 4:30 PM Friday (Next: Not scheduled)
2025-10-08 23:33:56,057 - rs_scheduler - INFO - RS Strategy Scheduler setup completed successfully
2025-10-08 23:33:56,060 - rs_scheduler - INFO - RS Strategy Scheduler started successfully
2025-10-08 23:33:56,073 - rs_scheduler - INFO - EOD data fetch: Daily at 11:08 PM IST
2025-10-08 23:33:56,081 - rs_scheduler - INFO - Signal generation: Daily at 11:15 PM IST
2025-10-09 16:13:14,248 - rs_scheduler - INFO - EOD data fetcher initialized successfully
2025-10-09 16:13:14,254 - rs_scheduler - INFO - Live signal generator initialized successfully
2025-10-09 16:13:14,256 - rs_scheduler - INFO - RS Strategy Scheduler initialized with database: C:\Users\rachi\OneDrive\Documents\New folder\WealthAI\WealthAI\wealthai1-backend\Strategies\rsStrategy\nifty500_data_with_metadata.sqlite
2025-10-09 16:13:14,257 - rs_scheduler - INFO - Starting RS Strategy Scheduler...
2025-10-09 16:13:14,259 - rs_scheduler - INFO - Setting up RS Strategy Scheduler...
2025-10-09 16:13:14,265 - rs_scheduler - INFO - Scheduled 2 jobs:
2025-10-09 16:13:14,355 - rs_scheduler - INFO -   - rs_eod_fetch: RS Strategy EOD Data Fetch at 5:05 PM (Next: Not scheduled)
2025-10-09 16:13:14,358 - rs_scheduler - INFO -   - rs_signal_generation: RS Strategy Signal Generation at 4:30 PM Friday (Next: Not scheduled)
2025-10-09 16:13:14,362 - rs_scheduler - INFO - RS Strategy Scheduler setup completed successfully
2025-10-09 16:13:14,369 - rs_scheduler - INFO - RS Strategy Scheduler started successfully
2025-10-09 16:13:14,370 - rs_scheduler - INFO - EOD data fetch: Daily at 11:08 PM IST
2025-10-09 16:13:14,371 - rs_scheduler - INFO - Signal generation: Daily at 11:15 PM IST
2025-10-09 17:05:00,109 - rs_scheduler - INFO - Starting EOD data fetch job...
2025-10-09 17:06:55,142 - rs_scheduler - INFO - EOD data fetch completed: 498 successful, 1 failed
2025-10-09 17:06:55,143 - rs_scheduler - INFO - Job rs_eod_fetch completed successfully
2025-10-10 15:52:28,160 - rs_scheduler - INFO - RS Strategy Scheduler stopped successfully
2025-10-10 15:53:06,502 - rs_scheduler - INFO - EOD data fetcher initialized successfully
2025-10-10 15:53:06,515 - rs_scheduler - INFO - Live signal generator initialized successfully
2025-10-10 15:53:06,517 - rs_scheduler - INFO - RS Strategy Scheduler initialized with database: C:\Users\rachi\OneDrive\Documents\New folder\WealthAI\WealthAI\wealthai1-backend\Strategies\rsStrategy\nifty500_data_with_metadata.sqlite
2025-10-10 15:53:06,520 - rs_scheduler - INFO - Starting RS Strategy Scheduler...
2025-10-10 15:53:06,523 - rs_scheduler - INFO - Setting up RS Strategy Scheduler...
2025-10-10 15:53:06,526 - rs_scheduler - INFO - Scheduled 2 jobs:
2025-10-10 15:53:06,536 - rs_scheduler - INFO -   - rs_eod_fetch: RS Strategy EOD Data Fetch at 4:05 PM (Next: Not scheduled)
2025-10-10 15:53:06,543 - rs_scheduler - INFO -   - rs_signal_generation: RS Strategy Signal Generation at 4:30 PM Friday (Next: Not scheduled)
2025-10-10 15:53:06,545 - rs_scheduler - INFO - RS Strategy Scheduler setup completed successfully
2025-10-10 15:53:06,548 - rs_scheduler - INFO - RS Strategy Scheduler started successfully
2025-10-10 15:53:06,556 - rs_scheduler - INFO - EOD data fetch: Daily at 4:05 PM IST
2025-10-10 15:53:06,559 - rs_scheduler - INFO - Signal generation: Friday at 4:30 PM IST
2025-10-10 16:05:00,033 - rs_scheduler - INFO - Starting EOD data fetch job...
2025-10-10 16:06:55,536 - rs_scheduler - INFO - EOD data fetch completed: 498 successful, 1 failed
2025-10-10 16:06:55,537 - rs_scheduler - INFO - Job rs_eod_fetch completed successfully
2025-10-10 16:30:00,062 - rs_scheduler - INFO - Starting live signal generation job...
2025-10-10 16:30:06,629 - rs_scheduler - INFO - Live signal generation completed: 40 signals generated
2025-10-10 16:30:06,635 - rs_scheduler - INFO - Job rs_signal_generation completed successfully
2025-10-11 09:07:31,290 - rs_scheduler - INFO - RS Strategy Scheduler stopped successfully
2025-10-11 09:07:59,210 - rs_scheduler - INFO - EOD data fetcher initialized successfully
2025-10-11 09:07:59,221 - rs_scheduler - INFO - Live signal generator initialized successfully
2025-10-11 09:07:59,223 - rs_scheduler - INFO - RS Strategy Scheduler initialized with database: C:\Users\rachi\OneDrive\Documents\New folder\WealthAI\WealthAI\wealthai1-backend\Strategies\rsStrategy\nifty500_data_with_metadata.sqlite
2025-10-11 09:07:59,224 - rs_scheduler - INFO - Starting RS Strategy Scheduler...
2025-10-11 09:07:59,226 - rs_scheduler - INFO - Setting up RS Strategy Scheduler...
2025-10-11 09:07:59,234 - rs_scheduler - INFO - Scheduled 2 jobs:
2025-10-11 09:07:59,237 - rs_scheduler - INFO -   - rs_eod_fetch: RS Strategy EOD Data Fetch at 4:05 PM (Next: Not scheduled)
2025-10-11 09:07:59,241 - rs_scheduler - INFO -   - rs_signal_generation: RS Strategy Signal Generation at 4:30 PM Friday (Next: Not scheduled)
2025-10-11 09:07:59,242 - rs_scheduler - INFO - RS Strategy Scheduler setup completed successfully
2025-10-11 09:07:59,244 - rs_scheduler - INFO - RS Strategy Scheduler started successfully
2025-10-11 09:07:59,252 - rs_scheduler - INFO - EOD data fetch: Daily at 4:05 PM IST
2025-10-11 09:07:59,253 - rs_scheduler - INFO - Signal generation: Friday at 4:30 PM IST
2025-10-11 09:18:14,127 - rs_scheduler - INFO - RS Strategy Scheduler stopped successfully
2025-10-11 09:18:28,762 - rs_scheduler - INFO - EOD data fetcher initialized successfully
2025-10-11 09:18:28,776 - rs_scheduler - INFO - Live signal generator initialized successfully
2025-10-11 09:18:28,779 - rs_scheduler - INFO - RS Strategy Scheduler initialized with database: C:\Users\rachi\OneDrive\Documents\New folder\WealthAI\WealthAI\wealthai1-backend\Strategies\rsStrategy\nifty500_data_with_metadata.sqlite
2025-10-11 09:18:28,783 - rs_scheduler - INFO - Starting RS Strategy Scheduler...
2025-10-11 09:18:28,785 - rs_scheduler - INFO - Setting up RS Strategy Scheduler...
2025-10-11 09:18:28,797 - rs_scheduler - INFO - Scheduled 2 jobs:
2025-10-11 09:18:28,800 - rs_scheduler - INFO -   - rs_eod_fetch: RS Strategy EOD Data Fetch at 4:05 PM (Next: Not scheduled)
2025-10-11 09:18:28,801 - rs_scheduler - INFO -   - rs_signal_generation: RS Strategy Signal Generation at 4:30 PM Friday (Next: Not scheduled)
2025-10-11 09:18:28,802 - rs_scheduler - INFO - RS Strategy Scheduler setup completed successfully
2025-10-11 09:18:28,803 - rs_scheduler - INFO - RS Strategy Scheduler started successfully
2025-10-11 09:18:28,803 - rs_scheduler - INFO - EOD data fetch: Daily at 4:05 PM IST
2025-10-11 09:18:28,804 - rs_scheduler - INFO - Signal generation: Friday at 4:30 PM IST
2025-10-13 22:34:55,162 - rs_scheduler - INFO - EOD data fetcher initialized successfully
2025-10-13 22:34:55,167 - rs_scheduler - INFO - Live signal generator initialized successfully
2025-10-13 22:34:55,168 - rs_scheduler - INFO - RS Strategy Scheduler initialized with database: C:\Users\Lenovo\Desktop\WealthAI\wealthai1-backend\Strategies\rsStrategy\nifty500_data_with_metadata.sqlite
2025-10-13 22:34:55,170 - rs_scheduler - INFO - Starting RS Strategy Scheduler...
2025-10-13 22:34:55,171 - rs_scheduler - INFO - Setting up RS Strategy Scheduler...
2025-10-13 22:34:55,174 - rs_scheduler - INFO - Scheduled 2 jobs:
2025-10-13 22:34:55,182 - rs_scheduler - INFO -   - rs_eod_fetch: RS Strategy EOD Data Fetch at 4:05 PM (Next: Not scheduled)
2025-10-13 22:34:55,183 - rs_scheduler - INFO -   - rs_signal_generation: RS Strategy Signal Generation at 4:30 PM Friday (Next: Not scheduled)
2025-10-13 22:34:55,184 - rs_scheduler - INFO - RS Strategy Scheduler setup completed successfully
2025-10-13 22:34:55,185 - rs_scheduler - INFO - RS Strategy Scheduler started successfully
2025-10-13 22:34:55,186 - rs_scheduler - INFO - EOD data fetch: Daily at 4:05 PM IST
2025-10-13 22:34:55,187 - rs_scheduler - INFO - Signal generation: Friday at 4:30 PM IST
2025-10-13 22:35:01,927 - rs_scheduler - INFO - RS Strategy Scheduler stopped successfully
2025-10-13 22:35:26,492 - rs_scheduler - INFO - EOD data fetcher initialized successfully
2025-10-13 22:35:26,498 - rs_scheduler - INFO - Live signal generator initialized successfully
2025-10-13 22:35:26,500 - rs_scheduler - INFO - RS Strategy Scheduler initialized with database: C:\Users\Lenovo\Desktop\WealthAI\wealthai1-backend\Strategies\rsStrategy\nifty500_data_with_metadata.sqlite
2025-10-13 22:35:26,504 - rs_scheduler - INFO - Starting RS Strategy Scheduler...
2025-10-13 22:35:26,505 - rs_scheduler - INFO - Setting up RS Strategy Scheduler...
2025-10-13 22:35:26,508 - rs_scheduler - INFO - Scheduled 2 jobs:
2025-10-13 22:35:26,509 - rs_scheduler - INFO -   - rs_eod_fetch: RS Strategy EOD Data Fetch at 4:05 PM (Next: Not scheduled)
2025-10-13 22:35:26,510 - rs_scheduler - INFO -   - rs_signal_generation: RS Strategy Signal Generation at 4:30 PM Friday (Next: Not scheduled)
2025-10-13 22:35:26,510 - rs_scheduler - INFO - RS Strategy Scheduler setup completed successfully
2025-10-13 22:35:26,512 - rs_scheduler - INFO - RS Strategy Scheduler started successfully
2025-10-13 22:35:26,516 - rs_scheduler - INFO - EOD data fetch: Daily at 4:05 PM IST
2025-10-13 22:35:26,517 - rs_scheduler - INFO - Signal generation: Friday at 4:30 PM IST
2025-10-13 22:35:26,666 - rs_scheduler - INFO - RS Strategy Scheduler stopped successfully
2025-10-13 22:35:58,865 - rs_scheduler - INFO - EOD data fetcher initialized successfully
2025-10-13 22:35:58,872 - rs_scheduler - INFO - Live signal generator initialized successfully
2025-10-13 22:35:58,873 - rs_scheduler - INFO - RS Strategy Scheduler initialized with database: C:\Users\Lenovo\Desktop\WealthAI\wealthai1-backend\Strategies\rsStrategy\nifty500_data_with_metadata.sqlite
2025-10-13 22:35:58,875 - rs_scheduler - INFO - Starting RS Strategy Scheduler...
2025-10-13 22:35:58,876 - rs_scheduler - INFO - Setting up RS Strategy Scheduler...
2025-10-13 22:35:58,880 - rs_scheduler - INFO - Scheduled 2 jobs:
2025-10-13 22:35:58,883 - rs_scheduler - INFO -   - rs_eod_fetch: RS Strategy EOD Data Fetch at 4:05 PM (Next: Not scheduled)
2025-10-13 22:35:58,885 - rs_scheduler - INFO -   - rs_signal_generation: RS Strategy Signal Generation at 4:30 PM Friday (Next: Not scheduled)
2025-10-13 22:35:58,885 - rs_scheduler - INFO - RS Strategy Scheduler setup completed successfully
2025-10-13 22:35:58,886 - rs_scheduler - INFO - RS Strategy Scheduler started successfully
2025-10-13 22:35:58,887 - rs_scheduler - INFO - EOD data fetch: Daily at 4:05 PM IST
2025-10-13 22:35:58,889 - rs_scheduler - INFO - Signal generation: Friday at 4:30 PM IST
2025-10-14 00:06:01,170 - rs_scheduler - INFO - EOD data fetcher initialized successfully
2025-10-14 00:06:01,177 - rs_scheduler - INFO - Live signal generator initialized successfully
2025-10-14 00:06:01,179 - rs_scheduler - INFO - RS Strategy Scheduler initialized with database: C:\Users\Lenovo\Desktop\WealthAI\wealthai1-backend\Strategies\rsStrategy\nifty500_data_with_metadata.sqlite
2025-10-14 00:06:01,179 - rs_scheduler - INFO - Running manual EOD data fetch...
2025-10-14 00:06:01,180 - rs_scheduler - INFO - Starting EOD data fetch job...
2025-10-14 00:06:01,182 - rs_scheduler - INFO - EOD data fetch completed: 0 successful, 0 failed
2025-10-14 09:58:17,347 - rs_scheduler - INFO - RS Strategy Scheduler stopped successfully
2025-10-14 12:09:05,718 - rs_scheduler - INFO - EOD data fetcher initialized successfully
2025-10-14 12:09:05,724 - rs_scheduler - INFO - Live signal generator initialized successfully
2025-10-14 12:09:05,725 - rs_scheduler - INFO - RS Strategy Scheduler initialized with database: C:\Users\Lenovo\Desktop\WealthAI\wealthai1-backend\Strategies\rsStrategy\nifty500_data_with_metadata.sqlite
2025-10-14 12:09:05,727 - rs_scheduler - INFO - Starting RS Strategy Scheduler...
2025-10-14 12:09:05,729 - rs_scheduler - INFO - Setting up RS Strategy Scheduler...
2025-10-14 12:09:05,733 - rs_scheduler - INFO - Scheduled 2 jobs:
2025-10-14 12:09:05,735 - rs_scheduler - INFO -   - rs_eod_fetch: RS Strategy EOD Data Fetch at 4:05 PM (Next: Not scheduled)
2025-10-14 12:09:05,736 - rs_scheduler - INFO -   - rs_signal_generation: RS Strategy Signal Generation at 4:30 PM Friday (Next: Not scheduled)
2025-10-14 12:09:05,738 - rs_scheduler - INFO - RS Strategy Scheduler setup completed successfully
2025-10-14 12:09:05,741 - rs_scheduler - INFO - RS Strategy Scheduler started successfully
2025-10-14 12:09:05,742 - rs_scheduler - INFO - EOD data fetch: Daily at 4:05 PM IST
2025-10-14 12:09:05,748 - rs_scheduler - INFO - Signal generation: Friday at 4:30 PM IST
2025-10-14 15:25:47,475 - rs_scheduler - INFO - EOD data fetcher initialized successfully
2025-10-14 15:25:47,480 - rs_scheduler - INFO - Live signal generator initialized successfully
2025-10-14 15:25:47,483 - rs_scheduler - INFO - RS Strategy Scheduler initialized with database: C:\Users\Lenovo\Desktop\WealthAI\wealthai1-backend\Strategies\rsStrategy\nifty500_data_with_metadata.sqlite
2025-10-14 15:25:47,484 - rs_scheduler - INFO - Starting RS Strategy Scheduler...
2025-10-14 15:25:47,485 - rs_scheduler - INFO - Setting up RS Strategy Scheduler...
2025-10-14 15:25:47,488 - rs_scheduler - INFO - Scheduled 2 jobs:
2025-10-14 15:25:47,489 - rs_scheduler - INFO -   - rs_eod_fetch: RS Strategy EOD Data Fetch at 4:05 PM (Next: Not scheduled)
2025-10-14 15:25:47,490 - rs_scheduler - INFO -   - rs_signal_generation: RS Strategy Signal Generation at 4:30 PM Friday (Next: Not scheduled)
2025-10-14 15:25:47,490 - rs_scheduler - INFO - RS Strategy Scheduler setup completed successfully
2025-10-14 15:25:47,491 - rs_scheduler - INFO - RS Strategy Scheduler started successfully
2025-10-14 15:25:47,492 - rs_scheduler - INFO - EOD data fetch: Daily at 4:05 PM IST
2025-10-14 15:25:47,493 - rs_scheduler - INFO - Signal generation: Friday at 4:30 PM IST
2025-10-14 15:25:53,301 - rs_scheduler - INFO - RS Strategy Scheduler stopped successfully
2025-10-14 15:26:37,428 - rs_scheduler - INFO - EOD data fetcher initialized successfully
2025-10-14 15:26:37,433 - rs_scheduler - INFO - Live signal generator initialized successfully
2025-10-14 15:26:37,435 - rs_scheduler - INFO - RS Strategy Scheduler initialized with database: C:\Users\Lenovo\Desktop\WealthAI\wealthai1-backend\Strategies\rsStrategy\nifty500_data_with_metadata.sqlite
2025-10-14 15:26:37,438 - rs_scheduler - INFO - Starting RS Strategy Scheduler...
2025-10-14 15:26:37,440 - rs_scheduler - INFO - Setting up RS Strategy Scheduler...
2025-10-14 15:26:37,443 - rs_scheduler - INFO - Scheduled 2 jobs:
2025-10-14 15:26:37,444 - rs_scheduler - INFO -   - rs_eod_fetch: RS Strategy EOD Data Fetch at 4:05 PM (Next: Not scheduled)
2025-10-14 15:26:37,445 - rs_scheduler - INFO -   - rs_signal_generation: RS Strategy Signal Generation at 4:30 PM Friday (Next: Not scheduled)
2025-10-14 15:26:37,445 - rs_scheduler - INFO - RS Strategy Scheduler setup completed successfully
2025-10-14 15:26:37,447 - rs_scheduler - INFO - RS Strategy Scheduler started successfully
2025-10-14 15:26:37,449 - rs_scheduler - INFO - EOD data fetch: Daily at 4:05 PM IST
2025-10-14 15:26:37,451 - rs_scheduler - INFO - Signal generation: Friday at 4:30 PM IST
2025-10-14 15:35:02,536 - rs_scheduler - INFO - RS Strategy Scheduler stopped successfully
2025-10-14 15:35:10,974 - rs_scheduler - INFO - EOD data fetcher initialized successfully
2025-10-14 15:35:10,981 - rs_scheduler - INFO - Live signal generator initialized successfully
2025-10-14 15:35:10,982 - rs_scheduler - INFO - RS Strategy Scheduler initialized with database: C:\Users\Lenovo\Desktop\WealthAI\wealthai1-backend\Strategies\rsStrategy\nifty500_data_with_metadata.sqlite
2025-10-14 15:35:10,984 - rs_scheduler - INFO - Starting RS Strategy Scheduler...
2025-10-14 15:35:10,985 - rs_scheduler - INFO - Setting up RS Strategy Scheduler...
2025-10-14 15:35:10,990 - rs_scheduler - INFO - Scheduled 2 jobs:
2025-10-14 15:35:10,997 - rs_scheduler - INFO -   - rs_eod_fetch: RS Strategy EOD Data Fetch at 4:05 PM (Next: Not scheduled)
2025-10-14 15:35:11,000 - rs_scheduler - INFO -   - rs_signal_generation: RS Strategy Signal Generation at 4:30 PM Friday (Next: Not scheduled)
2025-10-14 15:35:11,001 - rs_scheduler - INFO - RS Strategy Scheduler setup completed successfully
2025-10-14 15:35:11,005 - rs_scheduler - INFO - RS Strategy Scheduler started successfully
2025-10-14 15:35:11,009 - rs_scheduler - INFO - EOD data fetch: Daily at 4:05 PM IST
2025-10-14 15:35:11,010 - rs_scheduler - INFO - Signal generation: Friday at 4:30 PM IST
2025-10-14 16:05:00,008 - rs_scheduler - INFO - Starting EOD data fetch job...
2025-10-14 16:07:11,441 - rs_scheduler - INFO - EOD data fetch completed: 498 successful, 1 failed
2025-10-14 16:07:11,444 - rs_scheduler - INFO - Job rs_eod_fetch completed successfully
2025-10-15 11:56:59,010 - rs_scheduler - INFO - EOD data fetcher initialized successfully
2025-10-15 11:56:59,025 - rs_scheduler - INFO - EOD data fetcher initialized successfully
2025-10-15 11:56:59,089 - rs_scheduler - INFO - Live signal generator initialized successfully
2025-10-15 11:56:59,153 - rs_scheduler - INFO - RS Strategy Scheduler initialized with database: C:\Users\Dell\Downloads\WealthAI (2)\WealthAI\wealthai1-backend\Strategies\rsStrategy\nifty500_data_with_metadata.sqlite
2025-10-15 11:56:59,153 - rs_scheduler - INFO - Live signal generator initialized successfully
2025-10-15 11:56:59,188 - rs_scheduler - INFO - RS Strategy Scheduler initialized with database: C:\Users\Dell\Downloads\WealthAI (2)\WealthAI\wealthai1-backend\Strategies\rsStrategy\nifty500_data_with_metadata.sqlite
2025-10-15 11:56:59,191 - rs_scheduler - INFO - Starting RS Strategy Scheduler...
2025-10-15 11:56:59,293 - rs_scheduler - INFO - Setting up RS Strategy Scheduler...
2025-10-15 11:56:59,307 - rs_scheduler - INFO - Starting RS Strategy Scheduler...
2025-10-15 11:56:59,411 - rs_scheduler - INFO - Setting up RS Strategy Scheduler...
2025-10-15 11:56:59,527 - rs_scheduler - INFO - Scheduled 2 jobs:
2025-10-15 11:56:59,559 - rs_scheduler - INFO - Scheduled 2 jobs:
2025-10-15 11:56:59,559 - rs_scheduler - INFO -   - rs_eod_fetch: RS Strategy EOD Data Fetch at 4:05 PM (Next: Not scheduled)
2025-10-15 11:56:59,644 - rs_scheduler - INFO -   - rs_eod_fetch: RS Strategy EOD Data Fetch at 4:05 PM (Next: Not scheduled)
2025-10-15 11:56:59,644 - rs_scheduler - INFO -   - rs_signal_generation: RS Strategy Signal Generation at 4:30 PM Friday (Next: Not scheduled)
2025-10-15 11:56:59,674 - rs_scheduler - INFO -   - rs_signal_generation: RS Strategy Signal Generation at 4:30 PM Friday (Next: Not scheduled)
2025-10-15 11:56:59,674 - rs_scheduler - INFO - RS Strategy Scheduler setup completed successfully
2025-10-15 11:56:59,840 - rs_scheduler - INFO - RS Strategy Scheduler setup completed successfully
2025-10-15 11:56:59,843 - rs_scheduler - INFO - RS Strategy Scheduler started successfully
2025-10-15 11:57:00,083 - rs_scheduler - INFO - RS Strategy Scheduler started successfully
2025-10-15 11:57:00,107 - rs_scheduler - INFO - EOD data fetch: Daily at 4:05 PM IST
2025-10-15 11:57:00,177 - rs_scheduler - INFO - EOD data fetch: Daily at 4:05 PM IST
2025-10-15 11:57:00,185 - rs_scheduler - INFO - Signal generation: Friday at 4:30 PM IST
2025-10-15 11:57:00,210 - rs_scheduler - INFO - Signal generation: Friday at 4:30 PM IST
2025-10-15 11:57:14,279 - rs_scheduler - INFO - RS Strategy Scheduler stopped successfully
2025-10-15 11:58:29,210 - rs_scheduler - INFO - EOD data fetcher initialized successfully
2025-10-15 11:58:29,227 - rs_scheduler - INFO - Live signal generator initialized successfully
2025-10-15 11:58:29,239 - rs_scheduler - INFO - RS Strategy Scheduler initialized with database: C:\Users\Dell\Downloads\WealthAI (2)\WealthAI\wealthai1-backend\Strategies\rsStrategy\nifty500_data_with_metadata.sqlite
2025-10-15 11:58:29,241 - rs_scheduler - INFO - Starting RS Strategy Scheduler...
2025-10-15 11:58:29,251 - rs_scheduler - INFO - Setting up RS Strategy Scheduler...
2025-10-15 11:58:29,275 - rs_scheduler - INFO - Scheduled 2 jobs:
2025-10-15 11:58:29,276 - rs_scheduler - INFO -   - rs_eod_fetch: RS Strategy EOD Data Fetch at 4:05 PM (Next: Not scheduled)
2025-10-15 11:58:29,285 - rs_scheduler - INFO -   - rs_signal_generation: RS Strategy Signal Generation at 4:30 PM Friday (Next: Not scheduled)
2025-10-15 11:58:29,292 - rs_scheduler - INFO - RS Strategy Scheduler setup completed successfully
2025-10-15 11:58:29,303 - rs_scheduler - INFO - RS Strategy Scheduler started successfully
2025-10-15 11:58:29,310 - rs_scheduler - INFO - EOD data fetch: Daily at 4:05 PM IST
2025-10-15 11:58:29,319 - rs_scheduler - INFO - Signal generation: Friday at 4:30 PM IST
2025-10-15 11:59:41,768 - rs_scheduler - INFO - EOD data fetcher initialized successfully
2025-10-15 11:59:41,780 - rs_scheduler - INFO - Live signal generator initialized successfully
2025-10-15 11:59:41,782 - rs_scheduler - INFO - RS Strategy Scheduler initialized with database: C:\Users\Dell\Downloads\WealthAI (2)\WealthAI\wealthai1-backend\Strategies\rsStrategy\nifty500_data_with_metadata.sqlite
2025-10-15 11:59:41,783 - rs_scheduler - INFO - Starting RS Strategy Scheduler...
2025-10-15 11:59:41,784 - rs_scheduler - INFO - Setting up RS Strategy Scheduler...
2025-10-15 11:59:41,797 - rs_scheduler - INFO - Scheduled 2 jobs:
2025-10-15 11:59:41,806 - rs_scheduler - INFO -   - rs_eod_fetch: RS Strategy EOD Data Fetch at 4:05 PM (Next: Not scheduled)
2025-10-15 11:59:41,808 - rs_scheduler - INFO -   - rs_signal_generation: RS Strategy Signal Generation at 4:30 PM Friday (Next: Not scheduled)
2025-10-15 11:59:41,822 - rs_scheduler - INFO - RS Strategy Scheduler setup completed successfully
2025-10-15 11:59:41,824 - rs_scheduler - INFO - RS Strategy Scheduler started successfully
2025-10-15 11:59:41,833 - rs_scheduler - INFO - EOD data fetch: Daily at 4:05 PM IST
2025-10-15 11:59:41,834 - rs_scheduler - INFO - Signal generation: Friday at 4:30 PM IST
2025-10-15 11:59:41,934 - rs_scheduler - INFO - RS Strategy Scheduler stopped successfully
2025-10-15 12:00:25,547 - rs_scheduler - INFO - EOD data fetcher initialized successfully
2025-10-15 12:00:25,551 - rs_scheduler - INFO - Live signal generator initialized successfully
2025-10-15 12:00:25,555 - rs_scheduler - INFO - RS Strategy Scheduler initialized with database: C:\Users\Dell\Downloads\WealthAI (2)\WealthAI\wealthai1-backend\Strategies\rsStrategy\nifty500_data_with_metadata.sqlite
2025-10-15 12:00:25,564 - rs_scheduler - INFO - Starting RS Strategy Scheduler...
2025-10-15 12:00:25,565 - rs_scheduler - INFO - Setting up RS Strategy Scheduler...
2025-10-15 12:00:25,572 - rs_scheduler - INFO - Scheduled 2 jobs:
2025-10-15 12:00:25,575 - rs_scheduler - INFO -   - rs_eod_fetch: RS Strategy EOD Data Fetch at 4:05 PM (Next: Not scheduled)
2025-10-15 12:00:25,576 - rs_scheduler - INFO -   - rs_signal_generation: RS Strategy Signal Generation at 4:30 PM Friday (Next: Not scheduled)
2025-10-15 12:00:25,580 - rs_scheduler - INFO - RS Strategy Scheduler setup completed successfully
2025-10-15 12:00:25,585 - rs_scheduler - INFO - RS Strategy Scheduler started successfully
2025-10-15 12:00:25,589 - rs_scheduler - INFO - EOD data fetch: Daily at 4:05 PM IST
2025-10-15 12:00:25,591 - rs_scheduler - INFO - Signal generation: Friday at 4:30 PM IST
2025-10-15 12:00:25,749 - rs_scheduler - INFO - RS Strategy Scheduler stopped successfully
2025-10-15 12:00:46,583 - rs_scheduler - INFO - EOD data fetcher initialized successfully
2025-10-15 12:00:46,589 - rs_scheduler - INFO - Live signal generator initialized successfully
2025-10-15 12:00:46,590 - rs_scheduler - INFO - RS Strategy Scheduler initialized with database: C:\Users\Dell\Downloads\WealthAI (2)\WealthAI\wealthai1-backend\Strategies\rsStrategy\nifty500_data_with_metadata.sqlite
2025-10-15 12:00:46,591 - rs_scheduler - INFO - Starting RS Strategy Scheduler...
2025-10-15 12:00:46,592 - rs_scheduler - INFO - Setting up RS Strategy Scheduler...
2025-10-15 12:00:46,596 - rs_scheduler - INFO - Scheduled 2 jobs:
2025-10-15 12:00:46,597 - rs_scheduler - INFO -   - rs_eod_fetch: RS Strategy EOD Data Fetch at 4:05 PM (Next: Not scheduled)
2025-10-15 12:00:46,647 - rs_scheduler - INFO -   - rs_signal_generation: RS Strategy Signal Generation at 4:30 PM Friday (Next: Not scheduled)
2025-10-15 12:00:46,768 - rs_scheduler - INFO - RS Strategy Scheduler setup completed successfully
2025-10-15 12:00:46,805 - rs_scheduler - INFO - RS Strategy Scheduler started successfully
2025-10-15 12:00:46,853 - rs_scheduler - INFO - EOD data fetch: Daily at 4:05 PM IST
2025-10-15 12:00:46,862 - rs_scheduler - INFO - Signal generation: Friday at 4:30 PM IST
2025-10-15 12:41:07,802 - rs_scheduler - INFO - RS Strategy Scheduler stopped successfully
2025-10-15 12:43:08,449 - rs_scheduler - INFO - EOD data fetcher initialized successfully
2025-10-15 12:43:08,453 - rs_scheduler - INFO - Live signal generator initialized successfully
2025-10-15 12:43:08,455 - rs_scheduler - INFO - RS Strategy Scheduler initialized with database: C:\Users\Dell\Downloads\WealthAI (2)\WealthAI\wealthai1-backend\Strategies\rsStrategy\nifty500_data_with_metadata.sqlite
2025-10-15 12:43:08,457 - rs_scheduler - INFO - Starting RS Strategy Scheduler...
2025-10-15 12:43:08,458 - rs_scheduler - INFO - Setting up RS Strategy Scheduler...
2025-10-15 12:43:08,461 - rs_scheduler - INFO - Scheduled 2 jobs:
2025-10-15 12:43:08,463 - rs_scheduler - INFO -   - rs_eod_fetch: RS Strategy EOD Data Fetch at 4:05 PM (Next: Not scheduled)
2025-10-15 12:43:08,464 - rs_scheduler - INFO -   - rs_signal_generation: RS Strategy Signal Generation at 4:30 PM Friday (Next: Not scheduled)
2025-10-15 12:43:08,465 - rs_scheduler - INFO - RS Strategy Scheduler setup completed successfully
2025-10-15 12:43:08,466 - rs_scheduler - INFO - RS Strategy Scheduler started successfully
2025-10-15 12:43:08,468 - rs_scheduler - INFO - EOD data fetch: Daily at 4:05 PM IST
2025-10-15 12:43:08,469 - rs_scheduler - INFO - Signal generation: Friday at 4:30 PM IST
2025-10-15 12:48:02,827 - rs_scheduler - INFO - EOD data fetcher initialized successfully
2025-10-15 12:48:02,832 - rs_scheduler - INFO - Live signal generator initialized successfully
2025-10-15 12:48:02,833 - rs_scheduler - INFO - RS Strategy Scheduler initialized with database: C:\Users\Dell\Downloads\WealthAI (2)\WealthAI\wealthai1-backend\Strategies\rsStrategy\nifty500_data_with_metadata.sqlite
2025-10-15 12:48:02,834 - rs_scheduler - INFO - Starting RS Strategy Scheduler...
2025-10-15 12:48:02,835 - rs_scheduler - INFO - Setting up RS Strategy Scheduler...
2025-10-15 12:48:02,838 - rs_scheduler - INFO - Scheduled 2 jobs:
2025-10-15 12:48:02,839 - rs_scheduler - INFO -   - rs_eod_fetch: RS Strategy EOD Data Fetch at 4:05 PM (Next: Not scheduled)
2025-10-15 12:48:02,840 - rs_scheduler - INFO -   - rs_signal_generation: RS Strategy Signal Generation at 4:30 PM Friday (Next: Not scheduled)
2025-10-15 12:48:02,841 - rs_scheduler - INFO - RS Strategy Scheduler setup completed successfully
2025-10-15 12:48:02,842 - rs_scheduler - INFO - RS Strategy Scheduler started successfully
2025-10-15 12:48:02,843 - rs_scheduler - INFO - EOD data fetch: Daily at 4:05 PM IST
2025-10-15 12:48:02,844 - rs_scheduler - INFO - Signal generation: Friday at 4:30 PM IST
2025-10-15 12:48:58,393 - rs_scheduler - INFO - RS Strategy Scheduler stopped successfully
2025-10-15 12:49:05,902 - rs_scheduler - INFO - EOD data fetcher initialized successfully
2025-10-15 12:49:05,907 - rs_scheduler - INFO - Live signal generator initialized successfully
2025-10-15 12:49:05,908 - rs_scheduler - INFO - RS Strategy Scheduler initialized with database: C:\Users\Dell\Downloads\WealthAI (2)\WealthAI\wealthai1-backend\Strategies\rsStrategy\nifty500_data_with_metadata.sqlite
2025-10-15 12:49:05,909 - rs_scheduler - INFO - Starting RS Strategy Scheduler...
2025-10-15 12:49:05,912 - rs_scheduler - INFO - Setting up RS Strategy Scheduler...
2025-10-15 12:49:05,916 - rs_scheduler - INFO - Scheduled 2 jobs:
2025-10-15 12:49:05,920 - rs_scheduler - INFO -   - rs_eod_fetch: RS Strategy EOD Data Fetch at 4:05 PM (Next: Not scheduled)
2025-10-15 12:49:05,922 - rs_scheduler - INFO -   - rs_signal_generation: RS Strategy Signal Generation at 4:30 PM Friday (Next: Not scheduled)
2025-10-15 12:49:05,927 - rs_scheduler - INFO - RS Strategy Scheduler setup completed successfully
2025-10-15 12:49:05,928 - rs_scheduler - INFO - RS Strategy Scheduler started successfully
2025-10-15 12:49:05,929 - rs_scheduler - INFO - EOD data fetch: Daily at 4:05 PM IST
2025-10-15 12:49:05,930 - rs_scheduler - INFO - Signal generation: Friday at 4:30 PM IST
2025-10-15 13:19:25,124 - rs_scheduler - INFO - RS Strategy Scheduler stopped successfully
2025-10-15 13:21:19,697 - rs_scheduler - INFO - EOD data fetcher initialized successfully
2025-10-15 13:21:19,703 - rs_scheduler - INFO - Live signal generator initialized successfully
2025-10-15 13:21:19,704 - rs_scheduler - INFO - RS Strategy Scheduler initialized with database: C:\Users\Dell\Downloads\WealthAI (2)\WealthAI\wealthai1-backend\Strategies\rsStrategy\nifty500_data_with_metadata.sqlite
2025-10-15 13:21:19,716 - rs_scheduler - INFO - Starting RS Strategy Scheduler...
2025-10-15 13:21:19,722 - rs_scheduler - INFO - Setting up RS Strategy Scheduler...
2025-10-15 13:21:19,726 - rs_scheduler - INFO - Scheduled 2 jobs:
2025-10-15 13:21:19,731 - rs_scheduler - INFO -   - rs_eod_fetch: RS Strategy EOD Data Fetch at 4:05 PM (Next: Not scheduled)
2025-10-15 13:21:19,732 - rs_scheduler - INFO -   - rs_signal_generation: RS Strategy Signal Generation at 4:30 PM Friday (Next: Not scheduled)
2025-10-15 13:21:19,733 - rs_scheduler - INFO - RS Strategy Scheduler setup completed successfully
2025-10-15 13:21:19,734 - rs_scheduler - INFO - RS Strategy Scheduler started successfully
2025-10-15 13:21:19,735 - rs_scheduler - INFO - EOD data fetch: Daily at 4:05 PM IST
2025-10-15 13:21:19,736 - rs_scheduler - INFO - Signal generation: Friday at 4:30 PM IST
2025-10-15 14:21:23,455 - rs_scheduler - INFO - RS Strategy Scheduler stopped successfully
2025-10-15 14:46:57,680 - rs_scheduler - INFO - EOD data fetcher initialized successfully
2025-10-15 14:46:57,702 - rs_scheduler - INFO - Live signal generator initialized successfully
2025-10-15 14:46:57,714 - rs_scheduler - INFO - RS Strategy Scheduler initialized with database: C:\Users\Dell\Downloads\WealthAI (2)\WealthAI\wealthai1-backend\Strategies\rsStrategy\nifty500_data_with_metadata.sqlite
2025-10-15 14:46:57,729 - rs_scheduler - INFO - Starting RS Strategy Scheduler...
2025-10-15 14:46:57,763 - rs_scheduler - INFO - Setting up RS Strategy Scheduler...
2025-10-15 14:46:57,797 - rs_scheduler - INFO - Scheduled 2 jobs:
2025-10-15 14:46:57,803 - rs_scheduler - INFO -   - rs_eod_fetch: RS Strategy EOD Data Fetch at 4:05 PM (Next: Not scheduled)
2025-10-15 14:46:57,811 - rs_scheduler - INFO -   - rs_signal_generation: RS Strategy Signal Generation at 4:30 PM Friday (Next: Not scheduled)
2025-10-15 14:46:57,826 - rs_scheduler - INFO - RS Strategy Scheduler setup completed successfully
2025-10-15 14:46:57,829 - rs_scheduler - INFO - RS Strategy Scheduler started successfully
2025-10-15 14:46:57,830 - rs_scheduler - INFO - EOD data fetch: Daily at 4:05 PM IST
2025-10-15 14:46:57,863 - rs_scheduler - INFO - Signal generation: Friday at 4:30 PM IST
2025-10-15 15:02:24,882 - rs_scheduler - INFO - RS Strategy Scheduler stopped successfully
2025-10-15 15:02:32,567 - rs_scheduler - INFO - EOD data fetcher initialized successfully
2025-10-15 15:02:32,598 - rs_scheduler - INFO - Live signal generator initialized successfully
2025-10-15 15:02:32,612 - rs_scheduler - INFO - RS Strategy Scheduler initialized with database: C:\Users\Dell\Downloads\WealthAI (2)\WealthAI\wealthai1-backend\Strategies\rsStrategy\nifty500_data_with_metadata.sqlite
2025-10-15 15:02:32,623 - rs_scheduler - INFO - Starting RS Strategy Scheduler...
2025-10-15 15:02:32,626 - rs_scheduler - INFO - Setting up RS Strategy Scheduler...
2025-10-15 15:02:32,663 - rs_scheduler - INFO - Scheduled 2 jobs:
2025-10-15 15:02:32,667 - rs_scheduler - INFO -   - rs_eod_fetch: RS Strategy EOD Data Fetch at 4:05 PM (Next: Not scheduled)
2025-10-15 15:02:32,700 - rs_scheduler - INFO -   - rs_signal_generation: RS Strategy Signal Generation at 4:30 PM Friday (Next: Not scheduled)
2025-10-15 15:02:32,712 - rs_scheduler - INFO - RS Strategy Scheduler setup completed successfully
2025-10-15 15:02:32,721 - rs_scheduler - INFO - RS Strategy Scheduler started successfully
2025-10-15 15:02:32,724 - rs_scheduler - INFO - EOD data fetch: Daily at 4:05 PM IST
2025-10-15 15:02:32,727 - rs_scheduler - INFO - Signal generation: Friday at 4:30 PM IST
2025-10-15 16:05:00,022 - rs_scheduler - INFO - Starting EOD data fetch job...
2025-10-15 16:06:41,323 - rs_scheduler - INFO - EOD data fetch completed: 498 successful, 1 failed
2025-10-15 16:06:41,324 - rs_scheduler - INFO - Job rs_eod_fetch completed successfully
2025-10-15 16:09:54,923 - rs_scheduler - INFO - RS Strategy Scheduler stopped successfully
2025-10-15 16:10:05,010 - rs_scheduler - INFO - EOD data fetcher initialized successfully
2025-10-15 16:10:05,016 - rs_scheduler - INFO - Live signal generator initialized successfully
2025-10-15 16:10:05,017 - rs_scheduler - INFO - RS Strategy Scheduler initialized with database: C:\Users\Dell\Downloads\WealthAI (2)\WealthAI\wealthai1-backend\Strategies\rsStrategy\nifty500_data_with_metadata.sqlite
2025-10-15 16:10:05,020 - rs_scheduler - INFO - Starting RS Strategy Scheduler...
2025-10-15 16:10:05,022 - rs_scheduler - INFO - Setting up RS Strategy Scheduler...
2025-10-15 16:10:05,026 - rs_scheduler - INFO - Scheduled 2 jobs:
2025-10-15 16:10:05,028 - rs_scheduler - INFO -   - rs_eod_fetch: RS Strategy EOD Data Fetch at 4:05 PM (Next: Not scheduled)
2025-10-15 16:10:05,030 - rs_scheduler - INFO -   - rs_signal_generation: RS Strategy Signal Generation at 4:30 PM Friday (Next: Not scheduled)
2025-10-15 16:10:05,033 - rs_scheduler - INFO - RS Strategy Scheduler setup completed successfully
2025-10-15 16:10:05,046 - rs_scheduler - INFO - RS Strategy Scheduler started successfully
2025-10-15 16:10:05,049 - rs_scheduler - INFO - EOD data fetch: Daily at 4:05 PM IST
2025-10-15 16:10:05,051 - rs_scheduler - INFO - Signal generation: Friday at 4:30 PM IST
2025-10-15 19:15:00,729 - rs_scheduler - INFO - RS Strategy Scheduler stopped successfully
2025-10-15 19:15:12,768 - rs_scheduler - INFO - EOD data fetcher initialized successfully
2025-10-15 19:15:12,887 - rs_scheduler - INFO - Live signal generator initialized successfully
2025-10-15 19:15:12,918 - rs_scheduler - INFO - RS Strategy Scheduler initialized with database: C:\Users\Dell\Downloads\WealthAI (2)\WealthAI\wealthai1-backend\Strategies\rsStrategy\nifty500_data_with_metadata.sqlite
2025-10-15 19:15:13,054 - rs_scheduler - INFO - Starting RS Strategy Scheduler...
2025-10-15 19:15:13,159 - rs_scheduler - INFO - Setting up RS Strategy Scheduler...
2025-10-15 19:15:13,460 - rs_scheduler - INFO - Scheduled 2 jobs:
2025-10-15 19:15:13,579 - rs_scheduler - INFO -   - rs_eod_fetch: RS Strategy EOD Data Fetch at 4:05 PM (Next: Not scheduled)
2025-10-15 19:15:13,698 - rs_scheduler - INFO -   - rs_signal_generation: RS Strategy Signal Generation at 4:30 PM Friday (Next: Not scheduled)
2025-10-15 19:15:13,728 - rs_scheduler - INFO - RS Strategy Scheduler setup completed successfully
2025-10-15 19:15:13,793 - rs_scheduler - INFO - RS Strategy Scheduler started successfully
2025-10-15 19:15:13,854 - rs_scheduler - INFO - EOD data fetch: Daily at 4:05 PM IST
2025-10-15 19:15:13,867 - rs_scheduler - INFO - Signal generation: Friday at 4:30 PM IST
2025-10-15 19:23:41,060 - rs_scheduler - INFO - RS Strategy Scheduler stopped successfully
2025-10-15 19:23:50,595 - rs_scheduler - INFO - EOD data fetcher initialized successfully
2025-10-15 19:23:50,717 - rs_scheduler - INFO - Live signal generator initialized successfully
2025-10-15 19:23:50,731 - rs_scheduler - INFO - RS Strategy Scheduler initialized with database: C:\Users\Dell\Downloads\WealthAI (2)\WealthAI\wealthai1-backend\Strategies\rsStrategy\nifty500_data_with_metadata.sqlite
2025-10-15 19:23:50,748 - rs_scheduler - INFO - Starting RS Strategy Scheduler...
2025-10-15 19:23:50,772 - rs_scheduler - INFO - Setting up RS Strategy Scheduler...
2025-10-15 19:23:50,782 - rs_scheduler - INFO - Scheduled 2 jobs:
2025-10-15 19:23:50,879 - rs_scheduler - INFO -   - rs_eod_fetch: RS Strategy EOD Data Fetch at 4:05 PM (Next: Not scheduled)
2025-10-15 19:23:50,892 - rs_scheduler - INFO -   - rs_signal_generation: RS Strategy Signal Generation at 4:30 PM Friday (Next: Not scheduled)
2025-10-15 19:23:50,931 - rs_scheduler - INFO - RS Strategy Scheduler setup completed successfully
2025-10-15 19:23:50,965 - rs_scheduler - INFO - RS Strategy Scheduler started successfully
2025-10-15 19:23:51,042 - rs_scheduler - INFO - EOD data fetch: Daily at 4:05 PM IST
2025-10-15 19:23:51,082 - rs_scheduler - INFO - Signal generation: Friday at 4:30 PM IST
2025-10-15 19:36:15,072 - rs_scheduler - INFO - RS Strategy Scheduler stopped successfully
2025-10-15 19:36:23,659 - rs_scheduler - INFO - EOD data fetcher initialized successfully
2025-10-15 19:36:23,665 - rs_scheduler - INFO - Live signal generator initialized successfully
2025-10-15 19:36:23,667 - rs_scheduler - INFO - RS Strategy Scheduler initialized with database: C:\Users\Dell\Downloads\WealthAI (2)\WealthAI\wealthai1-backend\Strategies\rsStrategy\nifty500_data_with_metadata.sqlite
2025-10-15 19:36:23,668 - rs_scheduler - INFO - Starting RS Strategy Scheduler...
2025-10-15 19:36:23,671 - rs_scheduler - INFO - Setting up RS Strategy Scheduler...
2025-10-15 19:36:23,679 - rs_scheduler - INFO - Scheduled 2 jobs:
2025-10-15 19:36:23,680 - rs_scheduler - INFO -   - rs_eod_fetch: RS Strategy EOD Data Fetch at 4:05 PM (Next: Not scheduled)
2025-10-15 19:36:23,681 - rs_scheduler - INFO -   - rs_signal_generation: RS Strategy Signal Generation at 4:30 PM Friday (Next: Not scheduled)
2025-10-15 19:36:23,684 - rs_scheduler - INFO - RS Strategy Scheduler setup completed successfully
2025-10-15 19:36:23,685 - rs_scheduler - INFO - RS Strategy Scheduler started successfully
2025-10-15 19:36:23,686 - rs_scheduler - INFO - EOD data fetch: Daily at 4:05 PM IST
2025-10-15 19:36:23,687 - rs_scheduler - INFO - Signal generation: Friday at 4:30 PM IST
2025-10-15 21:28:24,462 - rs_scheduler - INFO - RS Strategy Scheduler stopped successfully
2025-10-15 21:28:33,171 - rs_scheduler - INFO - EOD data fetcher initialized successfully
2025-10-15 21:28:33,192 - rs_scheduler - INFO - Live signal generator initialized successfully
2025-10-15 21:28:33,199 - rs_scheduler - INFO - RS Strategy Scheduler initialized with database: C:\Users\Dell\Downloads\WealthAI (2)\WealthAI\wealthai1-backend\Strategies\rsStrategy\nifty500_data_with_metadata.sqlite
2025-10-15 21:28:33,204 - rs_scheduler - INFO - Starting RS Strategy Scheduler...
2025-10-15 21:28:33,212 - rs_scheduler - INFO - Setting up RS Strategy Scheduler...
2025-10-15 21:28:33,220 - rs_scheduler - INFO - Scheduled 2 jobs:
2025-10-15 21:28:33,223 - rs_scheduler - INFO -   - rs_eod_fetch: RS Strategy EOD Data Fetch at 4:05 PM (Next: Not scheduled)
2025-10-15 21:28:33,225 - rs_scheduler - INFO -   - rs_signal_generation: RS Strategy Signal Generation at 4:30 PM Friday (Next: Not scheduled)
2025-10-15 21:28:33,234 - rs_scheduler - INFO - RS Strategy Scheduler setup completed successfully
2025-10-15 21:28:33,243 - rs_scheduler - INFO - RS Strategy Scheduler started successfully
2025-10-15 21:28:33,245 - rs_scheduler - INFO - EOD data fetch: Daily at 4:05 PM IST
2025-10-15 21:28:33,247 - rs_scheduler - INFO - Signal generation: Friday at 4:30 PM IST
2025-10-15 21:41:19,584 - rs_scheduler - INFO - RS Strategy Scheduler stopped successfully
2025-10-15 21:41:29,102 - rs_scheduler - INFO - EOD data fetcher initialized successfully
2025-10-15 21:41:29,105 - rs_scheduler - INFO - Live signal generator initialized successfully
2025-10-15 21:41:29,107 - rs_scheduler - INFO - RS Strategy Scheduler initialized with database: C:\Users\Dell\Downloads\WealthAI (2)\WealthAI\wealthai1-backend\Strategies\rsStrategy\nifty500_data_with_metadata.sqlite
2025-10-15 21:41:29,109 - rs_scheduler - INFO - Starting RS Strategy Scheduler...
2025-10-15 21:41:29,110 - rs_scheduler - INFO - Setting up RS Strategy Scheduler...
2025-10-15 21:41:29,112 - rs_scheduler - INFO - Scheduled 2 jobs:
2025-10-15 21:41:29,113 - rs_scheduler - INFO -   - rs_eod_fetch: RS Strategy EOD Data Fetch at 4:05 PM (Next: Not scheduled)
2025-10-15 21:41:29,114 - rs_scheduler - INFO -   - rs_signal_generation: RS Strategy Signal Generation at 4:30 PM Friday (Next: Not scheduled)
2025-10-15 21:41:29,115 - rs_scheduler - INFO - RS Strategy Scheduler setup completed successfully
2025-10-15 21:41:29,116 - rs_scheduler - INFO - RS Strategy Scheduler started successfully
2025-10-15 21:41:29,118 - rs_scheduler - INFO - EOD data fetch: Daily at 4:05 PM IST
2025-10-15 21:41:29,120 - rs_scheduler - INFO - Signal generation: Friday at 4:30 PM IST
2025-10-15 22:41:24,742 - rs_scheduler - INFO - EOD data fetcher initialized successfully
2025-10-15 22:41:24,754 - rs_scheduler - INFO - Live signal generator initialized successfully
2025-10-15 22:41:24,755 - rs_scheduler - INFO - RS Strategy Scheduler initialized with database: C:\Users\Dell\Downloads\WealthAI (2)\WealthAI\wealthai1-backend\Strategies\rsStrategy\nifty500_data_with_metadata.sqlite
2025-10-15 22:41:24,764 - rs_scheduler - INFO - Starting RS Strategy Scheduler...
2025-10-15 22:41:24,771 - rs_scheduler - INFO - Setting up RS Strategy Scheduler...
2025-10-15 22:41:24,792 - rs_scheduler - INFO - Scheduled 2 jobs:
2025-10-15 22:41:24,795 - rs_scheduler - INFO -   - rs_eod_fetch: RS Strategy EOD Data Fetch at 4:05 PM (Next: Not scheduled)
2025-10-15 22:41:24,797 - rs_scheduler - INFO -   - rs_signal_generation: RS Strategy Signal Generation at 4:30 PM Friday (Next: Not scheduled)
2025-10-15 22:41:24,815 - rs_scheduler - INFO - RS Strategy Scheduler setup completed successfully
2025-10-15 22:41:24,819 - rs_scheduler - INFO - RS Strategy Scheduler started successfully
2025-10-15 22:41:24,822 - rs_scheduler - INFO - EOD data fetch: Daily at 4:05 PM IST
2025-10-15 22:41:24,853 - rs_scheduler - INFO - Signal generation: Friday at 4:30 PM IST
2025-10-15 22:41:30,443 - rs_scheduler - INFO - RS Strategy Scheduler stopped successfully
2025-10-15 22:41:49,219 - rs_scheduler - INFO - EOD data fetcher initialized successfully
2025-10-15 22:41:49,241 - rs_scheduler - INFO - Live signal generator initialized successfully
2025-10-15 22:41:49,243 - rs_scheduler - INFO - RS Strategy Scheduler initialized with database: C:\Users\Dell\Downloads\WealthAI (2)\WealthAI\wealthai1-backend\Strategies\rsStrategy\nifty500_data_with_metadata.sqlite
2025-10-15 22:41:49,260 - rs_scheduler - INFO - Starting RS Strategy Scheduler...
2025-10-15 22:41:49,264 - rs_scheduler - INFO - Setting up RS Strategy Scheduler...
2025-10-15 22:41:49,270 - rs_scheduler - INFO - Scheduled 2 jobs:
2025-10-15 22:41:49,289 - rs_scheduler - INFO -   - rs_eod_fetch: RS Strategy EOD Data Fetch at 4:05 PM (Next: Not scheduled)
2025-10-15 22:41:49,293 - rs_scheduler - INFO -   - rs_signal_generation: RS Strategy Signal Generation at 4:30 PM Friday (Next: Not scheduled)
2025-10-15 22:41:49,301 - rs_scheduler - INFO - RS Strategy Scheduler setup completed successfully
2025-10-15 22:41:49,307 - rs_scheduler - INFO - RS Strategy Scheduler started successfully
2025-10-15 22:41:49,322 - rs_scheduler - INFO - EOD data fetch: Daily at 4:05 PM IST
2025-10-15 22:41:49,325 - rs_scheduler - INFO - Signal generation: Friday at 4:30 PM IST
2025-10-15 22:41:49,438 - rs_scheduler - INFO - RS Strategy Scheduler stopped successfully
2025-10-15 22:42:31,593 - rs_scheduler - INFO - EOD data fetcher initialized successfully
2025-10-15 22:42:31,599 - rs_scheduler - INFO - Live signal generator initialized successfully
2025-10-15 22:42:31,601 - rs_scheduler - INFO - RS Strategy Scheduler initialized with database: C:\Users\Dell\Downloads\WealthAI (2)\WealthAI\wealthai1-backend\Strategies\rsStrategy\nifty500_data_with_metadata.sqlite
2025-10-15 22:42:31,605 - rs_scheduler - INFO - Starting RS Strategy Scheduler...
2025-10-15 22:42:31,614 - rs_scheduler - INFO - Setting up RS Strategy Scheduler...
2025-10-15 22:42:31,633 - rs_scheduler - INFO - Scheduled 2 jobs:
2025-10-15 22:42:31,635 - rs_scheduler - INFO -   - rs_eod_fetch: RS Strategy EOD Data Fetch at 4:05 PM (Next: Not scheduled)
2025-10-15 22:42:31,638 - rs_scheduler - INFO -   - rs_signal_generation: RS Strategy Signal Generation at 4:30 PM Friday (Next: Not scheduled)
2025-10-15 22:42:31,641 - rs_scheduler - INFO - RS Strategy Scheduler setup completed successfully
2025-10-15 22:42:31,645 - rs_scheduler - INFO - RS Strategy Scheduler started successfully
2025-10-15 22:42:31,647 - rs_scheduler - INFO - EOD data fetch: Daily at 4:05 PM IST
2025-10-15 22:42:31,654 - rs_scheduler - INFO - Signal generation: Friday at 4:30 PM IST
2025-10-15 22:42:32,089 - rs_scheduler - INFO - RS Strategy Scheduler stopped successfully
2025-10-15 22:43:42,044 - rs_scheduler - INFO - EOD data fetcher initialized successfully
2025-10-15 22:43:42,056 - rs_scheduler - INFO - Live signal generator initialized successfully
2025-10-15 22:43:42,059 - rs_scheduler - INFO - RS Strategy Scheduler initialized with database: C:\Users\Dell\Downloads\WealthAI (2)\WealthAI\wealthai1-backend\Strategies\rsStrategy\nifty500_data_with_metadata.sqlite
2025-10-15 22:43:42,070 - rs_scheduler - INFO - Starting RS Strategy Scheduler...
2025-10-15 22:43:42,072 - rs_scheduler - INFO - Setting up RS Strategy Scheduler...
2025-10-15 22:43:42,085 - rs_scheduler - INFO - Scheduled 2 jobs:
2025-10-15 22:43:42,090 - rs_scheduler - INFO -   - rs_eod_fetch: RS Strategy EOD Data Fetch at 4:05 PM (Next: Not scheduled)
2025-10-15 22:43:42,093 - rs_scheduler - INFO -   - rs_signal_generation: RS Strategy Signal Generation at 4:30 PM Friday (Next: Not scheduled)
2025-10-15 22:43:42,098 - rs_scheduler - INFO - RS Strategy Scheduler setup completed successfully
2025-10-15 22:43:42,100 - rs_scheduler - INFO - RS Strategy Scheduler started successfully
2025-10-15 22:43:42,102 - rs_scheduler - INFO - EOD data fetch: Daily at 4:05 PM IST
2025-10-15 22:43:42,103 - rs_scheduler - INFO - Signal generation: Friday at 4:30 PM IST
2025-10-15 22:52:48,522 - rs_scheduler - INFO - RS Strategy Scheduler stopped successfully
2025-10-15 22:52:57,206 - rs_scheduler - INFO - EOD data fetcher initialized successfully
2025-10-15 22:52:57,215 - rs_scheduler - INFO - Live signal generator initialized successfully
2025-10-15 22:52:57,216 - rs_scheduler - INFO - RS Strategy Scheduler initialized with database: C:\Users\Dell\Downloads\WealthAI (2)\WealthAI\wealthai1-backend\Strategies\rsStrategy\nifty500_data_with_metadata.sqlite
2025-10-15 22:52:57,218 - rs_scheduler - INFO - Starting RS Strategy Scheduler...
2025-10-15 22:52:57,219 - rs_scheduler - INFO - Setting up RS Strategy Scheduler...
2025-10-15 22:52:57,226 - rs_scheduler - INFO - Scheduled 2 jobs:
2025-10-15 22:52:57,229 - rs_scheduler - INFO -   - rs_eod_fetch: RS Strategy EOD Data Fetch at 4:05 PM (Next: Not scheduled)
2025-10-15 22:52:57,235 - rs_scheduler - INFO -   - rs_signal_generation: RS Strategy Signal Generation at 4:30 PM Friday (Next: Not scheduled)
2025-10-15 22:52:57,241 - rs_scheduler - INFO - RS Strategy Scheduler setup completed successfully
2025-10-15 22:52:57,247 - rs_scheduler - INFO - RS Strategy Scheduler started successfully
2025-10-15 22:52:57,249 - rs_scheduler - INFO - EOD data fetch: Daily at 4:05 PM IST
2025-10-15 22:52:57,250 - rs_scheduler - INFO - Signal generation: Friday at 4:30 PM IST
2025-10-15 23:09:03,548 - rs_scheduler - INFO - RS Strategy Scheduler stopped successfully
2025-10-15 23:09:14,866 - rs_scheduler - INFO - EOD data fetcher initialized successfully
2025-10-15 23:09:14,874 - rs_scheduler - INFO - Live signal generator initialized successfully
2025-10-15 23:09:14,877 - rs_scheduler - INFO - RS Strategy Scheduler initialized with database: C:\Users\Dell\Downloads\WealthAI (2)\WealthAI\wealthai1-backend\Strategies\rsStrategy\nifty500_data_with_metadata.sqlite
2025-10-15 23:09:14,880 - rs_scheduler - INFO - Starting RS Strategy Scheduler...
2025-10-15 23:09:14,885 - rs_scheduler - INFO - Setting up RS Strategy Scheduler...
2025-10-15 23:09:14,899 - rs_scheduler - INFO - Scheduled 2 jobs:
2025-10-15 23:09:14,902 - rs_scheduler - INFO -   - rs_eod_fetch: RS Strategy EOD Data Fetch at 4:05 PM (Next: Not scheduled)
2025-10-15 23:09:14,904 - rs_scheduler - INFO -   - rs_signal_generation: RS Strategy Signal Generation at 4:30 PM Friday (Next: Not scheduled)
2025-10-15 23:09:14,906 - rs_scheduler - INFO - RS Strategy Scheduler setup completed successfully
2025-10-15 23:09:14,910 - rs_scheduler - INFO - RS Strategy Scheduler started successfully
2025-10-15 23:09:14,911 - rs_scheduler - INFO - EOD data fetch: Daily at 4:05 PM IST
2025-10-15 23:09:14,914 - rs_scheduler - INFO - Signal generation: Friday at 4:30 PM IST
2025-10-16 00:32:58,014 - rs_scheduler - INFO - RS Strategy Scheduler stopped successfully
2025-10-16 00:33:06,824 - rs_scheduler - INFO - EOD data fetcher initialized successfully
2025-10-16 00:33:06,827 - rs_scheduler - INFO - Live signal generator initialized successfully
2025-10-16 00:33:06,828 - rs_scheduler - INFO - RS Strategy Scheduler initialized with database: C:\Users\Dell\Downloads\WealthAI (2)\WealthAI\wealthai1-backend\Strategies\rsStrategy\nifty500_data_with_metadata.sqlite
2025-10-16 00:33:06,829 - rs_scheduler - INFO - Starting RS Strategy Scheduler...
2025-10-16 00:33:06,832 - rs_scheduler - INFO - Setting up RS Strategy Scheduler...
2025-10-16 00:33:06,846 - rs_scheduler - INFO - Scheduled 2 jobs:
2025-10-16 00:33:06,849 - rs_scheduler - INFO -   - rs_eod_fetch: RS Strategy EOD Data Fetch at 4:05 PM (Next: Not scheduled)
2025-10-16 00:33:06,850 - rs_scheduler - INFO -   - rs_signal_generation: RS Strategy Signal Generation at 4:30 PM Friday (Next: Not scheduled)
2025-10-16 00:33:06,851 - rs_scheduler - INFO - RS Strategy Scheduler setup completed successfully
2025-10-16 00:33:06,852 - rs_scheduler - INFO - RS Strategy Scheduler started successfully
2025-10-16 00:33:06,852 - rs_scheduler - INFO - EOD data fetch: Daily at 4:05 PM IST
2025-10-16 00:33:06,853 - rs_scheduler - INFO - Signal generation: Friday at 4:30 PM IST
2025-10-16 00:34:22,993 - rs_scheduler - INFO - RS Strategy Scheduler stopped successfully
2025-10-16 09:51:44,589 - rs_scheduler - INFO - EOD data fetcher initialized successfully
2025-10-16 09:51:44,602 - rs_scheduler - INFO - Live signal generator initialized successfully
2025-10-16 09:51:44,603 - rs_scheduler - INFO - RS Strategy Scheduler initialized with database: C:\Users\Dell\Downloads\WealthAI (2)\WealthAI\wealthai1-backend\Strategies\rsStrategy\nifty500_data_with_metadata.sqlite
2025-10-16 09:51:44,606 - rs_scheduler - INFO - Starting RS Strategy Scheduler...
2025-10-16 09:51:44,610 - rs_scheduler - INFO - Setting up RS Strategy Scheduler...
2025-10-16 09:51:44,621 - rs_scheduler - INFO - Scheduled 2 jobs:
2025-10-16 09:51:44,622 - rs_scheduler - INFO -   - rs_eod_fetch: RS Strategy EOD Data Fetch at 4:05 PM (Next: Not scheduled)
2025-10-16 09:51:44,624 - rs_scheduler - INFO -   - rs_signal_generation: RS Strategy Signal Generation at 4:30 PM Friday (Next: Not scheduled)
2025-10-16 09:51:44,625 - rs_scheduler - INFO - RS Strategy Scheduler setup completed successfully
2025-10-16 09:51:44,627 - rs_scheduler - INFO - RS Strategy Scheduler started successfully
2025-10-16 09:51:44,628 - rs_scheduler - INFO - EOD data fetch: Daily at 4:05 PM IST
2025-10-16 09:51:44,629 - rs_scheduler - INFO - Signal generation: Friday at 4:30 PM IST
2025-10-16 11:26:33,202 - rs_scheduler - INFO - EOD data fetcher initialized successfully
2025-10-16 11:26:33,209 - rs_scheduler - INFO - Live signal generator initialized successfully
2025-10-16 11:26:33,210 - rs_scheduler - INFO - RS Strategy Scheduler initialized with database: C:\Users\Dell\Downloads\WealthAI (2)\WealthAI\wealthai1-backend\Strategies\rsStrategy\nifty500_data_with_metadata.sqlite
2025-10-16 11:26:33,212 - rs_scheduler - INFO - Starting RS Strategy Scheduler...
2025-10-16 11:26:33,216 - rs_scheduler - INFO - Setting up RS Strategy Scheduler...
2025-10-16 11:26:33,223 - rs_scheduler - INFO - Scheduled 2 jobs:
2025-10-16 11:26:33,226 - rs_scheduler - INFO -   - rs_eod_fetch: RS Strategy EOD Data Fetch at 4:05 PM (Next: Not scheduled)
2025-10-16 11:26:33,227 - rs_scheduler - INFO -   - rs_signal_generation: RS Strategy Signal Generation at 4:30 PM Friday (Next: Not scheduled)
2025-10-16 11:26:33,228 - rs_scheduler - INFO - RS Strategy Scheduler setup completed successfully
2025-10-16 11:26:33,232 - rs_scheduler - INFO - RS Strategy Scheduler started successfully
2025-10-16 11:26:33,235 - rs_scheduler - INFO - EOD data fetch: Daily at 4:05 PM IST
2025-10-16 11:26:33,237 - rs_scheduler - INFO - Signal generation: Friday at 4:30 PM IST
2025-10-16 13:22:27,268 - rs_scheduler - INFO - RS Strategy Scheduler stopped successfully
2025-10-16 13:22:59,100 - rs_scheduler - INFO - EOD data fetcher initialized successfully
2025-10-16 13:22:59,113 - rs_scheduler - INFO - Live signal generator initialized successfully
2025-10-16 13:22:59,118 - rs_scheduler - INFO - RS Strategy Scheduler initialized with database: C:\Users\Dell\Downloads\WealthAI (2)\WealthAI\wealthai1-backend\Strategies\rsStrategy\nifty500_data_with_metadata.sqlite
2025-10-16 13:22:59,122 - rs_scheduler - INFO - Starting RS Strategy Scheduler...
2025-10-16 13:22:59,129 - rs_scheduler - INFO - Setting up RS Strategy Scheduler...
2025-10-16 13:22:59,134 - rs_scheduler - INFO - Scheduled 2 jobs:
2025-10-16 13:22:59,136 - rs_scheduler - INFO -   - rs_eod_fetch: RS Strategy EOD Data Fetch at 4:05 PM (Next: Not scheduled)
2025-10-16 13:22:59,140 - rs_scheduler - INFO -   - rs_signal_generation: RS Strategy Signal Generation at 4:30 PM Friday (Next: Not scheduled)
2025-10-16 13:22:59,143 - rs_scheduler - INFO - RS Strategy Scheduler setup completed successfully
2025-10-16 13:22:59,146 - rs_scheduler - INFO - RS Strategy Scheduler started successfully
2025-10-16 13:22:59,147 - rs_scheduler - INFO - EOD data fetch: Daily at 4:05 PM IST
2025-10-16 13:22:59,148 - rs_scheduler - INFO - Signal generation: Friday at 4:30 PM IST
2025-10-16 15:38:25,387 - rs_scheduler - INFO - RS Strategy Scheduler stopped successfully
2025-10-16 15:38:31,832 - rs_scheduler - INFO - EOD data fetcher initialized successfully
2025-10-16 15:38:31,842 - rs_scheduler - INFO - Live signal generator initialized successfully
2025-10-16 15:38:31,847 - rs_scheduler - INFO - RS Strategy Scheduler initialized with database: C:\Users\Dell\Downloads\WealthAI (2)\WealthAI\wealthai1-backend\Strategies\rsStrategy\nifty500_data_with_metadata.sqlite
2025-10-16 15:38:31,852 - rs_scheduler - INFO - Starting RS Strategy Scheduler...
2025-10-16 15:38:31,859 - rs_scheduler - INFO - Setting up RS Strategy Scheduler...
2025-10-16 15:38:31,865 - rs_scheduler - INFO - Scheduled 2 jobs:
2025-10-16 15:38:31,896 - rs_scheduler - INFO -   - rs_eod_fetch: RS Strategy EOD Data Fetch at 4:05 PM (Next: Not scheduled)
2025-10-16 15:38:31,916 - rs_scheduler - INFO -   - rs_signal_generation: RS Strategy Signal Generation at 4:30 PM Friday (Next: Not scheduled)
2025-10-16 15:38:31,932 - rs_scheduler - INFO - RS Strategy Scheduler setup completed successfully
2025-10-16 15:38:31,949 - rs_scheduler - INFO - RS Strategy Scheduler started successfully
2025-10-16 15:38:31,954 - rs_scheduler - INFO - EOD data fetch: Daily at 4:05 PM IST
2025-10-16 15:38:31,965 - rs_scheduler - INFO - Signal generation: Friday at 4:30 PM IST
2025-10-16 16:05:00,030 - rs_scheduler - INFO - Starting EOD data fetch job...
2025-10-16 16:07:12,762 - rs_scheduler - INFO - EOD data fetch completed: 498 successful, 1 failed
2025-10-16 16:07:12,777 - rs_scheduler - INFO - Job rs_eod_fetch completed successfully
2025-10-16 17:17:23,063 - rs_scheduler - INFO - EOD data fetcher initialized successfully
2025-10-16 17:17:23,072 - rs_scheduler - INFO - Live signal generator initialized successfully
2025-10-16 17:17:23,077 - rs_scheduler - INFO - RS Strategy Scheduler initialized with database: C:\Users\Dell\Downloads\WealthAI (2)\WealthAI\wealthai1-backend\Strategies\rsStrategy\nifty500_data_with_metadata.sqlite
2025-10-16 17:17:23,079 - rs_scheduler - INFO - Starting RS Strategy Scheduler...
2025-10-16 17:17:23,080 - rs_scheduler - INFO - Setting up RS Strategy Scheduler...
2025-10-16 17:17:23,083 - rs_scheduler - INFO - Scheduled 2 jobs:
2025-10-16 17:17:23,085 - rs_scheduler - INFO -   - rs_eod_fetch: RS Strategy EOD Data Fetch at 4:05 PM (Next: Not scheduled)
2025-10-16 17:17:23,088 - rs_scheduler - INFO -   - rs_signal_generation: RS Strategy Signal Generation at 4:30 PM Friday (Next: Not scheduled)
2025-10-16 17:17:23,098 - rs_scheduler - INFO - RS Strategy Scheduler setup completed successfully
2025-10-16 17:17:23,103 - rs_scheduler - INFO - RS Strategy Scheduler started successfully
2025-10-16 17:17:23,105 - rs_scheduler - INFO - EOD data fetch: Daily at 4:05 PM IST
2025-10-16 17:17:23,108 - rs_scheduler - INFO - Signal generation: Friday at 4:30 PM IST
2025-10-16 17:38:15,651 - rs_scheduler - INFO - RS Strategy Scheduler stopped successfully
2025-10-16 17:38:26,230 - rs_scheduler - INFO - EOD data fetcher initialized successfully
2025-10-16 17:38:26,242 - rs_scheduler - INFO - Live signal generator initialized successfully
2025-10-16 17:38:26,243 - rs_scheduler - INFO - RS Strategy Scheduler initialized with database: C:\Users\Dell\Downloads\WealthAI (2)\WealthAI\wealthai1-backend\Strategies\rsStrategy\nifty500_data_with_metadata.sqlite
2025-10-16 17:38:26,252 - rs_scheduler - INFO - Starting RS Strategy Scheduler...
2025-10-16 17:38:26,258 - rs_scheduler - INFO - Setting up RS Strategy Scheduler...
2025-10-16 17:38:26,268 - rs_scheduler - INFO - Scheduled 2 jobs:
2025-10-16 17:38:26,274 - rs_scheduler - INFO -   - rs_eod_fetch: RS Strategy EOD Data Fetch at 4:05 PM (Next: Not scheduled)
2025-10-16 17:38:26,277 - rs_scheduler - INFO -   - rs_signal_generation: RS Strategy Signal Generation at 4:30 PM Friday (Next: Not scheduled)
2025-10-16 17:38:26,290 - rs_scheduler - INFO - RS Strategy Scheduler setup completed successfully
2025-10-16 17:38:26,296 - rs_scheduler - INFO - RS Strategy Scheduler started successfully
2025-10-16 17:38:26,303 - rs_scheduler - INFO - EOD data fetch: Daily at 4:05 PM IST
2025-10-16 17:38:26,304 - rs_scheduler - INFO - Signal generation: Friday at 4:30 PM IST
2025-10-16 23:08:34,559 - rs_scheduler - INFO - RS Strategy Scheduler stopped successfully
2025-10-16 23:09:22,940 - rs_scheduler - INFO - EOD data fetcher initialized successfully
2025-10-16 23:09:22,960 - rs_scheduler - INFO - Live signal generator initialized successfully
2025-10-16 23:09:22,962 - rs_scheduler - INFO - RS Strategy Scheduler initialized with database: C:\Users\Dell\Downloads\WealthAI (2)\WealthAI\wealthai1-backend\Strategies\rsStrategy\nifty500_data_with_metadata.sqlite
2025-10-16 23:09:22,971 - rs_scheduler - INFO - Starting RS Strategy Scheduler...
2025-10-16 23:09:22,973 - rs_scheduler - INFO - Setting up RS Strategy Scheduler...
2025-10-16 23:09:22,976 - rs_scheduler - INFO - Scheduled 2 jobs:
2025-10-16 23:09:22,977 - rs_scheduler - INFO -   - rs_eod_fetch: RS Strategy EOD Data Fetch at 4:05 PM (Next: Not scheduled)
2025-10-16 23:09:22,978 - rs_scheduler - INFO -   - rs_signal_generation: RS Strategy Signal Generation at 4:30 PM Friday (Next: Not scheduled)
2025-10-16 23:09:22,979 - rs_scheduler - INFO - RS Strategy Scheduler setup completed successfully
2025-10-16 23:09:22,979 - rs_scheduler - INFO - RS Strategy Scheduler started successfully
2025-10-16 23:09:22,983 - rs_scheduler - INFO - EOD data fetch: Daily at 4:05 PM IST
2025-10-16 23:09:22,986 - rs_scheduler - INFO - Signal generation: Friday at 4:30 PM IST
2025-10-16 23:14:14,203 - rs_scheduler - INFO - RS Strategy Scheduler stopped successfully
2025-10-16 23:14:36,848 - rs_scheduler - INFO - EOD data fetcher initialized successfully
2025-10-16 23:14:36,860 - rs_scheduler - INFO - Live signal generator initialized successfully
2025-10-16 23:14:36,862 - rs_scheduler - INFO - RS Strategy Scheduler initialized with database: C:\Users\Dell\Downloads\WealthAI (2)\WealthAI\wealthai1-backend\Strategies\rsStrategy\nifty500_data_with_metadata.sqlite
2025-10-16 23:14:36,865 - rs_scheduler - INFO - Starting RS Strategy Scheduler...
2025-10-16 23:14:36,870 - rs_scheduler - INFO - Setting up RS Strategy Scheduler...
2025-10-16 23:14:36,877 - rs_scheduler - INFO - Scheduled 2 jobs:
2025-10-16 23:14:36,879 - rs_scheduler - INFO -   - rs_eod_fetch: RS Strategy EOD Data Fetch at 4:05 PM (Next: Not scheduled)
2025-10-16 23:14:36,895 - rs_scheduler - INFO -   - rs_signal_generation: RS Strategy Signal Generation at 4:30 PM Friday (Next: Not scheduled)
2025-10-16 23:14:36,897 - rs_scheduler - INFO - RS Strategy Scheduler setup completed successfully
2025-10-16 23:14:36,898 - rs_scheduler - INFO - RS Strategy Scheduler started successfully
2025-10-16 23:14:36,899 - rs_scheduler - INFO - EOD data fetch: Daily at 4:05 PM IST
2025-10-16 23:14:36,899 - rs_scheduler - INFO - Signal generation: Friday at 4:30 PM IST
2025-10-17 11:59:14,655 - rs_scheduler - INFO - RS Strategy Scheduler stopped successfully
2025-10-17 12:00:08,551 - rs_scheduler - INFO - EOD data fetcher initialized successfully
2025-10-17 12:00:08,563 - rs_scheduler - INFO - Live signal generator initialized successfully
2025-10-17 12:00:08,564 - rs_scheduler - INFO - RS Strategy Scheduler initialized with database: C:\Users\Dell\Downloads\WealthAI (2)\WealthAI\wealthai1-backend\Strategies\rsStrategy\nifty500_data_with_metadata.sqlite
2025-10-17 12:00:08,566 - rs_scheduler - INFO - Starting RS Strategy Scheduler...
2025-10-17 12:00:08,568 - rs_scheduler - INFO - Setting up RS Strategy Scheduler...
2025-10-17 12:00:08,571 - rs_scheduler - INFO - Scheduled 2 jobs:
2025-10-17 12:00:08,572 - rs_scheduler - INFO -   - rs_eod_fetch: RS Strategy EOD Data Fetch at 4:05 PM (Next: Not scheduled)
2025-10-17 12:00:08,579 - rs_scheduler - INFO -   - rs_signal_generation: RS Strategy Signal Generation at 4:30 PM Friday (Next: Not scheduled)
2025-10-17 12:00:08,582 - rs_scheduler - INFO - RS Strategy Scheduler setup completed successfully
2025-10-17 12:00:08,585 - rs_scheduler - INFO - RS Strategy Scheduler started successfully
2025-10-17 12:00:08,589 - rs_scheduler - INFO - EOD data fetch: Daily at 4:05 PM IST
2025-10-17 12:00:08,591 - rs_scheduler - INFO - Signal generation: Friday at 4:30 PM IST
2025-10-18 09:01:37,873 - rs_scheduler - INFO - RS Strategy Scheduler stopped successfully
2025-10-18 09:06:04,201 - rs_scheduler - INFO - EOD data fetcher initialized successfully
2025-10-18 09:06:04,235 - rs_scheduler - INFO - Live signal generator initialized successfully
2025-10-18 09:06:04,246 - rs_scheduler - INFO - RS Strategy Scheduler initialized with database: C:\Users\Dell\Downloads\WealthAI (2)\WealthAI\wealthai1-backend\Strategies\rsStrategy\nifty500_data_with_metadata.sqlite
2025-10-18 09:06:04,250 - rs_scheduler - INFO - Starting RS Strategy Scheduler...
2025-10-18 09:06:04,267 - rs_scheduler - INFO - Setting up RS Strategy Scheduler...
2025-10-18 09:06:04,278 - rs_scheduler - INFO - Scheduled 2 jobs:
2025-10-18 09:06:04,286 - rs_scheduler - INFO -   - rs_eod_fetch: RS Strategy EOD Data Fetch at 4:05 PM (Next: Not scheduled)
2025-10-18 09:06:04,314 - rs_scheduler - INFO -   - rs_signal_generation: RS Strategy Signal Generation at 4:30 PM Friday (Next: Not scheduled)
2025-10-18 09:06:04,328 - rs_scheduler - INFO - RS Strategy Scheduler setup completed successfully
2025-10-18 09:06:04,335 - rs_scheduler - INFO - RS Strategy Scheduler started successfully
2025-10-18 09:06:04,350 - rs_scheduler - INFO - EOD data fetch: Daily at 4:05 PM IST
2025-10-18 09:06:04,353 - rs_scheduler - INFO - Signal generation: Friday at 4:30 PM IST
2025-10-18 12:59:13,009 - rs_scheduler - INFO - RS Strategy Scheduler stopped successfully
2025-10-18 16:47:58,409 - rs_scheduler - INFO - EOD data fetcher initialized successfully
2025-10-18 16:47:58,423 - rs_scheduler - INFO - Live signal generator initialized successfully
2025-10-18 16:47:58,425 - rs_scheduler - INFO - RS Strategy Scheduler initialized with database: C:\Users\Dell\Downloads\WealthAI (2)\WealthAI\wealthai1-backend\Strategies\rsStrategy\nifty500_data_with_metadata.sqlite
2025-10-18 16:47:58,429 - rs_scheduler - INFO - Starting RS Strategy Scheduler...
2025-10-18 16:47:58,433 - rs_scheduler - INFO - Setting up RS Strategy Scheduler...
2025-10-18 16:47:58,442 - rs_scheduler - INFO - Scheduled 2 jobs:
2025-10-18 16:47:58,444 - rs_scheduler - INFO -   - rs_eod_fetch: RS Strategy EOD Data Fetch at 4:05 PM (Next: Not scheduled)
2025-10-18 16:47:58,446 - rs_scheduler - INFO -   - rs_signal_generation: RS Strategy Signal Generation at 4:30 PM Friday (Next: Not scheduled)
2025-10-18 16:47:58,447 - rs_scheduler - INFO - RS Strategy Scheduler setup completed successfully
2025-10-18 16:47:58,448 - rs_scheduler - INFO - RS Strategy Scheduler started successfully
2025-10-18 16:47:58,448 - rs_scheduler - INFO - EOD data fetch: Daily at 4:05 PM IST
2025-10-18 16:47:58,449 - rs_scheduler - INFO - Signal generation: Friday at 4:30 PM IST
2025-10-18 17:01:00,141 - rs_scheduler - INFO - RS Strategy Scheduler stopped successfully
2025-10-18 17:04:57,636 - rs_scheduler - INFO - EOD data fetcher initialized successfully
2025-10-18 17:04:57,643 - rs_scheduler - INFO - Live signal generator initialized successfully
2025-10-18 17:04:57,645 - rs_scheduler - INFO - RS Strategy Scheduler initialized with database: C:\Users\Dell\Downloads\WealthAI (2)\WealthAI\wealthai1-backend\Strategies\rsStrategy\nifty500_data_with_metadata.sqlite
2025-10-18 17:04:57,650 - rs_scheduler - INFO - Starting RS Strategy Scheduler...
2025-10-18 17:04:57,671 - rs_scheduler - INFO - Scheduled 3 jobs:
2025-10-18 17:04:57,677 - rs_scheduler - INFO -    - RS Strategy EOD Data Fetch: Next run at Not scheduled
2025-10-18 17:04:57,680 - rs_scheduler - INFO -    - RS Strategy Signal Generation: Next run at Not scheduled
2025-10-18 17:04:57,684 - rs_scheduler - INFO -    - RS Strategy Cleanup: Next run at Not scheduled
2025-10-18 17:04:57,693 - rs_scheduler - INFO - RS Strategy Scheduler started successfully
2025-10-18 17:04:57,699 - rs_scheduler - INFO - EOD data fetch: Daily at 6:00 PM IST
2025-10-18 17:04:57,701 - rs_scheduler - INFO - Signal generation: Daily at 6:00 PM IST
2025-10-18 17:04:57,704 - rs_scheduler - INFO - Cleanup: Weekly on Sunday at 2:00 AM IST
2025-10-19 11:26:35,707 - rs_scheduler - INFO - EOD data fetcher initialized successfully
2025-10-19 11:26:35,716 - rs_scheduler - INFO - Live signal generator initialized successfully
2025-10-19 11:26:35,722 - rs_scheduler - INFO - RS Strategy Scheduler initialized with database: C:\Users\Lenovo\Documents\WealthAI[1]\WealthAI\wealthai1-backend\Strategies\rsStrategy\nifty500_data_with_metadata.sqlite
2025-10-19 11:26:35,726 - rs_scheduler - INFO - Starting RS Strategy Scheduler...
2025-10-19 11:26:35,736 - rs_scheduler - INFO - Scheduled 3 jobs:
2025-10-19 11:26:35,739 - rs_scheduler - INFO -    - RS Strategy EOD Data Fetch: Next run at Not scheduled
2025-10-19 11:26:35,742 - rs_scheduler - INFO -    - RS Strategy Signal Generation: Next run at Not scheduled
2025-10-19 11:26:35,743 - rs_scheduler - INFO -    - RS Strategy Cleanup: Next run at Not scheduled
2025-10-19 11:26:35,744 - rs_scheduler - INFO - RS Strategy Scheduler started successfully
2025-10-19 11:26:35,745 - rs_scheduler - INFO - EOD data fetch: Daily at 6:00 PM IST
2025-10-19 11:26:35,747 - rs_scheduler - INFO - Signal generation: Daily at 6:00 PM IST
2025-10-19 11:26:35,749 - rs_scheduler - INFO - Cleanup: Weekly on Sunday at 2:00 AM IST
2025-10-19 11:27:28,278 - rs_scheduler - INFO - RS Strategy Scheduler stopped successfully
2025-10-19 11:36:37,742 - rs_scheduler - INFO - EOD data fetcher initialized successfully
2025-10-19 11:36:37,748 - rs_scheduler - INFO - Live signal generator initialized successfully
2025-10-19 11:36:37,751 - rs_scheduler - INFO - RS Strategy Scheduler initialized with database: C:\Users\Lenovo\Documents\WealthAI[1]\WealthAI\wealthai1-backend\Strategies\rsStrategy\nifty500_data_with_metadata.sqlite
2025-10-19 11:36:37,755 - rs_scheduler - INFO - Starting RS Strategy Scheduler...
2025-10-19 11:36:37,761 - rs_scheduler - INFO - Scheduled 3 jobs:
2025-10-19 11:36:37,764 - rs_scheduler - INFO -    - RS Strategy EOD Data Fetch: Next run at Not scheduled
2025-10-19 11:36:37,767 - rs_scheduler - INFO -    - RS Strategy Signal Generation: Next run at Not scheduled
2025-10-19 11:36:37,771 - rs_scheduler - INFO -    - RS Strategy Cleanup: Next run at Not scheduled
2025-10-19 11:36:37,777 - rs_scheduler - INFO - RS Strategy Scheduler started successfully
2025-10-19 11:36:37,779 - rs_scheduler - INFO - EOD data fetch: Daily at 6:00 PM IST
2025-10-19 11:36:37,779 - rs_scheduler - INFO - Signal generation: Daily at 6:00 PM IST
2025-10-19 11:36:37,781 - rs_scheduler - INFO - Cleanup: Weekly on Sunday at 2:00 AM IST
2025-10-19 16:19:37,983 - rs_scheduler - INFO - EOD data fetcher initialized successfully
2025-10-19 16:19:37,991 - rs_scheduler - INFO - Live signal generator initialized successfully
2025-10-19 16:19:37,997 - rs_scheduler - INFO - RS Strategy Scheduler initialized with database: C:\Users\Lenovo\Desktop\wealthai1-backend\Strategies\rsStrategy\nifty500_data_with_metadata.sqlite
2025-10-19 16:19:37,999 - rs_scheduler - INFO - Starting RS Strategy Scheduler...
2025-10-19 16:19:38,005 - rs_scheduler - INFO - Scheduled 3 jobs:
2025-10-19 16:19:38,014 - rs_scheduler - INFO -    - RS Strategy EOD Data Fetch: Next run at Not scheduled
2025-10-19 16:19:38,019 - rs_scheduler - INFO -    - RS Strategy Signal Generation: Next run at Not scheduled
2025-10-19 16:19:38,026 - rs_scheduler - INFO -    - RS Strategy Cleanup: Next run at Not scheduled
2025-10-19 16:19:38,028 - rs_scheduler - INFO - RS Strategy Scheduler started successfully
2025-10-19 16:19:38,029 - rs_scheduler - INFO - EOD data fetch: Daily at 6:00 PM IST
2025-10-19 16:19:38,031 - rs_scheduler - INFO - Signal generation: Daily at 6:00 PM IST
2025-10-19 16:19:38,040 - rs_scheduler - INFO - Cleanup: Weekly on Sunday at 2:00 AM IST
2025-10-19 16:19:50,517 - rs_scheduler - INFO - RS Strategy Scheduler stopped successfully
2025-10-19 16:20:22,262 - rs_scheduler - INFO - EOD data fetcher initialized successfully
2025-10-19 16:20:22,270 - rs_scheduler - INFO - Live signal generator initialized successfully
2025-10-19 16:20:22,279 - rs_scheduler - INFO - RS Strategy Scheduler initialized with database: C:\Users\Lenovo\Desktop\wealthai1-backend\Strategies\rsStrategy\nifty500_data_with_metadata.sqlite
2025-10-19 16:20:22,281 - rs_scheduler - INFO - Starting RS Strategy Scheduler...
2025-10-19 16:20:22,295 - rs_scheduler - INFO - Scheduled 3 jobs:
2025-10-19 16:20:22,297 - rs_scheduler - INFO -    - RS Strategy EOD Data Fetch: Next run at Not scheduled
2025-10-19 16:20:22,298 - rs_scheduler - INFO -    - RS Strategy Signal Generation: Next run at Not scheduled
2025-10-19 16:20:22,299 - rs_scheduler - INFO -    - RS Strategy Cleanup: Next run at Not scheduled
2025-10-19 16:20:22,300 - rs_scheduler - INFO - RS Strategy Scheduler started successfully
2025-10-19 16:20:22,302 - rs_scheduler - INFO - EOD data fetch: Daily at 6:00 PM IST
2025-10-19 16:20:22,302 - rs_scheduler - INFO - Signal generation: Daily at 6:00 PM IST
2025-10-19 16:20:22,315 - rs_scheduler - INFO - Cleanup: Weekly on Sunday at 2:00 AM IST
2025-10-19 16:20:46,422 - rs_scheduler - INFO - RS Strategy Scheduler stopped successfully
2025-10-19 23:46:29,155 - rs_scheduler - INFO - EOD data fetcher initialized successfully
2025-10-19 23:46:29,159 - rs_scheduler - INFO - Live signal generator initialized successfully
2025-10-19 23:46:29,160 - rs_scheduler - INFO - RS Strategy Scheduler initialized with database: C:\Users\Lenovo\Desktop\wealthai-backend2\Strategies\rsStrategy\nifty500_data_with_metadata.sqlite
2025-10-19 23:46:29,161 - rs_scheduler - INFO - Starting RS Strategy Scheduler...
2025-10-19 23:46:29,172 - rs_scheduler - INFO - Scheduled 3 jobs:
2025-10-19 23:46:29,175 - rs_scheduler - INFO -    - RS Strategy EOD Data Fetch: Next run at Not scheduled
2025-10-19 23:46:29,176 - rs_scheduler - INFO -    - RS Strategy Signal Generation: Next run at Not scheduled
2025-10-19 23:46:29,179 - rs_scheduler - INFO -    - RS Strategy Cleanup: Next run at Not scheduled
2025-10-19 23:46:29,181 - rs_scheduler - INFO - RS Strategy Scheduler started successfully
2025-10-19 23:46:29,187 - rs_scheduler - INFO - EOD data fetch: Daily at 6:00 PM IST
2025-10-19 23:46:29,190 - rs_scheduler - INFO - Signal generation: Daily at 6:00 PM IST
2025-10-19 23:46:29,191 - rs_scheduler - INFO - Cleanup: Weekly on Sunday at 2:00 AM IST
2025-10-19 23:47:45,240 - rs_scheduler - INFO - RS Strategy Scheduler stopped successfully
2025-10-19 23:47:58,851 - rs_scheduler - INFO - EOD data fetcher initialized successfully
2025-10-19 23:47:58,865 - rs_scheduler - INFO - Live signal generator initialized successfully
2025-10-19 23:47:58,872 - rs_scheduler - INFO - RS Strategy Scheduler initialized with database: C:\Users\Lenovo\Desktop\wealthai-backend2\Strategies\rsStrategy\nifty500_data_with_metadata.sqlite
2025-10-19 23:47:58,876 - rs_scheduler - INFO - Starting RS Strategy Scheduler...
2025-10-19 23:47:58,891 - rs_scheduler - INFO - Scheduled 3 jobs:
2025-10-19 23:47:58,893 - rs_scheduler - INFO -    - RS Strategy EOD Data Fetch: Next run at Not scheduled
2025-10-19 23:47:58,899 - rs_scheduler - INFO -    - RS Strategy Signal Generation: Next run at Not scheduled
2025-10-19 23:47:58,901 - rs_scheduler - INFO -    - RS Strategy Cleanup: Next run at Not scheduled
2025-10-19 23:47:58,908 - rs_scheduler - INFO - RS Strategy Scheduler started successfully
2025-10-19 23:47:58,911 - rs_scheduler - INFO - EOD data fetch: Daily at 6:00 PM IST
2025-10-19 23:47:58,912 - rs_scheduler - INFO - Signal generation: Daily at 6:00 PM IST
2025-10-19 23:47:58,914 - rs_scheduler - INFO - Cleanup: Weekly on Sunday at 2:00 AM IST
2025-10-20 00:04:25,733 - rs_scheduler - INFO - RS Strategy Scheduler stopped successfully
2025-10-20 00:04:41,504 - rs_scheduler - INFO - EOD data fetcher initialized successfully
2025-10-20 00:04:41,512 - rs_scheduler - INFO - Live signal generator initialized successfully
2025-10-20 00:04:41,517 - rs_scheduler - INFO - RS Strategy Scheduler initialized with database: C:\Users\Lenovo\Desktop\wealthai-backend2\Strategies\rsStrategy\nifty500_data_with_metadata.sqlite
2025-10-20 00:04:41,519 - rs_scheduler - INFO - Starting RS Strategy Scheduler...
2025-10-20 00:04:41,530 - rs_scheduler - INFO - Scheduled 3 jobs:
2025-10-20 00:04:41,531 - rs_scheduler - INFO -    - RS Strategy EOD Data Fetch: Next run at Not scheduled
2025-10-20 00:04:41,533 - rs_scheduler - INFO -    - RS Strategy Signal Generation: Next run at Not scheduled
2025-10-20 00:04:41,534 - rs_scheduler - INFO -    - RS Strategy Cleanup: Next run at Not scheduled
2025-10-20 00:04:41,538 - rs_scheduler - INFO - RS Strategy Scheduler started successfully
2025-10-20 00:04:41,538 - rs_scheduler - INFO - EOD data fetch: Daily at 6:00 PM IST
2025-10-20 00:04:41,540 - rs_scheduler - INFO - Signal generation: Daily at 6:00 PM IST
2025-10-20 00:04:41,541 - rs_scheduler - INFO - Cleanup: Weekly on Sunday at 2:00 AM IST
2025-10-20 00:11:10,898 - rs_scheduler - INFO - RS Strategy Scheduler stopped successfully
2025-10-20 00:11:31,435 - rs_scheduler - INFO - EOD data fetcher initialized successfully
2025-10-20 00:11:31,451 - rs_scheduler - INFO - Live signal generator initialized successfully
2025-10-20 00:11:31,456 - rs_scheduler - INFO - RS Strategy Scheduler initialized with database: C:\Users\Lenovo\Desktop\wealthai-backend2\Strategies\rsStrategy\nifty500_data_with_metadata.sqlite
2025-10-20 00:11:31,458 - rs_scheduler - INFO - Starting RS Strategy Scheduler...
2025-10-20 00:11:31,473 - rs_scheduler - INFO - Scheduled 3 jobs:
2025-10-20 00:11:31,475 - rs_scheduler - INFO -    - RS Strategy EOD Data Fetch: Next run at Not scheduled
2025-10-20 00:11:31,476 - rs_scheduler - INFO -    - RS Strategy Signal Generation: Next run at Not scheduled
2025-10-20 00:11:31,480 - rs_scheduler - INFO -    - RS Strategy Cleanup: Next run at Not scheduled
2025-10-20 00:11:31,484 - rs_scheduler - INFO - RS Strategy Scheduler started successfully
2025-10-20 00:11:31,485 - rs_scheduler - INFO - EOD data fetch: Daily at 6:00 PM IST
2025-10-20 00:11:31,487 - rs_scheduler - INFO - Signal generation: Daily at 6:00 PM IST
2025-10-20 00:11:31,488 - rs_scheduler - INFO - Cleanup: Weekly on Sunday at 2:00 AM IST
2025-10-20 00:18:13,288 - rs_scheduler - INFO - RS Strategy Scheduler stopped successfully
2025-10-20 00:18:28,598 - rs_scheduler - INFO - EOD data fetcher initialized successfully
2025-10-20 00:18:28,603 - rs_scheduler - INFO - Live signal generator initialized successfully
2025-10-20 00:18:28,606 - rs_scheduler - INFO - RS Strategy Scheduler initialized with database: C:\Users\Lenovo\Desktop\wealthai-backend2\Strategies\rsStrategy\nifty500_data_with_metadata.sqlite
2025-10-20 00:18:28,607 - rs_scheduler - INFO - Starting RS Strategy Scheduler...
2025-10-20 00:18:28,614 - rs_scheduler - INFO - Scheduled 3 jobs:
2025-10-20 00:18:28,615 - rs_scheduler - INFO -    - RS Strategy EOD Data Fetch: Next run at Not scheduled
2025-10-20 00:18:28,616 - rs_scheduler - INFO -    - RS Strategy Signal Generation: Next run at Not scheduled
2025-10-20 00:18:28,617 - rs_scheduler - INFO -    - RS Strategy Cleanup: Next run at Not scheduled
2025-10-20 00:18:28,618 - rs_scheduler - INFO - RS Strategy Scheduler started successfully
2025-10-20 00:18:28,620 - rs_scheduler - INFO - EOD data fetch: Daily at 6:00 PM IST
2025-10-20 00:18:28,623 - rs_scheduler - INFO - Signal generation: Daily at 6:00 PM IST
2025-10-20 00:18:28,624 - rs_scheduler - INFO - Cleanup: Weekly on Sunday at 2:00 AM IST
2025-10-20 00:23:46,929 - rs_scheduler - INFO - RS Strategy Scheduler stopped successfully
2025-10-20 00:24:00,127 - rs_scheduler - INFO - EOD data fetcher initialized successfully
2025-10-20 00:24:00,134 - rs_scheduler - INFO - Live signal generator initialized successfully
2025-10-20 00:24:00,136 - rs_scheduler - INFO - RS Strategy Scheduler initialized with database: C:\Users\Lenovo\Desktop\wealthai-backend2\Strategies\rsStrategy\nifty500_data_with_metadata.sqlite
2025-10-20 00:24:00,139 - rs_scheduler - INFO - Starting RS Strategy Scheduler...
2025-10-20 00:24:00,150 - rs_scheduler - INFO - Scheduled 3 jobs:
2025-10-20 00:24:00,153 - rs_scheduler - INFO -    - RS Strategy EOD Data Fetch: Next run at Not scheduled
2025-10-20 00:24:00,154 - rs_scheduler - INFO -    - RS Strategy Signal Generation: Next run at Not scheduled
2025-10-20 00:24:00,155 - rs_scheduler - INFO -    - RS Strategy Cleanup: Next run at Not scheduled
2025-10-20 00:24:00,156 - rs_scheduler - INFO - RS Strategy Scheduler started successfully
2025-10-20 00:24:00,158 - rs_scheduler - INFO - EOD data fetch: Daily at 6:00 PM IST
2025-10-20 00:24:00,164 - rs_scheduler - INFO - Signal generation: Daily at 6:00 PM IST
2025-10-20 00:24:00,167 - rs_scheduler - INFO - Cleanup: Weekly on Sunday at 2:00 AM IST
2025-10-20 00:31:41,458 - rs_scheduler - INFO - RS Strategy Scheduler stopped successfully
2025-10-20 00:31:53,939 - rs_scheduler - INFO - EOD data fetcher initialized successfully
2025-10-20 00:31:53,952 - rs_scheduler - INFO - Live signal generator initialized successfully
2025-10-20 00:31:53,954 - rs_scheduler - INFO - RS Strategy Scheduler initialized with database: C:\Users\Lenovo\Desktop\wealthai-backend2\Strategies\rsStrategy\nifty500_data_with_metadata.sqlite
2025-10-20 00:31:53,957 - rs_scheduler - INFO - Starting RS Strategy Scheduler...
2025-10-20 00:31:53,968 - rs_scheduler - INFO - Scheduled 3 jobs:
2025-10-20 00:31:53,969 - rs_scheduler - INFO -    - RS Strategy EOD Data Fetch: Next run at Not scheduled
2025-10-20 00:31:53,970 - rs_scheduler - INFO -    - RS Strategy Signal Generation: Next run at Not scheduled
2025-10-20 00:31:53,972 - rs_scheduler - INFO -    - RS Strategy Cleanup: Next run at Not scheduled
2025-10-20 00:31:53,976 - rs_scheduler - INFO - RS Strategy Scheduler started successfully
2025-10-20 00:31:53,977 - rs_scheduler - INFO - EOD data fetch: Daily at 6:00 PM IST
2025-10-20 00:31:53,980 - rs_scheduler - INFO - Signal generation: Daily at 6:00 PM IST
2025-10-20 00:31:53,981 - rs_scheduler - INFO - Cleanup: Weekly on Sunday at 2:00 AM IST
2025-10-20 00:36:00,959 - rs_scheduler - INFO - RS Strategy Scheduler stopped successfully
2025-10-20 00:36:23,074 - rs_scheduler - INFO - EOD data fetcher initialized successfully
2025-10-20 00:36:23,085 - rs_scheduler - INFO - Live signal generator initialized successfully
2025-10-20 00:36:23,087 - rs_scheduler - INFO - RS Strategy Scheduler initialized with database: C:\Users\Lenovo\Desktop\wealthai-backend2\Strategies\rsStrategy\nifty500_data_with_metadata.sqlite
2025-10-20 00:36:23,090 - rs_scheduler - INFO - Starting RS Strategy Scheduler...
2025-10-20 00:36:23,101 - rs_scheduler - INFO - Scheduled 3 jobs:
2025-10-20 00:36:23,102 - rs_scheduler - INFO -    - RS Strategy EOD Data Fetch: Next run at Not scheduled
2025-10-20 00:36:23,102 - rs_scheduler - INFO -    - RS Strategy Signal Generation: Next run at Not scheduled
2025-10-20 00:36:23,104 - rs_scheduler - INFO -    - RS Strategy Cleanup: Next run at Not scheduled
2025-10-20 00:36:23,104 - rs_scheduler - INFO - RS Strategy Scheduler started successfully
2025-10-20 00:36:23,105 - rs_scheduler - INFO - EOD data fetch: Daily at 6:00 PM IST
2025-10-20 00:36:23,105 - rs_scheduler - INFO - Signal generation: Daily at 6:00 PM IST
2025-10-20 00:36:23,106 - rs_scheduler - INFO - Cleanup: Weekly on Sunday at 2:00 AM IST
2025-10-20 00:37:26,858 - rs_scheduler - INFO - RS Strategy Scheduler stopped successfully
2025-10-20 00:37:47,896 - rs_scheduler - INFO - EOD data fetcher initialized successfully
2025-10-20 00:37:47,909 - rs_scheduler - INFO - Live signal generator initialized successfully
2025-10-20 00:37:47,917 - rs_scheduler - INFO - RS Strategy Scheduler initialized with database: C:\Users\Lenovo\Desktop\wealthai-backend2\Strategies\rsStrategy\nifty500_data_with_metadata.sqlite
2025-10-20 00:37:47,919 - rs_scheduler - INFO - Starting RS Strategy Scheduler...
2025-10-20 00:37:47,934 - rs_scheduler - INFO - Scheduled 3 jobs:
2025-10-20 00:37:47,935 - rs_scheduler - INFO -    - RS Strategy EOD Data Fetch: Next run at Not scheduled
2025-10-20 00:37:47,937 - rs_scheduler - INFO -    - RS Strategy Signal Generation: Next run at Not scheduled
2025-10-20 00:37:47,938 - rs_scheduler - INFO -    - RS Strategy Cleanup: Next run at Not scheduled
2025-10-20 00:37:47,939 - rs_scheduler - INFO - RS Strategy Scheduler started successfully
2025-10-20 00:37:47,939 - rs_scheduler - INFO - EOD data fetch: Daily at 6:00 PM IST
2025-10-20 00:37:47,942 - rs_scheduler - INFO - Signal generation: Daily at 6:00 PM IST
2025-10-20 00:37:47,944 - rs_scheduler - INFO - Cleanup: Weekly on Sunday at 2:00 AM IST
2025-10-20 00:43:33,121 - rs_scheduler - INFO - RS Strategy Scheduler stopped successfully
2025-10-20 00:44:39,931 - rs_scheduler - INFO - EOD data fetcher initialized successfully
2025-10-20 00:44:39,941 - rs_scheduler - INFO - Live signal generator initialized successfully
2025-10-20 00:44:39,945 - rs_scheduler - INFO - RS Strategy Scheduler initialized with database: C:\Users\Lenovo\Desktop\wealthai-backend2\Strategies\rsStrategy\nifty500_data_with_metadata.sqlite
2025-10-20 00:44:39,947 - rs_scheduler - INFO - Starting RS Strategy Scheduler...
2025-10-20 00:44:39,959 - rs_scheduler - INFO - Scheduled 3 jobs:
2025-10-20 00:44:39,961 - rs_scheduler - INFO -    - RS Strategy EOD Data Fetch: Next run at Not scheduled
2025-10-20 00:44:39,964 - rs_scheduler - INFO -    - RS Strategy Signal Generation: Next run at Not scheduled
2025-10-20 00:44:39,966 - rs_scheduler - INFO -    - RS Strategy Cleanup: Next run at Not scheduled
2025-10-20 00:44:39,969 - rs_scheduler - INFO - RS Strategy Scheduler started successfully
2025-10-20 00:44:39,971 - rs_scheduler - INFO - EOD data fetch: Daily at 6:00 PM IST
2025-10-20 00:44:39,981 - rs_scheduler - INFO - Signal generation: Daily at 6:00 PM IST
2025-10-20 00:44:39,984 - rs_scheduler - INFO - Cleanup: Weekly on Sunday at 2:00 AM IST
2025-10-20 00:49:42,292 - rs_scheduler - INFO - RS Strategy Scheduler stopped successfully
2025-10-20 00:49:59,232 - rs_scheduler - INFO - EOD data fetcher initialized successfully
2025-10-20 00:49:59,286 - rs_scheduler - INFO - Live signal generator initialized successfully
2025-10-20 00:49:59,302 - rs_scheduler - INFO - RS Strategy Scheduler initialized with database: C:\Users\Lenovo\Desktop\wealthai-backend2\Strategies\rsStrategy\nifty500_data_with_metadata.sqlite
2025-10-20 00:49:59,320 - rs_scheduler - INFO - Starting RS Strategy Scheduler...
2025-10-20 00:49:59,345 - rs_scheduler - INFO - Scheduled 3 jobs:
2025-10-20 00:49:59,346 - rs_scheduler - INFO -    - RS Strategy EOD Data Fetch: Next run at Not scheduled
2025-10-20 00:49:59,351 - rs_scheduler - INFO -    - RS Strategy Signal Generation: Next run at Not scheduled
2025-10-20 00:49:59,353 - rs_scheduler - INFO -    - RS Strategy Cleanup: Next run at Not scheduled
2025-10-20 00:49:59,356 - rs_scheduler - INFO - RS Strategy Scheduler started successfully
2025-10-20 00:49:59,359 - rs_scheduler - INFO - EOD data fetch: Daily at 6:00 PM IST
2025-10-20 00:49:59,362 - rs_scheduler - INFO - Signal generation: Daily at 6:00 PM IST
2025-10-20 00:49:59,364 - rs_scheduler - INFO - Cleanup: Weekly on Sunday at 2:00 AM IST
2025-10-20 00:56:54,612 - rs_scheduler - INFO - RS Strategy Scheduler stopped successfully
2025-10-20 00:57:40,473 - rs_scheduler - INFO - EOD data fetcher initialized successfully
2025-10-20 00:57:40,484 - rs_scheduler - INFO - Live signal generator initialized successfully
2025-10-20 00:57:40,491 - rs_scheduler - INFO - RS Strategy Scheduler initialized with database: C:\Users\Lenovo\Desktop\wealthai-backend2\Strategies\rsStrategy\nifty500_data_with_metadata.sqlite
2025-10-20 00:57:40,506 - rs_scheduler - INFO - Starting RS Strategy Scheduler...
2025-10-20 00:57:40,517 - rs_scheduler - INFO - Scheduled 3 jobs:
2025-10-20 00:57:40,527 - rs_scheduler - INFO -    - RS Strategy EOD Data Fetch: Next run at Not scheduled
2025-10-20 00:57:40,534 - rs_scheduler - INFO -    - RS Strategy Signal Generation: Next run at Not scheduled
2025-10-20 00:57:40,539 - rs_scheduler - INFO -    - RS Strategy Cleanup: Next run at Not scheduled
2025-10-20 00:57:40,542 - rs_scheduler - INFO - RS Strategy Scheduler started successfully
2025-10-20 00:57:40,544 - rs_scheduler - INFO - EOD data fetch: Daily at 6:00 PM IST
2025-10-20 00:57:40,546 - rs_scheduler - INFO - Signal generation: Daily at 6:00 PM IST
2025-10-20 00:57:40,548 - rs_scheduler - INFO - Cleanup: Weekly on Sunday at 2:00 AM IST
2025-10-20 01:20:12,161 - rs_scheduler - INFO - RS Strategy Scheduler stopped successfully
2025-10-20 01:20:53,237 - rs_scheduler - INFO - EOD data fetcher initialized successfully
2025-10-20 01:20:53,252 - rs_scheduler - INFO - Live signal generator initialized successfully
2025-10-20 01:20:53,257 - rs_scheduler - INFO - RS Strategy Scheduler initialized with database: C:\Users\Lenovo\Desktop\wealthai-backend2\Strategies\rsStrategy\nifty500_data_with_metadata.sqlite
2025-10-20 01:20:53,263 - rs_scheduler - INFO - Starting RS Strategy Scheduler...
2025-10-20 01:20:53,286 - rs_scheduler - INFO - Scheduled 3 jobs:
2025-10-20 01:20:53,288 - rs_scheduler - INFO -    - RS Strategy EOD Data Fetch: Next run at Not scheduled
2025-10-20 01:20:53,291 - rs_scheduler - INFO -    - RS Strategy Signal Generation: Next run at Not scheduled
2025-10-20 01:20:53,293 - rs_scheduler - INFO -    - RS Strategy Cleanup: Next run at Not scheduled
2025-10-20 01:20:53,295 - rs_scheduler - INFO - RS Strategy Scheduler started successfully
2025-10-20 01:20:53,297 - rs_scheduler - INFO - EOD data fetch: Daily at 6:00 PM IST
2025-10-20 01:20:53,297 - rs_scheduler - INFO - Signal generation: Daily at 6:00 PM IST
2025-10-20 01:20:53,301 - rs_scheduler - INFO - Cleanup: Weekly on Sunday at 2:00 AM IST
2025-10-20 01:46:41,990 - rs_scheduler - INFO - RS Strategy Scheduler stopped successfully
2025-10-20 01:47:06,916 - rs_scheduler - INFO - EOD data fetcher initialized successfully
2025-10-20 01:47:06,947 - rs_scheduler - INFO - Live signal generator initialized successfully
2025-10-20 01:47:06,954 - rs_scheduler - INFO - RS Strategy Scheduler initialized with database: C:\Users\Lenovo\Desktop\wealthai-backend2\Strategies\rsStrategy\nifty500_data_with_metadata.sqlite
2025-10-20 01:47:06,959 - rs_scheduler - INFO - Starting RS Strategy Scheduler...
2025-10-20 01:47:06,976 - rs_scheduler - INFO - Scheduled 3 jobs:
2025-10-20 01:47:06,986 - rs_scheduler - INFO -    - RS Strategy EOD Data Fetch: Next run at Not scheduled
2025-10-20 01:47:07,003 - rs_scheduler - INFO -    - RS Strategy Signal Generation: Next run at Not scheduled
2025-10-20 01:47:07,009 - rs_scheduler - INFO -    - RS Strategy Cleanup: Next run at Not scheduled
2025-10-20 01:47:07,018 - rs_scheduler - INFO - RS Strategy Scheduler started successfully
2025-10-20 01:47:07,021 - rs_scheduler - INFO - EOD data fetch: Daily at 6:00 PM IST
2025-10-20 01:47:07,031 - rs_scheduler - INFO - Signal generation: Daily at 6:00 PM IST
2025-10-20 01:47:07,034 - rs_scheduler - INFO - Cleanup: Weekly on Sunday at 2:00 AM IST
2025-10-20 02:07:34,851 - rs_scheduler - INFO - EOD data fetcher initialized successfully
2025-10-20 02:07:34,861 - rs_scheduler - INFO - Live signal generator initialized successfully
2025-10-20 02:07:34,869 - rs_scheduler - INFO - RS Strategy Scheduler initialized with database: C:\Users\Lenovo\Desktop\wealthai-backend2\Strategies\rsStrategy\nifty500_data_with_metadata.sqlite
2025-10-20 02:07:34,872 - rs_scheduler - INFO - Starting RS Strategy Scheduler...
2025-10-20 02:07:34,887 - rs_scheduler - INFO - Scheduled 3 jobs:
2025-10-20 02:07:34,889 - rs_scheduler - INFO -    - RS Strategy EOD Data Fetch: Next run at Not scheduled
2025-10-20 02:07:34,890 - rs_scheduler - INFO -    - RS Strategy Signal Generation: Next run at Not scheduled
2025-10-20 02:07:34,892 - rs_scheduler - INFO -    - RS Strategy Cleanup: Next run at Not scheduled
2025-10-20 02:07:34,894 - rs_scheduler - INFO - RS Strategy Scheduler started successfully
2025-10-20 02:07:34,895 - rs_scheduler - INFO - EOD data fetch: Daily at 6:00 PM IST
2025-10-20 02:07:34,896 - rs_scheduler - INFO - Signal generation: Daily at 6:00 PM IST
2025-10-20 02:07:34,897 - rs_scheduler - INFO - Cleanup: Weekly on Sunday at 2:00 AM IST
2025-10-20 02:32:11,684 - rs_scheduler - INFO - EOD data fetcher initialized successfully
2025-10-20 02:32:11,690 - rs_scheduler - INFO - Live signal generator initialized successfully
2025-10-20 02:32:11,692 - rs_scheduler - INFO - RS Strategy Scheduler initialized with database: C:\Users\Lenovo\Desktop\wealthai-backend2\Strategies\rsStrategy\nifty500_data_with_metadata.sqlite
2025-10-20 02:32:11,695 - rs_scheduler - INFO - Starting RS Strategy Scheduler...
2025-10-20 02:32:11,710 - rs_scheduler - INFO - Scheduled 3 jobs:
2025-10-20 02:32:11,711 - rs_scheduler - INFO -    - RS Strategy EOD Data Fetch: Next run at Not scheduled
2025-10-20 02:32:11,712 - rs_scheduler - INFO -    - RS Strategy Signal Generation: Next run at Not scheduled
2025-10-20 02:32:11,713 - rs_scheduler - INFO -    - RS Strategy Cleanup: Next run at Not scheduled
2025-10-20 02:32:11,714 - rs_scheduler - INFO - RS Strategy Scheduler started successfully
2025-10-20 02:32:11,715 - rs_scheduler - INFO - EOD data fetch: Daily at 6:00 PM IST
2025-10-20 02:32:11,715 - rs_scheduler - INFO - Signal generation: Daily at 6:00 PM IST
2025-10-20 02:32:11,717 - rs_scheduler - INFO - Cleanup: Weekly on Sunday at 2:00 AM IST
2025-10-20 02:47:51,741 - rs_scheduler - INFO - RS Strategy Scheduler stopped successfully
2025-10-20 03:52:06,203 - rs_scheduler - INFO - EOD data fetcher initialized successfully
2025-10-20 03:52:06,212 - rs_scheduler - INFO - Live signal generator initialized successfully
2025-10-20 03:52:06,214 - rs_scheduler - INFO - RS Strategy Scheduler initialized with database: C:\Users\Lenovo\Desktop\wealthai-backend2\Strategies\rsStrategy\nifty500_data_with_metadata.sqlite
2025-10-20 03:52:06,215 - rs_scheduler - INFO - Starting RS Strategy Scheduler...
2025-10-20 03:52:06,222 - rs_scheduler - INFO - Scheduled 3 jobs:
2025-10-20 03:52:06,222 - rs_scheduler - INFO -    - RS Strategy EOD Data Fetch: Next run at Not scheduled
2025-10-20 03:52:06,224 - rs_scheduler - INFO -    - RS Strategy Signal Generation: Next run at Not scheduled
2025-10-20 03:52:06,226 - rs_scheduler - INFO -    - RS Strategy Cleanup: Next run at Not scheduled
2025-10-20 03:52:06,226 - rs_scheduler - INFO - RS Strategy Scheduler started successfully
2025-10-20 03:52:06,228 - rs_scheduler - INFO - EOD data fetch: Daily at 6:00 PM IST
2025-10-20 03:52:06,230 - rs_scheduler - INFO - Signal generation: Daily at 6:00 PM IST
2025-10-20 03:52:06,230 - rs_scheduler - INFO - Cleanup: Weekly on Sunday at 2:00 AM IST
2025-10-20 08:17:54,967 - rs_scheduler - INFO - EOD data fetcher initialized successfully
2025-10-20 08:17:54,973 - rs_scheduler - INFO - Live signal generator initialized successfully
2025-10-20 08:17:54,977 - rs_scheduler - INFO - RS Strategy Scheduler initialized with database: C:\Users\Lenovo\Desktop\wealthai-backend2\Strategies\rsStrategy\nifty500_data_with_metadata.sqlite
2025-10-20 08:17:54,983 - rs_scheduler - INFO - Starting RS Strategy Scheduler...
2025-10-20 08:17:54,989 - rs_scheduler - INFO - Scheduled 3 jobs:
2025-10-20 08:17:54,994 - rs_scheduler - INFO -    - RS Strategy EOD Data Fetch: Next run at Not scheduled
2025-10-20 08:17:54,996 - rs_scheduler - ERROR - Error stopping RS strategy scheduler: Scheduler is not running
2025-10-20 08:17:55,002 - rs_scheduler - INFO -    - RS Strategy Signal Generation: Next run at Not scheduled
2025-10-20 08:17:55,006 - rs_scheduler - INFO -    - RS Strategy Cleanup: Next run at Not scheduled
2025-10-20 08:17:55,016 - rs_scheduler - INFO - RS Strategy Scheduler started successfully
2025-10-20 08:17:55,018 - rs_scheduler - INFO - EOD data fetch: Daily at 6:00 PM IST
2025-10-20 08:17:55,020 - rs_scheduler - INFO - Signal generation: Daily at 6:00 PM IST
2025-10-20 08:17:55,021 - rs_scheduler - INFO - Cleanup: Weekly on Sunday at 2:00 AM IST
2025-10-20 10:00:23,846 - rs_scheduler - INFO - EOD data fetcher initialized successfully
2025-10-20 10:00:23,856 - rs_scheduler - INFO - Live signal generator initialized successfully
2025-10-20 10:00:23,859 - rs_scheduler - INFO - RS Strategy Scheduler initialized with database: C:\Users\Lenovo\Desktop\wealthai-backend2\Strategies\rsStrategy\nifty500_data_with_metadata.sqlite
2025-10-20 10:00:23,861 - rs_scheduler - INFO - Starting RS Strategy Scheduler...
2025-10-20 10:00:23,871 - rs_scheduler - INFO - Scheduled 3 jobs:
2025-10-20 10:00:23,873 - rs_scheduler - INFO -    - RS Strategy EOD Data Fetch: Next run at Not scheduled
2025-10-20 10:00:23,875 - rs_scheduler - ERROR - Error stopping RS strategy scheduler: Scheduler is not running
2025-10-20 10:00:23,878 - rs_scheduler - INFO -    - RS Strategy Signal Generation: Next run at Not scheduled
2025-10-20 10:00:23,897 - rs_scheduler - INFO -    - RS Strategy Cleanup: Next run at Not scheduled
2025-10-20 10:00:23,903 - rs_scheduler - INFO - RS Strategy Scheduler started successfully
2025-10-20 10:00:23,906 - rs_scheduler - INFO - EOD data fetch: Daily at 6:00 PM IST
2025-10-20 10:00:23,912 - rs_scheduler - INFO - Signal generation: Daily at 6:00 PM IST
2025-10-20 10:00:23,915 - rs_scheduler - INFO - Cleanup: Weekly on Sunday at 2:00 AM IST
2025-10-20 10:01:30,094 - rs_scheduler - INFO - EOD data fetcher initialized successfully
2025-10-20 10:01:30,100 - rs_scheduler - INFO - Live signal generator initialized successfully
2025-10-20 10:01:30,101 - rs_scheduler - INFO - RS Strategy Scheduler initialized with database: C:\Users\Lenovo\Desktop\wealthai-backend2\Strategies\rsStrategy\nifty500_data_with_metadata.sqlite
2025-10-20 10:01:30,103 - rs_scheduler - INFO - Starting RS Strategy Scheduler...
2025-10-20 10:01:30,127 - rs_scheduler - INFO - Scheduled 3 jobs:
2025-10-20 10:01:30,137 - rs_scheduler - INFO -    - RS Strategy EOD Data Fetch: Next run at Not scheduled
2025-10-20 10:01:30,140 - rs_scheduler - ERROR - Error stopping RS strategy scheduler: Scheduler is not running
2025-10-20 10:01:30,142 - rs_scheduler - INFO -    - RS Strategy Signal Generation: Next run at Not scheduled
2025-10-20 10:01:30,147 - rs_scheduler - INFO -    - RS Strategy Cleanup: Next run at Not scheduled
2025-10-20 10:01:30,155 - rs_scheduler - INFO - RS Strategy Scheduler started successfully
2025-10-20 10:01:30,173 - rs_scheduler - INFO - EOD data fetch: Daily at 6:00 PM IST
2025-10-20 10:01:30,183 - rs_scheduler - INFO - Signal generation: Daily at 6:00 PM IST
2025-10-20 10:01:30,186 - rs_scheduler - INFO - Cleanup: Weekly on Sunday at 2:00 AM IST
2025-10-20 10:03:13,759 - rs_scheduler - INFO - EOD data fetcher initialized successfully
2025-10-20 10:03:13,766 - rs_scheduler - INFO - Live signal generator initialized successfully
2025-10-20 10:03:13,767 - rs_scheduler - INFO - RS Strategy Scheduler initialized with database: C:\Users\Lenovo\Desktop\wealthai-backend2\Strategies\rsStrategy\nifty500_data_with_metadata.sqlite
2025-10-20 10:03:13,770 - rs_scheduler - INFO - Starting RS Strategy Scheduler...
2025-10-20 10:03:13,777 - rs_scheduler - INFO - Scheduled 3 jobs:
2025-10-20 10:03:13,783 - rs_scheduler - INFO -    - RS Strategy EOD Data Fetch: Next run at Not scheduled
2025-10-20 10:03:13,783 - rs_scheduler - ERROR - Error stopping RS strategy scheduler: Scheduler is not running
2025-10-20 10:03:13,784 - rs_scheduler - INFO -    - RS Strategy Signal Generation: Next run at Not scheduled
2025-10-20 10:03:13,786 - rs_scheduler - INFO -    - RS Strategy Cleanup: Next run at Not scheduled
2025-10-20 10:03:13,791 - rs_scheduler - INFO - RS Strategy Scheduler started successfully
2025-10-20 10:03:13,799 - rs_scheduler - INFO - EOD data fetch: Daily at 6:00 PM IST
2025-10-20 10:03:13,800 - rs_scheduler - INFO - Signal generation: Daily at 6:00 PM IST
2025-10-20 10:03:13,801 - rs_scheduler - INFO - Cleanup: Weekly on Sunday at 2:00 AM IST
2025-10-20 10:10:17,258 - rs_scheduler - INFO - EOD data fetcher initialized successfully
2025-10-20 10:10:17,264 - rs_scheduler - INFO - Live signal generator initialized successfully
2025-10-20 10:10:17,265 - rs_scheduler - INFO - RS Strategy Scheduler initialized with database: C:\Users\Lenovo\Desktop\wealthai-backend2\Strategies\rsStrategy\nifty500_data_with_metadata.sqlite
2025-10-20 10:10:17,267 - rs_scheduler - INFO - Starting RS Strategy Scheduler...
2025-10-20 10:10:17,274 - rs_scheduler - INFO - Scheduled 3 jobs:
2025-10-20 10:10:17,275 - rs_scheduler - ERROR - Error stopping RS strategy scheduler: Scheduler is not running
2025-10-20 10:10:17,276 - rs_scheduler - INFO -    - RS Strategy EOD Data Fetch: Next run at Not scheduled
2025-10-20 10:10:17,277 - rs_scheduler - INFO -    - RS Strategy Signal Generation: Next run at Not scheduled
2025-10-20 10:10:17,279 - rs_scheduler - INFO -    - RS Strategy Cleanup: Next run at Not scheduled
2025-10-20 10:10:17,282 - rs_scheduler - INFO - RS Strategy Scheduler started successfully
2025-10-20 10:10:17,283 - rs_scheduler - INFO - EOD data fetch: Daily at 6:00 PM IST
2025-10-20 10:10:17,284 - rs_scheduler - INFO - Signal generation: Daily at 6:00 PM IST
2025-10-20 10:10:17,285 - rs_scheduler - INFO - Cleanup: Weekly on Sunday at 2:00 AM IST
2025-10-20 10:13:40,020 - rs_scheduler - INFO - EOD data fetcher initialized successfully
2025-10-20 10:13:40,026 - rs_scheduler - INFO - Live signal generator initialized successfully
2025-10-20 10:13:40,028 - rs_scheduler - INFO - RS Strategy Scheduler initialized with database: C:\Users\Lenovo\Desktop\wealthai-backend2\Strategies\rsStrategy\nifty500_data_with_metadata.sqlite
2025-10-20 10:13:40,030 - rs_scheduler - INFO - Starting RS Strategy Scheduler...
2025-10-20 10:13:40,036 - rs_scheduler - INFO - Scheduled 3 jobs:
2025-10-20 10:13:40,038 - rs_scheduler - ERROR - Error stopping RS strategy scheduler: Scheduler is not running
2025-10-20 10:13:40,038 - rs_scheduler - INFO -    - RS Strategy EOD Data Fetch: Next run at Not scheduled
2025-10-20 10:13:40,040 - rs_scheduler - INFO -    - RS Strategy Signal Generation: Next run at Not scheduled
2025-10-20 10:13:40,041 - rs_scheduler - INFO -    - RS Strategy Cleanup: Next run at Not scheduled
2025-10-20 10:13:40,044 - rs_scheduler - INFO - RS Strategy Scheduler started successfully
2025-10-20 10:13:40,046 - rs_scheduler - INFO - EOD data fetch: Daily at 6:00 PM IST
2025-10-20 10:13:40,048 - rs_scheduler - INFO - Signal generation: Daily at 6:00 PM IST
2025-10-20 10:13:40,050 - rs_scheduler - INFO - Cleanup: Weekly on Sunday at 2:00 AM IST
2025-10-20 10:20:08,579 - rs_scheduler - INFO - EOD data fetcher initialized successfully
2025-10-20 10:20:08,584 - rs_scheduler - INFO - Live signal generator initialized successfully
2025-10-20 10:20:08,587 - rs_scheduler - INFO - RS Strategy Scheduler initialized with database: C:\Users\Lenovo\Desktop\wealthai-backend2\Strategies\rsStrategy\nifty500_data_with_metadata.sqlite
2025-10-20 10:20:08,588 - rs_scheduler - INFO - Starting RS Strategy Scheduler...
2025-10-20 10:20:08,599 - rs_scheduler - INFO - Scheduled 3 jobs:
2025-10-20 10:20:08,600 - rs_scheduler - INFO -    - RS Strategy EOD Data Fetch: Next run at Not scheduled
2025-10-20 10:20:08,602 - rs_scheduler - INFO -    - RS Strategy Signal Generation: Next run at Not scheduled
2025-10-20 10:20:08,602 - rs_scheduler - ERROR - Error stopping RS strategy scheduler: Scheduler is not running
2025-10-20 10:20:08,603 - rs_scheduler - INFO -    - RS Strategy Cleanup: Next run at Not scheduled
2025-10-20 10:20:08,606 - rs_scheduler - INFO - RS Strategy Scheduler started successfully
2025-10-20 10:20:08,612 - rs_scheduler - INFO - EOD data fetch: Daily at 6:00 PM IST
2025-10-20 10:20:08,615 - rs_scheduler - INFO - Signal generation: Daily at 6:00 PM IST
2025-10-20 10:20:08,616 - rs_scheduler - INFO - Cleanup: Weekly on Sunday at 2:00 AM IST
2025-10-20 12:27:07,046 - rs_scheduler - INFO - EOD data fetcher initialized successfully
2025-10-20 12:27:07,073 - rs_scheduler - INFO - Live signal generator initialized successfully
2025-10-20 12:27:07,081 - rs_scheduler - INFO - RS Strategy Scheduler initialized with database: C:\Users\Lenovo\Desktop\wealthai-backend2\Strategies\rsStrategy\nifty500_data_with_metadata.sqlite
2025-10-20 12:27:07,091 - rs_scheduler - INFO - Starting RS Strategy Scheduler...
2025-10-20 12:27:07,125 - rs_scheduler - INFO - Scheduled 3 jobs:
2025-10-20 12:27:07,129 - rs_scheduler - INFO -    - RS Strategy EOD Data Fetch: Next run at Not scheduled
2025-10-20 12:27:07,134 - rs_scheduler - INFO -    - RS Strategy Signal Generation: Next run at Not scheduled
2025-10-20 12:27:07,138 - rs_scheduler - INFO -    - RS Strategy Cleanup: Next run at Not scheduled
2025-10-20 12:27:07,142 - rs_scheduler - INFO - RS Strategy Scheduler started successfully
2025-10-20 12:27:07,148 - rs_scheduler - INFO - EOD data fetch: Daily at 6:00 PM IST
2025-10-20 12:27:07,152 - rs_scheduler - INFO - Signal generation: Daily at 6:00 PM IST
2025-10-20 12:27:07,161 - rs_scheduler - INFO - Cleanup: Weekly on Sunday at 2:00 AM IST
2025-10-21 10:35:03,497 - rs_scheduler - INFO - EOD data fetcher initialized successfully
2025-10-21 10:35:03,506 - rs_scheduler - INFO - Live signal generator initialized successfully
2025-10-21 10:35:03,507 - rs_scheduler - INFO - RS Strategy Scheduler initialized with database: C:\Users\Lenovo\Desktop\wealthai-backend2\Strategies\rsStrategy\nifty500_data_with_metadata.sqlite
2025-10-21 10:35:03,507 - rs_scheduler - INFO - Starting RS Strategy Scheduler...
2025-10-21 10:35:03,518 - rs_scheduler - INFO - Scheduled 3 jobs:
2025-10-21 10:35:03,518 - rs_scheduler - INFO -    - RS Strategy EOD Data Fetch: Next run at Not scheduled
2025-10-21 10:35:03,522 - rs_scheduler - INFO -    - RS Strategy Signal Generation: Next run at Not scheduled
2025-10-21 10:35:03,522 - rs_scheduler - INFO -    - RS Strategy Cleanup: Next run at Not scheduled
2025-10-21 10:35:03,522 - rs_scheduler - INFO - RS Strategy Scheduler started successfully
2025-10-21 10:35:03,522 - rs_scheduler - INFO - EOD data fetch: Daily at 6:00 PM IST
2025-10-21 10:35:03,526 - rs_scheduler - INFO - Signal generation: Daily at 6:00 PM IST
2025-10-21 10:35:03,526 - rs_scheduler - INFO - Cleanup: Weekly on Sunday at 2:00 AM IST
2025-10-21 10:52:48,800 - rs_scheduler - INFO - EOD data fetcher initialized successfully
2025-10-21 10:52:48,807 - rs_scheduler - INFO - Live signal generator initialized successfully
2025-10-21 10:52:48,809 - rs_scheduler - INFO - RS Strategy Scheduler initialized with database: C:\Users\Lenovo\Desktop\wealthai-backend2\Strategies\rsStrategy\nifty500_data_with_metadata.sqlite
2025-10-21 10:52:48,809 - rs_scheduler - INFO - Starting RS Strategy Scheduler...
2025-10-21 10:52:48,820 - rs_scheduler - INFO - Scheduled 3 jobs:
2025-10-21 10:52:48,820 - rs_scheduler - INFO -    - RS Strategy EOD Data Fetch: Next run at Not scheduled
2025-10-21 10:52:48,822 - rs_scheduler - INFO -    - RS Strategy Signal Generation: Next run at Not scheduled
2025-10-21 10:52:48,822 - rs_scheduler - INFO -    - RS Strategy Cleanup: Next run at Not scheduled
2025-10-21 10:52:48,824 - rs_scheduler - INFO - RS Strategy Scheduler started successfully
2025-10-21 10:52:48,824 - rs_scheduler - INFO - EOD data fetch: Daily at 6:00 PM IST
2025-10-21 10:52:48,829 - rs_scheduler - INFO - Signal generation: Daily at 6:00 PM IST
2025-10-21 10:52:48,829 - rs_scheduler - INFO - Cleanup: Weekly on Sunday at 2:00 AM IST
2025-10-21 11:00:05,668 - rs_scheduler - INFO - RS Strategy Scheduler stopped successfully
2025-10-21 11:00:30,564 - rs_scheduler - INFO - EOD data fetcher initialized successfully
2025-10-21 11:00:30,571 - rs_scheduler - INFO - Live signal generator initialized successfully
2025-10-21 11:00:30,573 - rs_scheduler - INFO - RS Strategy Scheduler initialized with database: C:\Users\Lenovo\Desktop\wealthai-backend2\Strategies\rsStrategy\nifty500_data_with_metadata.sqlite
2025-10-21 11:00:30,574 - rs_scheduler - INFO - Starting RS Strategy Scheduler...
2025-10-21 11:00:30,581 - rs_scheduler - INFO - Scheduled 3 jobs:
2025-10-21 11:00:30,584 - rs_scheduler - INFO -    - RS Strategy EOD Data Fetch: Next run at Not scheduled
2025-10-21 11:00:30,584 - rs_scheduler - INFO -    - RS Strategy Signal Generation: Next run at Not scheduled
2025-10-21 11:00:30,586 - rs_scheduler - INFO -    - RS Strategy Cleanup: Next run at Not scheduled
2025-10-21 11:00:30,589 - rs_scheduler - INFO - RS Strategy Scheduler started successfully
2025-10-21 11:00:30,591 - rs_scheduler - INFO - EOD data fetch: Daily at 6:00 PM IST
2025-10-21 11:00:30,594 - rs_scheduler - INFO - Signal generation: Daily at 6:00 PM IST
2025-10-21 11:00:30,597 - rs_scheduler - INFO - Cleanup: Weekly on Sunday at 2:00 AM IST
2025-10-21 21:27:48,740 - rs_scheduler - INFO - Running manual EOD data fetch...
2025-10-21 21:27:48,746 - rs_scheduler - INFO - Starting EOD data fetch job...
2025-10-21 21:28:19,491 - rs_scheduler - INFO - EOD data fetch completed: 498 successful, 1 failed
2025-10-21 23:31:55,838 - rs_scheduler - INFO - RS Strategy Scheduler stopped successfully
2025-10-21 23:35:03,810 - rs_scheduler - INFO - EOD data fetcher initialized successfully
2025-10-21 23:35:03,819 - rs_scheduler - INFO - Live signal generator initialized successfully
2025-10-21 23:35:03,824 - rs_scheduler - INFO - RS Strategy Scheduler initialized with database: C:\Users\Lenovo\Desktop\wealthai-backend2\Strategies\rsStrategy\nifty500_data_with_metadata.sqlite
2025-10-21 23:35:03,826 - rs_scheduler - INFO - Starting RS Strategy Scheduler...
2025-10-21 23:35:03,834 - rs_scheduler - INFO - Scheduled 3 jobs:
2025-10-21 23:35:03,840 - rs_scheduler - INFO -    - RS Strategy EOD Data Fetch: Next run at Not scheduled
2025-10-21 23:35:03,844 - rs_scheduler - INFO -    - RS Strategy Signal Generation: Next run at Not scheduled
2025-10-21 23:35:03,846 - rs_scheduler - INFO -    - RS Strategy Cleanup: Next run at Not scheduled
2025-10-21 23:35:03,847 - rs_scheduler - INFO - RS Strategy Scheduler started successfully
2025-10-21 23:35:03,852 - rs_scheduler - INFO - EOD data fetch: Daily at 6:00 PM IST
2025-10-21 23:35:03,854 - rs_scheduler - INFO - Signal generation: Daily at 6:00 PM IST
2025-10-21 23:35:03,854 - rs_scheduler - INFO - Cleanup: Weekly on Sunday at 2:00 AM IST
2025-10-21 23:37:50,590 - rs_scheduler - INFO - RS Strategy Scheduler stopped successfully
2025-10-21 23:38:06,670 - rs_scheduler - INFO - EOD data fetcher initialized successfully
2025-10-21 23:38:06,694 - rs_scheduler - INFO - Live signal generator initialized successfully
2025-10-21 23:38:06,704 - rs_scheduler - INFO - RS Strategy Scheduler initialized with database: C:\Users\Lenovo\Desktop\wealthai-backend2\Strategies\rsStrategy\nifty500_data_with_metadata.sqlite
2025-10-21 23:38:06,711 - rs_scheduler - INFO - Starting RS Strategy Scheduler...
2025-10-21 23:38:06,728 - rs_scheduler - INFO - Scheduled 3 jobs:
2025-10-21 23:38:06,737 - rs_scheduler - INFO -    - RS Strategy EOD Data Fetch: Next run at Not scheduled
2025-10-21 23:38:06,741 - rs_scheduler - INFO -    - RS Strategy Signal Generation: Next run at Not scheduled
2025-10-21 23:38:06,745 - rs_scheduler - INFO -    - RS Strategy Cleanup: Next run at Not scheduled
2025-10-21 23:38:06,748 - rs_scheduler - INFO - RS Strategy Scheduler started successfully
2025-10-21 23:38:06,754 - rs_scheduler - INFO - EOD data fetch: Daily at 6:00 PM IST
2025-10-21 23:38:06,761 - rs_scheduler - INFO - Signal generation: Daily at 6:00 PM IST
2025-10-21 23:38:06,763 - rs_scheduler - INFO - Cleanup: Weekly on Sunday at 2:00 AM IST
2025-10-21 23:53:32,597 - rs_scheduler - INFO - RS Strategy Scheduler stopped successfully
2025-10-21 23:53:48,122 - rs_scheduler - INFO - EOD data fetcher initialized successfully
2025-10-21 23:53:48,174 - rs_scheduler - INFO - Live signal generator initialized successfully
2025-10-21 23:53:48,203 - rs_scheduler - INFO - RS Strategy Scheduler initialized with database: C:\Users\Lenovo\Desktop\wealthai-backend2\Strategies\rsStrategy\nifty500_data_with_metadata.sqlite
2025-10-21 23:53:48,209 - rs_scheduler - INFO - Starting RS Strategy Scheduler...
2025-10-21 23:53:48,248 - rs_scheduler - INFO - Scheduled 3 jobs:
2025-10-21 23:53:48,257 - rs_scheduler - INFO -    - RS Strategy EOD Data Fetch: Next run at Not scheduled
2025-10-21 23:53:48,264 - rs_scheduler - INFO -    - RS Strategy Signal Generation: Next run at Not scheduled
2025-10-21 23:53:48,269 - rs_scheduler - INFO -    - RS Strategy Cleanup: Next run at Not scheduled
2025-10-21 23:53:48,271 - rs_scheduler - INFO - RS Strategy Scheduler started successfully
2025-10-21 23:53:48,273 - rs_scheduler - INFO - EOD data fetch: Daily at 6:00 PM IST
2025-10-21 23:53:48,275 - rs_scheduler - INFO - Signal generation: Daily at 6:00 PM IST
2025-10-21 23:53:48,275 - rs_scheduler - INFO - Cleanup: Weekly on Sunday at 2:00 AM IST
2025-10-22 00:06:42,889 - rs_scheduler - INFO - RS Strategy Scheduler stopped successfully
2025-10-22 00:06:56,619 - rs_scheduler - INFO - EOD data fetcher initialized successfully
2025-10-22 00:06:56,623 - rs_scheduler - INFO - Live signal generator initialized successfully
2025-10-22 00:06:56,626 - rs_scheduler - INFO - RS Strategy Scheduler initialized with database: C:\Users\Lenovo\Desktop\wealthai-backend2\Strategies\rsStrategy\nifty500_data_with_metadata.sqlite
2025-10-22 00:06:56,629 - rs_scheduler - INFO - Starting RS Strategy Scheduler...
2025-10-22 00:06:56,644 - rs_scheduler - INFO - Scheduled 3 jobs:
2025-10-22 00:06:56,645 - rs_scheduler - INFO -    - RS Strategy EOD Data Fetch: Next run at Not scheduled
2025-10-22 00:06:56,646 - rs_scheduler - INFO -    - RS Strategy Signal Generation: Next run at Not scheduled
2025-10-22 00:06:56,647 - rs_scheduler - INFO -    - RS Strategy Cleanup: Next run at Not scheduled
2025-10-22 00:06:56,647 - rs_scheduler - INFO - RS Strategy Scheduler started successfully
2025-10-22 00:06:56,649 - rs_scheduler - INFO - EOD data fetch: Daily at 6:00 PM IST
2025-10-22 00:06:56,652 - rs_scheduler - INFO - Signal generation: Daily at 6:00 PM IST
2025-10-22 00:06:56,653 - rs_scheduler - INFO - Cleanup: Weekly on Sunday at 2:00 AM IST
2025-10-22 00:19:52,134 - rs_scheduler - INFO - RS Strategy Scheduler stopped successfully
2025-10-22 00:20:06,599 - rs_scheduler - INFO - EOD data fetcher initialized successfully
2025-10-22 00:20:06,611 - rs_scheduler - INFO - Live signal generator initialized successfully
2025-10-22 00:20:06,614 - rs_scheduler - INFO - RS Strategy Scheduler initialized with database: C:\Users\Lenovo\Desktop\wealthai-backend2\Strategies\rsStrategy\nifty500_data_with_metadata.sqlite
2025-10-22 00:20:06,619 - rs_scheduler - INFO - Starting RS Strategy Scheduler...
2025-10-22 00:20:06,639 - rs_scheduler - INFO - Scheduled 3 jobs:
2025-10-22 00:20:06,640 - rs_scheduler - INFO -    - RS Strategy EOD Data Fetch: Next run at Not scheduled
2025-10-22 00:20:06,647 - rs_scheduler - INFO -    - RS Strategy Signal Generation: Next run at Not scheduled
2025-10-22 00:20:06,652 - rs_scheduler - INFO -    - RS Strategy Cleanup: Next run at Not scheduled
2025-10-22 00:20:06,653 - rs_scheduler - INFO - RS Strategy Scheduler started successfully
2025-10-22 00:20:06,654 - rs_scheduler - INFO - EOD data fetch: Daily at 6:00 PM IST
2025-10-22 00:20:06,654 - rs_scheduler - INFO - Signal generation: Daily at 6:00 PM IST
2025-10-22 00:20:06,656 - rs_scheduler - INFO - Cleanup: Weekly on Sunday at 2:00 AM IST
2025-10-22 00:36:27,622 - rs_scheduler - INFO - RS Strategy Scheduler stopped successfully
2025-10-22 00:36:40,809 - rs_scheduler - INFO - EOD data fetcher initialized successfully
2025-10-22 00:36:40,817 - rs_scheduler - INFO - Live signal generator initialized successfully
2025-10-22 00:36:40,819 - rs_scheduler - INFO - RS Strategy Scheduler initialized with database: C:\Users\Lenovo\Desktop\wealthai-backend2\Strategies\rsStrategy\nifty500_data_with_metadata.sqlite
2025-10-22 00:36:40,823 - rs_scheduler - INFO - Starting RS Strategy Scheduler...
2025-10-22 00:36:40,829 - rs_scheduler - INFO - Scheduled 3 jobs:
2025-10-22 00:36:40,831 - rs_scheduler - INFO -    - RS Strategy EOD Data Fetch: Next run at Not scheduled
2025-10-22 00:36:40,834 - rs_scheduler - INFO -    - RS Strategy Signal Generation: Next run at Not scheduled
2025-10-22 00:36:40,836 - rs_scheduler - INFO -    - RS Strategy Cleanup: Next run at Not scheduled
2025-10-22 00:36:40,837 - rs_scheduler - INFO - RS Strategy Scheduler started successfully
2025-10-22 00:36:40,838 - rs_scheduler - INFO - EOD data fetch: Daily at 6:00 PM IST
2025-10-22 00:36:40,838 - rs_scheduler - INFO - Signal generation: Daily at 6:00 PM IST
2025-10-22 00:36:40,839 - rs_scheduler - INFO - Cleanup: Weekly on Sunday at 2:00 AM IST
2025-10-22 00:44:09,840 - rs_scheduler - INFO - RS Strategy Scheduler stopped successfully
2025-10-22 00:44:24,395 - rs_scheduler - INFO - EOD data fetcher initialized successfully
2025-10-22 00:44:24,409 - rs_scheduler - INFO - Live signal generator initialized successfully
2025-10-22 00:44:24,414 - rs_scheduler - INFO - RS Strategy Scheduler initialized with database: C:\Users\Lenovo\Desktop\wealthai-backend2\Strategies\rsStrategy\nifty500_data_with_metadata.sqlite
2025-10-22 00:44:24,446 - rs_scheduler - INFO - Starting RS Strategy Scheduler...
2025-10-22 00:44:24,458 - rs_scheduler - INFO - Scheduled 3 jobs:
2025-10-22 00:44:24,460 - rs_scheduler - INFO -    - RS Strategy EOD Data Fetch: Next run at Not scheduled
2025-10-22 00:44:24,461 - rs_scheduler - INFO -    - RS Strategy Signal Generation: Next run at Not scheduled
2025-10-22 00:44:24,462 - rs_scheduler - INFO -    - RS Strategy Cleanup: Next run at Not scheduled
2025-10-22 00:44:24,463 - rs_scheduler - INFO - RS Strategy Scheduler started successfully
2025-10-22 00:44:24,467 - rs_scheduler - INFO - EOD data fetch: Daily at 6:00 PM IST
2025-10-22 00:44:24,469 - rs_scheduler - INFO - Signal generation: Daily at 6:00 PM IST
2025-10-22 00:44:24,471 - rs_scheduler - INFO - Cleanup: Weekly on Sunday at 2:00 AM IST
2025-10-22 00:55:56,482 - rs_scheduler - INFO - RS Strategy Scheduler stopped successfully
2025-10-22 00:56:25,179 - rs_scheduler - INFO - EOD data fetcher initialized successfully
2025-10-22 00:56:25,188 - rs_scheduler - INFO - Live signal generator initialized successfully
2025-10-22 00:56:25,191 - rs_scheduler - INFO - RS Strategy Scheduler initialized with database: C:\Users\Lenovo\Desktop\wealthai-backend2\Strategies\rsStrategy\nifty500_data_with_metadata.sqlite
2025-10-22 00:56:25,194 - rs_scheduler - INFO - Starting RS Strategy Scheduler...
2025-10-22 00:56:25,224 - rs_scheduler - INFO - Scheduled 3 jobs:
2025-10-22 00:56:25,225 - rs_scheduler - INFO -    - RS Strategy EOD Data Fetch: Next run at Not scheduled
2025-10-22 00:56:25,228 - rs_scheduler - INFO -    - RS Strategy Signal Generation: Next run at Not scheduled
2025-10-22 00:56:25,229 - rs_scheduler - INFO -    - RS Strategy Cleanup: Next run at Not scheduled
2025-10-22 00:56:25,230 - rs_scheduler - INFO - RS Strategy Scheduler started successfully
2025-10-22 00:56:25,231 - rs_scheduler - INFO - EOD data fetch: Daily at 6:00 PM IST
2025-10-22 00:56:25,236 - rs_scheduler - INFO - Signal generation: Daily at 6:00 PM IST
2025-10-22 00:56:25,241 - rs_scheduler - INFO - Cleanup: Weekly on Sunday at 2:00 AM IST
2025-10-22 00:56:45,353 - rs_scheduler - INFO - RS Strategy Scheduler stopped successfully
2025-10-22 11:26:25,242 - rs_scheduler - INFO - EOD data fetcher initialized successfully
2025-10-22 11:26:25,247 - rs_scheduler - INFO - Live signal generator initialized successfully
2025-10-22 11:26:25,249 - rs_scheduler - INFO - RS Strategy Scheduler initialized with database: C:\Users\Dell\Downloads\wealthai-backend2 (2)\wealthai-backend2\Strategies\rsStrategy\nifty500_data_with_metadata.sqlite
2025-10-22 11:26:25,252 - rs_scheduler - INFO - Starting RS Strategy Scheduler...
2025-10-22 11:26:25,265 - rs_scheduler - INFO - Scheduled 3 jobs:
2025-10-22 11:26:25,266 - rs_scheduler - INFO -    - RS Strategy EOD Data Fetch: Next run at Not scheduled
2025-10-22 11:26:25,267 - rs_scheduler - INFO -    - RS Strategy Signal Generation: Next run at Not scheduled
2025-10-22 11:26:25,268 - rs_scheduler - INFO -    - RS Strategy Cleanup: Next run at Not scheduled
2025-10-22 11:26:25,269 - rs_scheduler - INFO - RS Strategy Scheduler started successfully
2025-10-22 11:26:25,270 - rs_scheduler - INFO - EOD data fetch: Daily at 6:00 PM IST
2025-10-22 11:26:25,271 - rs_scheduler - INFO - Signal generation: Daily at 6:00 PM IST
2025-10-22 11:26:25,271 - rs_scheduler - INFO - Cleanup: Weekly on Sunday at 2:00 AM IST
2025-10-22 12:08:02,691 - rs_scheduler - INFO - RS Strategy Scheduler stopped successfully
2025-10-22 12:08:41,900 - rs_scheduler - INFO - EOD data fetcher initialized successfully
2025-10-22 12:08:42,017 - rs_scheduler - INFO - Live signal generator initialized successfully
2025-10-22 12:08:42,034 - rs_scheduler - INFO - RS Strategy Scheduler initialized with database: C:\Users\Dell\Downloads\wealthai-backend2 (2)\wealthai-backend2\Strategies\rsStrategy\nifty500_data_with_metadata.sqlite
2025-10-22 12:08:42,145 - rs_scheduler - INFO - Starting RS Strategy Scheduler...
2025-10-22 12:08:42,164 - rs_scheduler - INFO - Scheduled 3 jobs:
2025-10-22 12:08:42,165 - rs_scheduler - INFO -    - RS Strategy EOD Data Fetch: Next run at Not scheduled
2025-10-22 12:08:42,167 - rs_scheduler - INFO -    - RS Strategy Signal Generation: Next run at Not scheduled
2025-10-22 12:08:42,189 - rs_scheduler - INFO -    - RS Strategy Cleanup: Next run at Not scheduled
2025-10-22 12:08:42,192 - rs_scheduler - INFO - RS Strategy Scheduler started successfully
2025-10-22 12:08:42,196 - rs_scheduler - INFO - EOD data fetch: Daily at 6:00 PM IST
2025-10-22 12:08:42,197 - rs_scheduler - INFO - Signal generation: Daily at 6:00 PM IST
2025-10-22 12:08:42,198 - rs_scheduler - INFO - Cleanup: Weekly on Sunday at 2:00 AM IST
2025-10-22 13:02:06,221 - rs_scheduler - INFO - RS Strategy Scheduler stopped successfully
2025-10-22 14:02:47,499 - rs_scheduler - INFO - EOD data fetcher initialized successfully
2025-10-22 14:02:47,504 - rs_scheduler - INFO - Live signal generator initialized successfully
2025-10-22 14:02:47,505 - rs_scheduler - INFO - RS Strategy Scheduler initialized with database: C:\Users\Dell\Desktop\Newfolder1\wealthai-backend2\Strategies\rsStrategy\nifty500_data_with_metadata.sqlite
2025-10-22 14:02:47,506 - rs_scheduler - INFO - Starting RS Strategy Scheduler...
2025-10-22 14:02:47,514 - rs_scheduler - INFO - Scheduled 3 jobs:
2025-10-22 14:02:47,515 - rs_scheduler - INFO -    - RS Strategy EOD Data Fetch: Next run at Not scheduled
2025-10-22 14:02:47,515 - rs_scheduler - INFO -    - RS Strategy Signal Generation: Next run at Not scheduled
2025-10-22 14:02:47,515 - rs_scheduler - INFO -    - RS Strategy Cleanup: Next run at Not scheduled
2025-10-22 14:02:47,515 - rs_scheduler - INFO - RS Strategy Scheduler started successfully
2025-10-22 14:02:47,516 - rs_scheduler - INFO - EOD data fetch: Daily at 6:00 PM IST
2025-10-22 14:02:47,516 - rs_scheduler - INFO - Signal generation: Daily at 6:00 PM IST
2025-10-22 14:02:47,516 - rs_scheduler - INFO - Cleanup: Weekly on Sunday at 2:00 AM IST
2025-10-22 14:24:24,448 - rs_scheduler - INFO - RS Strategy Scheduler stopped successfully
2025-10-22 14:24:43,134 - rs_scheduler - INFO - EOD data fetcher initialized successfully
2025-10-22 14:24:43,160 - rs_scheduler - INFO - Live signal generator initialized successfully
2025-10-22 14:24:43,166 - rs_scheduler - INFO - RS Strategy Scheduler initialized with database: C:\Users\Dell\Desktop\Newfolder1\wealthai-backend2\Strategies\rsStrategy\nifty500_data_with_metadata.sqlite
2025-10-22 14:24:43,198 - rs_scheduler - INFO - Starting RS Strategy Scheduler...
2025-10-22 14:24:43,251 - rs_scheduler - INFO - Scheduled 3 jobs:
2025-10-22 14:24:43,315 - rs_scheduler - INFO -    - RS Strategy EOD Data Fetch: Next run at Not scheduled
2025-10-22 14:24:43,328 - rs_scheduler - INFO -    - RS Strategy Signal Generation: Next run at Not scheduled
2025-10-22 14:24:43,331 - rs_scheduler - INFO -    - RS Strategy Cleanup: Next run at Not scheduled
2025-10-22 14:24:43,334 - rs_scheduler - INFO - RS Strategy Scheduler started successfully
2025-10-22 14:24:43,375 - rs_scheduler - INFO - EOD data fetch: Daily at 6:00 PM IST
2025-10-22 14:24:43,379 - rs_scheduler - INFO - Signal generation: Daily at 6:00 PM IST
2025-10-22 14:24:43,381 - rs_scheduler - INFO - Cleanup: Weekly on Sunday at 2:00 AM IST
2025-10-22 14:40:40,716 - rs_scheduler - INFO - RS Strategy Scheduler stopped successfully
2025-10-22 14:40:52,066 - rs_scheduler - INFO - EOD data fetcher initialized successfully
2025-10-22 14:40:52,076 - rs_scheduler - INFO - Live signal generator initialized successfully
2025-10-22 14:40:52,079 - rs_scheduler - INFO - RS Strategy Scheduler initialized with database: C:\Users\Dell\Desktop\Newfolder1\wealthai-backend2\Strategies\rsStrategy\nifty500_data_with_metadata.sqlite
2025-10-22 14:40:52,087 - rs_scheduler - INFO - Starting RS Strategy Scheduler...
2025-10-22 14:40:52,107 - rs_scheduler - INFO - Scheduled 3 jobs:
2025-10-22 14:40:52,108 - rs_scheduler - INFO -    - RS Strategy EOD Data Fetch: Next run at Not scheduled
2025-10-22 14:40:52,109 - rs_scheduler - INFO -    - RS Strategy Signal Generation: Next run at Not scheduled
2025-10-22 14:40:52,110 - rs_scheduler - INFO -    - RS Strategy Cleanup: Next run at Not scheduled
2025-10-22 14:40:52,118 - rs_scheduler - INFO - RS Strategy Scheduler started successfully
2025-10-22 14:40:52,127 - rs_scheduler - INFO - EOD data fetch: Daily at 6:00 PM IST
2025-10-22 14:40:52,130 - rs_scheduler - INFO - Signal generation: Daily at 6:00 PM IST
2025-10-22 14:40:52,132 - rs_scheduler - INFO - Cleanup: Weekly on Sunday at 2:00 AM IST
2025-10-22 14:52:35,003 - rs_scheduler - INFO - RS Strategy Scheduler stopped successfully
2025-10-22 14:52:53,790 - rs_scheduler - INFO - EOD data fetcher initialized successfully
2025-10-22 14:52:53,807 - rs_scheduler - INFO - Live signal generator initialized successfully
2025-10-22 14:52:53,812 - rs_scheduler - INFO - RS Strategy Scheduler initialized with database: C:\Users\Dell\Desktop\Newfolder1\wealthai-backend2\Strategies\rsStrategy\nifty500_data_with_metadata.sqlite
2025-10-22 14:52:53,825 - rs_scheduler - INFO - Starting RS Strategy Scheduler...
2025-10-22 14:52:53,886 - rs_scheduler - INFO - Scheduled 3 jobs:
2025-10-22 14:52:53,923 - rs_scheduler - INFO -    - RS Strategy EOD Data Fetch: Next run at Not scheduled
2025-10-22 14:52:53,925 - rs_scheduler - INFO -    - RS Strategy Signal Generation: Next run at Not scheduled
2025-10-22 14:52:53,957 - rs_scheduler - INFO -    - RS Strategy Cleanup: Next run at Not scheduled
2025-10-22 14:52:53,992 - rs_scheduler - INFO - RS Strategy Scheduler started successfully
2025-10-22 14:52:54,025 - rs_scheduler - INFO - EOD data fetch: Daily at 6:00 PM IST
2025-10-22 14:52:54,035 - rs_scheduler - INFO - Signal generation: Daily at 6:00 PM IST
2025-10-22 14:52:54,036 - rs_scheduler - INFO - Cleanup: Weekly on Sunday at 2:00 AM IST
2025-10-22 17:07:31,157 - rs_scheduler - INFO - RS Strategy Scheduler stopped successfully
2025-10-22 17:07:52,942 - rs_scheduler - INFO - EOD data fetcher initialized successfully
2025-10-22 17:07:52,955 - rs_scheduler - INFO - Live signal generator initialized successfully
2025-10-22 17:07:52,962 - rs_scheduler - INFO - RS Strategy Scheduler initialized with database: C:\Users\Dell\Desktop\Newfolder1\wealthai-backend2\Strategies\rsStrategy\nifty500_data_with_metadata.sqlite
2025-10-22 17:07:52,965 - rs_scheduler - INFO - Starting RS Strategy Scheduler...
2025-10-22 17:07:52,980 - rs_scheduler - INFO - Scheduled 3 jobs:
2025-10-22 17:07:52,981 - rs_scheduler - INFO -    - RS Strategy EOD Data Fetch: Next run at Not scheduled
2025-10-22 17:07:52,984 - rs_scheduler - INFO -    - RS Strategy Signal Generation: Next run at Not scheduled
2025-10-22 17:07:52,988 - rs_scheduler - INFO -    - RS Strategy Cleanup: Next run at Not scheduled
2025-10-22 17:07:52,989 - rs_scheduler - INFO - RS Strategy Scheduler started successfully
2025-10-22 17:07:52,991 - rs_scheduler - INFO - EOD data fetch: Daily at 6:00 PM IST
2025-10-22 17:07:52,992 - rs_scheduler - INFO - Signal generation: Daily at 6:00 PM IST
2025-10-22 17:07:52,993 - rs_scheduler - INFO - Cleanup: Weekly on Sunday at 2:00 AM IST
2025-10-22 17:51:35,356 - rs_scheduler - INFO - RS Strategy Scheduler stopped successfully
2025-10-22 17:51:49,151 - rs_scheduler - INFO - EOD data fetcher initialized successfully
2025-10-22 17:51:49,162 - rs_scheduler - INFO - Live signal generator initialized successfully
2025-10-22 17:51:49,165 - rs_scheduler - INFO - RS Strategy Scheduler initialized with database: C:\Users\Dell\Desktop\Newfolder1\wealthai-backend2\Strategies\rsStrategy\nifty500_data_with_metadata.sqlite
2025-10-22 17:51:49,167 - rs_scheduler - INFO - Starting RS Strategy Scheduler...
2025-10-22 17:51:49,183 - rs_scheduler - INFO - Scheduled 3 jobs:
2025-10-22 17:51:49,184 - rs_scheduler - INFO -    - RS Strategy EOD Data Fetch: Next run at Not scheduled
2025-10-22 17:51:49,187 - rs_scheduler - INFO -    - RS Strategy Signal Generation: Next run at Not scheduled
2025-10-22 17:51:49,189 - rs_scheduler - INFO -    - RS Strategy Cleanup: Next run at Not scheduled
2025-10-22 17:51:49,190 - rs_scheduler - INFO - RS Strategy Scheduler started successfully
2025-10-22 17:51:49,192 - rs_scheduler - INFO - EOD data fetch: Daily at 6:00 PM IST
2025-10-22 17:51:49,202 - rs_scheduler - INFO - Signal generation: Daily at 6:00 PM IST
2025-10-22 17:51:49,211 - rs_scheduler - INFO - Cleanup: Weekly on Sunday at 2:00 AM IST
2025-10-22 18:00:00,029 - rs_scheduler - INFO - Starting EOD data fetch job...
2025-10-22 18:00:00,033 - rs_scheduler - INFO - Starting live signal generation job...
2025-10-22 18:00:17,848 - rs_scheduler - INFO - EOD data fetch completed: 498 successful, 1 failed
2025-10-22 18:00:17,899 - rs_scheduler - INFO - Job rs_eod_fetch completed successfully
2025-10-22 18:00:23,766 - rs_scheduler - INFO - Live signal generation completed: 0 signals generated
2025-10-22 18:00:23,767 - rs_scheduler - INFO - Job rs_signal_generation completed successfully
2025-10-22 18:07:01,715 - rs_scheduler - INFO - RS Strategy Scheduler stopped successfully
2025-10-22 18:07:11,873 - rs_scheduler - INFO - EOD data fetcher initialized successfully
2025-10-22 18:07:11,878 - rs_scheduler - INFO - Live signal generator initialized successfully
2025-10-22 18:07:11,879 - rs_scheduler - INFO - RS Strategy Scheduler initialized with database: C:\Users\Dell\Desktop\Newfolder1\wealthai-backend2\Strategies\rsStrategy\nifty500_data_with_metadata.sqlite
2025-10-22 18:07:11,881 - rs_scheduler - INFO - Starting RS Strategy Scheduler...
2025-10-22 18:07:11,888 - rs_scheduler - INFO - Scheduled 3 jobs:
2025-10-22 18:07:11,889 - rs_scheduler - INFO -    - RS Strategy EOD Data Fetch: Next run at Not scheduled
2025-10-22 18:07:11,889 - rs_scheduler - INFO -    - RS Strategy Signal Generation: Next run at Not scheduled
2025-10-22 18:07:11,890 - rs_scheduler - INFO -    - RS Strategy Cleanup: Next run at Not scheduled
2025-10-22 18:07:11,891 - rs_scheduler - INFO - RS Strategy Scheduler started successfully
2025-10-22 18:07:11,892 - rs_scheduler - INFO - EOD data fetch: Daily at 6:00 PM IST
2025-10-22 18:07:11,892 - rs_scheduler - INFO - Signal generation: Daily at 6:00 PM IST
2025-10-22 18:07:11,893 - rs_scheduler - INFO - Cleanup: Weekly on Sunday at 2:00 AM IST
2025-10-22 18:13:16,237 - rs_scheduler - INFO - RS Strategy Scheduler stopped successfully
2025-10-22 18:13:30,156 - rs_scheduler - INFO - EOD data fetcher initialized successfully
2025-10-22 18:13:30,164 - rs_scheduler - INFO - Live signal generator initialized successfully
2025-10-22 18:13:30,166 - rs_scheduler - INFO - RS Strategy Scheduler initialized with database: C:\Users\Dell\Desktop\Newfolder1\wealthai-backend2\Strategies\rsStrategy\nifty500_data_with_metadata.sqlite
2025-10-22 18:13:30,168 - rs_scheduler - INFO - Starting RS Strategy Scheduler...
2025-10-22 18:13:30,172 - rs_scheduler - INFO - Scheduled 3 jobs:
2025-10-22 18:13:30,173 - rs_scheduler - INFO -    - RS Strategy EOD Data Fetch: Next run at Not scheduled
2025-10-22 18:13:30,174 - rs_scheduler - INFO -    - RS Strategy Signal Generation: Next run at Not scheduled
2025-10-22 18:13:30,175 - rs_scheduler - INFO -    - RS Strategy Cleanup: Next run at Not scheduled
2025-10-22 18:13:30,176 - rs_scheduler - INFO - RS Strategy Scheduler started successfully
2025-10-22 18:13:30,177 - rs_scheduler - INFO - EOD data fetch: Daily at 6:00 PM IST
2025-10-22 18:13:30,181 - rs_scheduler - INFO - Signal generation: Daily at 6:00 PM IST
2025-10-22 18:13:30,182 - rs_scheduler - INFO - Cleanup: Weekly on Sunday at 2:00 AM IST
2025-10-22 18:14:43,694 - rs_scheduler - INFO - RS Strategy Scheduler stopped successfully
2025-10-22 18:15:07,118 - rs_scheduler - INFO - EOD data fetcher initialized successfully
2025-10-22 18:15:07,139 - rs_scheduler - INFO - Live signal generator initialized successfully
2025-10-22 18:15:07,141 - rs_scheduler - INFO - RS Strategy Scheduler initialized with database: C:\Users\Dell\Desktop\Newfolder1\wealthai-backend2\Strategies\rsStrategy\nifty500_data_with_metadata.sqlite
2025-10-22 18:15:07,142 - rs_scheduler - INFO - Starting RS Strategy Scheduler...
2025-10-22 18:15:07,148 - rs_scheduler - INFO - Scheduled 3 jobs:
2025-10-22 18:15:07,148 - rs_scheduler - INFO -    - RS Strategy EOD Data Fetch: Next run at Not scheduled
2025-10-22 18:15:07,149 - rs_scheduler - INFO -    - RS Strategy Signal Generation: Next run at Not scheduled
2025-10-22 18:15:07,150 - rs_scheduler - INFO -    - RS Strategy Cleanup: Next run at Not scheduled
2025-10-22 18:15:07,151 - rs_scheduler - INFO - RS Strategy Scheduler started successfully
2025-10-22 18:15:07,152 - rs_scheduler - INFO - EOD data fetch: Daily at 6:00 PM IST
2025-10-22 18:15:07,156 - rs_scheduler - INFO - Signal generation: Daily at 6:00 PM IST
2025-10-22 18:15:07,162 - rs_scheduler - INFO - Cleanup: Weekly on Sunday at 2:00 AM IST
2025-10-22 21:10:04,676 - rs_scheduler - INFO - RS Strategy Scheduler stopped successfully
2025-10-22 21:10:37,254 - rs_scheduler - INFO - EOD data fetcher initialized successfully
2025-10-22 21:10:37,410 - rs_scheduler - INFO - Live signal generator initialized successfully
2025-10-22 21:10:37,419 - rs_scheduler - INFO - RS Strategy Scheduler initialized with database: C:\Users\Dell\Desktop\Newfolder1\wealthai-backend2\Strategies\rsStrategy\nifty500_data_with_metadata.sqlite
2025-10-22 21:10:37,423 - rs_scheduler - INFO - Starting RS Strategy Scheduler...
2025-10-22 21:10:37,711 - rs_scheduler - INFO - Scheduled 3 jobs:
2025-10-22 21:10:37,725 - rs_scheduler - INFO -    - RS Strategy EOD Data Fetch: Next run at Not scheduled
2025-10-22 21:10:37,826 - rs_scheduler - INFO -    - RS Strategy Signal Generation: Next run at Not scheduled
2025-10-22 21:10:37,956 - rs_scheduler - INFO -    - RS Strategy Cleanup: Next run at Not scheduled
2025-10-22 21:10:38,012 - rs_scheduler - INFO - RS Strategy Scheduler started successfully
2025-10-22 21:10:38,069 - rs_scheduler - INFO - EOD data fetch: Daily at 6:00 PM IST
2025-10-22 21:10:38,070 - rs_scheduler - INFO - Signal generation: Daily at 6:00 PM IST
2025-10-22 21:10:38,071 - rs_scheduler - INFO - Cleanup: Weekly on Sunday at 2:00 AM IST
2025-10-22 21:44:18,766 - rs_scheduler - INFO - RS Strategy Scheduler stopped successfully
2025-10-22 21:44:29,097 - rs_scheduler - INFO - EOD data fetcher initialized successfully
2025-10-22 21:44:29,101 - rs_scheduler - INFO - Live signal generator initialized successfully
2025-10-22 21:44:29,103 - rs_scheduler - INFO - RS Strategy Scheduler initialized with database: C:\Users\Dell\Desktop\Newfolder1\wealthai-backend2\Strategies\rsStrategy\nifty500_data_with_metadata.sqlite
2025-10-22 21:44:29,109 - rs_scheduler - INFO - Starting RS Strategy Scheduler...
2025-10-22 21:44:29,126 - rs_scheduler - INFO - Scheduled 3 jobs:
2025-10-22 21:44:29,127 - rs_scheduler - INFO -    - RS Strategy EOD Data Fetch: Next run at Not scheduled
2025-10-22 21:44:29,127 - rs_scheduler - INFO -    - RS Strategy Signal Generation: Next run at Not scheduled
2025-10-22 21:44:29,128 - rs_scheduler - INFO -    - RS Strategy Cleanup: Next run at Not scheduled
2025-10-22 21:44:29,129 - rs_scheduler - INFO - RS Strategy Scheduler started successfully
2025-10-22 21:44:29,129 - rs_scheduler - INFO - EOD data fetch: Daily at 6:00 PM IST
2025-10-22 21:44:29,130 - rs_scheduler - INFO - Signal generation: Daily at 6:00 PM IST
2025-10-22 21:44:29,130 - rs_scheduler - INFO - Cleanup: Weekly on Sunday at 2:00 AM IST
2025-10-22 21:47:57,777 - rs_scheduler - INFO - RS Strategy Scheduler stopped successfully
2025-10-22 21:58:25,801 - rs_scheduler - INFO - EOD data fetcher initialized successfully
2025-10-22 21:58:25,805 - rs_scheduler - INFO - Live signal generator initialized successfully
2025-10-22 21:58:25,806 - rs_scheduler - INFO - RS Strategy Scheduler initialized with database: C:\Users\Dell\Desktop\Newfolder1\wealthai-backend2\Strategies\rsStrategy\nifty500_data_with_metadata.sqlite
2025-10-22 21:58:25,808 - rs_scheduler - INFO - Starting RS Strategy Scheduler...
2025-10-22 21:58:25,812 - rs_scheduler - INFO - Scheduled 3 jobs:
2025-10-22 21:58:25,813 - rs_scheduler - INFO -    - RS Strategy EOD Data Fetch: Next run at Not scheduled
2025-10-22 21:58:25,815 - rs_scheduler - INFO -    - RS Strategy Signal Generation: Next run at Not scheduled
2025-10-22 21:58:25,817 - rs_scheduler - INFO -    - RS Strategy Cleanup: Next run at Not scheduled
2025-10-22 21:58:25,817 - rs_scheduler - INFO - RS Strategy Scheduler started successfully
2025-10-22 21:58:25,818 - rs_scheduler - INFO - EOD data fetch: Daily at 6:00 PM IST
2025-10-22 21:58:25,819 - rs_scheduler - INFO - Signal generation: Daily at 6:00 PM IST
2025-10-22 21:58:25,819 - rs_scheduler - INFO - Cleanup: Weekly on Sunday at 2:00 AM IST
2025-10-22 22:20:38,608 - rs_scheduler - INFO - RS Strategy Scheduler stopped successfully
2025-10-22 22:21:24,919 - rs_scheduler - INFO - EOD data fetcher initialized successfully
2025-10-22 22:21:24,922 - rs_scheduler - INFO - Live signal generator initialized successfully
2025-10-22 22:21:24,922 - rs_scheduler - INFO - RS Strategy Scheduler initialized with database: C:\Users\Dell\Desktop\Newfolder1\wealthai-backend2\Strategies\rsStrategy\nifty500_data_with_metadata.sqlite
2025-10-22 22:21:24,923 - rs_scheduler - INFO - Starting RS Strategy Scheduler...
2025-10-22 22:21:24,928 - rs_scheduler - INFO - Scheduled 3 jobs:
2025-10-22 22:21:24,929 - rs_scheduler - INFO -    - RS Strategy EOD Data Fetch: Next run at Not scheduled
2025-10-22 22:21:24,930 - rs_scheduler - INFO -    - RS Strategy Signal Generation: Next run at Not scheduled
2025-10-22 22:21:24,932 - rs_scheduler - INFO -    - RS Strategy Cleanup: Next run at Not scheduled
2025-10-22 22:21:24,932 - rs_scheduler - INFO - RS Strategy Scheduler started successfully
2025-10-22 22:21:24,933 - rs_scheduler - INFO - EOD data fetch: Daily at 6:00 PM IST
2025-10-22 22:21:24,933 - rs_scheduler - INFO - Signal generation: Daily at 6:00 PM IST
2025-10-22 22:21:24,933 - rs_scheduler - INFO - Cleanup: Weekly on Sunday at 2:00 AM IST
2025-10-23 09:51:57,846 - rs_scheduler - INFO - RS Strategy Scheduler stopped successfully
2025-10-23 09:52:50,373 - rs_scheduler - INFO - EOD data fetcher initialized successfully
2025-10-23 09:52:50,376 - rs_scheduler - INFO - Live signal generator initialized successfully
2025-10-23 09:52:50,376 - rs_scheduler - INFO - RS Strategy Scheduler initialized with database: C:\Users\Dell\Desktop\Newfolder1\wealthai-backend2\Strategies\rsStrategy\nifty500_data_with_metadata.sqlite
2025-10-23 09:52:50,376 - rs_scheduler - INFO - Starting RS Strategy Scheduler...
2025-10-23 09:52:50,378 - rs_scheduler - INFO - Scheduled 3 jobs:
2025-10-23 09:52:50,379 - rs_scheduler - INFO -    - RS Strategy EOD Data Fetch: Next run at Not scheduled
2025-10-23 09:52:50,379 - rs_scheduler - INFO -    - RS Strategy Signal Generation: Next run at Not scheduled
2025-10-23 09:52:50,379 - rs_scheduler - INFO -    - RS Strategy Cleanup: Next run at Not scheduled
2025-10-23 09:52:50,380 - rs_scheduler - INFO - RS Strategy Scheduler started successfully
2025-10-23 09:52:50,380 - rs_scheduler - INFO - EOD data fetch: Daily at 6:00 PM IST
2025-10-23 09:52:50,380 - rs_scheduler - INFO - Signal generation: Daily at 6:00 PM IST
2025-10-23 09:52:50,380 - rs_scheduler - INFO - Cleanup: Weekly on Sunday at 2:00 AM IST
2025-10-23 11:03:24,682 - rs_scheduler - INFO - RS Strategy Scheduler stopped successfully
2025-10-23 11:03:33,164 - rs_scheduler - INFO - EOD data fetcher initialized successfully
2025-10-23 11:03:33,168 - rs_scheduler - INFO - Live signal generator initialized successfully
2025-10-23 11:03:33,168 - rs_scheduler - INFO - RS Strategy Scheduler initialized with database: C:\Users\Dell\Desktop\Newfolder1\wealthai-backend2\Strategies\rsStrategy\nifty500_data_with_metadata.sqlite
2025-10-23 11:03:33,169 - rs_scheduler - INFO - Starting RS Strategy Scheduler...
2025-10-23 11:03:33,171 - rs_scheduler - INFO - Scheduled 3 jobs:
2025-10-23 11:03:33,172 - rs_scheduler - INFO -    - RS Strategy EOD Data Fetch: Next run at Not scheduled
2025-10-23 11:03:33,172 - rs_scheduler - INFO -    - RS Strategy Signal Generation: Next run at Not scheduled
2025-10-23 11:03:33,173 - rs_scheduler - INFO -    - RS Strategy Cleanup: Next run at Not scheduled
2025-10-23 11:03:33,173 - rs_scheduler - INFO - RS Strategy Scheduler started successfully
2025-10-23 11:03:33,174 - rs_scheduler - INFO - EOD data fetch: Daily at 6:00 PM IST
2025-10-23 11:03:33,174 - rs_scheduler - INFO - Signal generation: Daily at 6:00 PM IST
2025-10-23 11:03:33,175 - rs_scheduler - INFO - Cleanup: Weekly on Sunday at 2:00 AM IST
2025-10-23 11:44:18,245 - rs_scheduler - INFO - RS Strategy Scheduler stopped successfully
2025-10-23 11:44:27,993 - rs_scheduler - INFO - EOD data fetcher initialized successfully
2025-10-23 11:44:27,996 - rs_scheduler - INFO - Live signal generator initialized successfully
2025-10-23 11:44:27,996 - rs_scheduler - INFO - RS Strategy Scheduler initialized with database: C:\Users\Dell\Desktop\Newfolder1\wealthai-backend2\Strategies\rsStrategy\nifty500_data_with_metadata.sqlite
2025-10-23 11:44:27,997 - rs_scheduler - INFO - Starting RS Strategy Scheduler...
2025-10-23 11:44:28,002 - rs_scheduler - INFO - Scheduled 3 jobs:
2025-10-23 11:44:28,003 - rs_scheduler - INFO -    - RS Strategy EOD Data Fetch: Next run at Not scheduled
2025-10-23 11:44:28,003 - rs_scheduler - INFO -    - RS Strategy Signal Generation: Next run at Not scheduled
2025-10-23 11:44:28,003 - rs_scheduler - INFO -    - RS Strategy Cleanup: Next run at Not scheduled
2025-10-23 11:44:28,003 - rs_scheduler - INFO - RS Strategy Scheduler started successfully
2025-10-23 11:44:28,004 - rs_scheduler - INFO - EOD data fetch: Daily at 6:00 PM IST
2025-10-23 11:44:28,004 - rs_scheduler - INFO - Signal generation: Daily at 6:00 PM IST
2025-10-23 11:44:28,004 - rs_scheduler - INFO - Cleanup: Weekly on Sunday at 2:00 AM IST
2025-10-23 13:05:05,574 - rs_scheduler - INFO - RS Strategy Scheduler stopped successfully
2025-10-23 13:09:23,965 - rs_scheduler - INFO - EOD data fetcher initialized successfully
2025-10-23 13:09:23,979 - rs_scheduler - INFO - Live signal generator initialized successfully
2025-10-23 13:09:23,980 - rs_scheduler - INFO - RS Strategy Scheduler initialized with database: C:\Users\Dell\Desktop\Newfolder1\wealthai-backend2\Strategies\rsStrategy\nifty500_data_with_metadata.sqlite
2025-10-23 13:09:23,980 - rs_scheduler - INFO - Starting RS Strategy Scheduler...
2025-10-23 13:09:23,983 - rs_scheduler - INFO - Scheduled 3 jobs:
2025-10-23 13:09:23,983 - rs_scheduler - INFO -    - RS Strategy EOD Data Fetch: Next run at Not scheduled
2025-10-23 13:09:23,984 - rs_scheduler - INFO -    - RS Strategy Signal Generation: Next run at Not scheduled
2025-10-23 13:09:23,985 - rs_scheduler - INFO -    - RS Strategy Cleanup: Next run at Not scheduled
2025-10-23 13:09:23,986 - rs_scheduler - INFO - RS Strategy Scheduler started successfully
2025-10-23 13:09:23,986 - rs_scheduler - INFO - EOD data fetch: Daily at 6:00 PM IST
2025-10-23 13:09:23,987 - rs_scheduler - INFO - Signal generation: Daily at 6:00 PM IST
2025-10-23 13:09:23,987 - rs_scheduler - INFO - Cleanup: Weekly on Sunday at 2:00 AM IST
2025-10-23 13:34:05,024 - rs_scheduler - INFO - RS Strategy Scheduler stopped successfully
2025-10-23 13:34:13,518 - rs_scheduler - INFO - EOD data fetcher initialized successfully
2025-10-23 13:34:13,532 - rs_scheduler - INFO - Live signal generator initialized successfully
2025-10-23 13:34:13,533 - rs_scheduler - INFO - RS Strategy Scheduler initialized with database: C:\Users\Dell\Desktop\Newfolder1\wealthai-backend2\Strategies\rsStrategy\nifty500_data_with_metadata.sqlite
2025-10-23 13:34:13,535 - rs_scheduler - INFO - Starting RS Strategy Scheduler...
2025-10-23 13:34:13,538 - rs_scheduler - INFO - Scheduled 3 jobs:
2025-10-23 13:34:13,539 - rs_scheduler - INFO -    - RS Strategy EOD Data Fetch: Next run at Not scheduled
2025-10-23 13:34:13,539 - rs_scheduler - INFO -    - RS Strategy Signal Generation: Next run at Not scheduled
2025-10-23 13:34:13,540 - rs_scheduler - INFO -    - RS Strategy Cleanup: Next run at Not scheduled
2025-10-23 13:34:13,540 - rs_scheduler - INFO - RS Strategy Scheduler started successfully
2025-10-23 13:34:13,540 - rs_scheduler - INFO - EOD data fetch: Daily at 6:00 PM IST
2025-10-23 13:34:13,540 - rs_scheduler - INFO - Signal generation: Daily at 6:00 PM IST
2025-10-23 13:34:13,541 - rs_scheduler - INFO - Cleanup: Weekly on Sunday at 2:00 AM IST
2025-10-23 13:38:48,752 - rs_scheduler - INFO - RS Strategy Scheduler stopped successfully
2025-10-23 13:38:57,103 - rs_scheduler - INFO - EOD data fetcher initialized successfully
2025-10-23 13:38:57,115 - rs_scheduler - INFO - Live signal generator initialized successfully
2025-10-23 13:38:57,115 - rs_scheduler - INFO - RS Strategy Scheduler initialized with database: C:\Users\Dell\Desktop\Newfolder1\wealthai-backend2\Strategies\rsStrategy\nifty500_data_with_metadata.sqlite
2025-10-23 13:38:57,118 - rs_scheduler - INFO - Starting RS Strategy Scheduler...
2025-10-23 13:38:57,122 - rs_scheduler - INFO - Scheduled 3 jobs:
2025-10-23 13:38:57,122 - rs_scheduler - INFO -    - RS Strategy EOD Data Fetch: Next run at Not scheduled
2025-10-23 13:38:57,123 - rs_scheduler - INFO -    - RS Strategy Signal Generation: Next run at Not scheduled
2025-10-23 13:38:57,123 - rs_scheduler - INFO -    - RS Strategy Cleanup: Next run at Not scheduled
2025-10-23 13:38:57,123 - rs_scheduler - INFO - RS Strategy Scheduler started successfully
2025-10-23 13:38:57,123 - rs_scheduler - INFO - EOD data fetch: Daily at 6:00 PM IST
2025-10-23 13:38:57,123 - rs_scheduler - INFO - Signal generation: Daily at 6:00 PM IST
2025-10-23 13:38:57,124 - rs_scheduler - INFO - Cleanup: Weekly on Sunday at 2:00 AM IST
2025-10-23 14:02:59,147 - rs_scheduler - INFO - RS Strategy Scheduler stopped successfully
2025-10-23 14:03:06,342 - rs_scheduler - INFO - EOD data fetcher initialized successfully
2025-10-23 14:03:06,358 - rs_scheduler - INFO - Live signal generator initialized successfully
2025-10-23 14:03:06,359 - rs_scheduler - INFO - RS Strategy Scheduler initialized with database: C:\Users\Dell\Desktop\Newfolder1\wealthai-backend2\Strategies\rsStrategy\nifty500_data_with_metadata.sqlite
2025-10-23 14:03:06,359 - rs_scheduler - INFO - Starting RS Strategy Scheduler...
2025-10-23 14:03:06,361 - rs_scheduler - INFO - Scheduled 3 jobs:
2025-10-23 14:03:06,362 - rs_scheduler - INFO -    - RS Strategy EOD Data Fetch: Next run at Not scheduled
2025-10-23 14:03:06,362 - rs_scheduler - INFO -    - RS Strategy Signal Generation: Next run at Not scheduled
2025-10-23 14:03:06,362 - rs_scheduler - INFO -    - RS Strategy Cleanup: Next run at Not scheduled
2025-10-23 14:03:06,363 - rs_scheduler - INFO - RS Strategy Scheduler started successfully
2025-10-23 14:03:06,363 - rs_scheduler - INFO - EOD data fetch: Daily at 6:00 PM IST
2025-10-23 14:03:06,363 - rs_scheduler - INFO - Signal generation: Daily at 6:00 PM IST
2025-10-23 14:03:06,363 - rs_scheduler - INFO - Cleanup: Weekly on Sunday at 2:00 AM IST
2025-10-23 15:14:23,418 - rs_scheduler - INFO - RS Strategy Scheduler stopped successfully
2025-10-23 15:14:56,530 - rs_scheduler - INFO - EOD data fetcher initialized successfully
2025-10-23 15:14:56,549 - rs_scheduler - INFO - Live signal generator initialized successfully
2025-10-23 15:14:56,550 - rs_scheduler - INFO - RS Strategy Scheduler initialized with database: C:\Users\Dell\Desktop\Newfolder1\wealthai-backend2\Strategies\rsStrategy\nifty500_data_with_metadata.sqlite
2025-10-23 15:14:56,550 - rs_scheduler - INFO - Starting RS Strategy Scheduler...
2025-10-23 15:14:56,552 - rs_scheduler - INFO - Scheduled 3 jobs:
2025-10-23 15:14:56,553 - rs_scheduler - INFO -    - RS Strategy EOD Data Fetch: Next run at Not scheduled
2025-10-23 15:14:56,554 - rs_scheduler - INFO -    - RS Strategy Signal Generation: Next run at Not scheduled
2025-10-23 15:14:56,554 - rs_scheduler - INFO -    - RS Strategy Cleanup: Next run at Not scheduled
2025-10-23 15:14:56,554 - rs_scheduler - INFO - RS Strategy Scheduler started successfully
2025-10-23 15:14:56,554 - rs_scheduler - INFO - EOD data fetch: Daily at 6:00 PM IST
2025-10-23 15:14:56,555 - rs_scheduler - INFO - Signal generation: Daily at 6:00 PM IST
2025-10-23 15:14:56,555 - rs_scheduler - INFO - Cleanup: Weekly on Sunday at 2:00 AM IST
2025-10-23 16:27:24,518 - rs_scheduler - INFO - RS Strategy Scheduler stopped successfully
2025-10-23 16:27:32,530 - rs_scheduler - INFO - EOD data fetcher initialized successfully
2025-10-23 16:27:32,546 - rs_scheduler - INFO - Live signal generator initialized successfully
2025-10-23 16:27:32,546 - rs_scheduler - INFO - RS Strategy Scheduler initialized with database: C:\Users\Dell\Desktop\Newfolder1\wealthai-backend2\Strategies\rsStrategy\nifty500_data_with_metadata.sqlite
2025-10-23 16:27:32,547 - rs_scheduler - INFO - Starting RS Strategy Scheduler...
2025-10-23 16:27:32,550 - rs_scheduler - INFO - Scheduled 3 jobs:
2025-10-23 16:27:32,551 - rs_scheduler - INFO -    - RS Strategy EOD Data Fetch: Next run at Not scheduled
2025-10-23 16:27:32,551 - rs_scheduler - INFO -    - RS Strategy Signal Generation: Next run at Not scheduled
2025-10-23 16:27:32,552 - rs_scheduler - INFO -    - RS Strategy Cleanup: Next run at Not scheduled
2025-10-23 16:27:32,552 - rs_scheduler - INFO - RS Strategy Scheduler started successfully
2025-10-23 16:27:32,552 - rs_scheduler - INFO - EOD data fetch: Daily at 6:00 PM IST
2025-10-23 16:27:32,552 - rs_scheduler - INFO - Signal generation: Daily at 6:00 PM IST
2025-10-23 16:27:32,553 - rs_scheduler - INFO - Cleanup: Weekly on Sunday at 2:00 AM IST
2025-10-23 17:03:50,853 - rs_scheduler - INFO - RS Strategy Scheduler stopped successfully
2025-10-23 17:04:02,927 - rs_scheduler - INFO - EOD data fetcher initialized successfully
2025-10-23 17:04:02,953 - rs_scheduler - INFO - Live signal generator initialized successfully
2025-10-23 17:04:02,957 - rs_scheduler - INFO - RS Strategy Scheduler initialized with database: C:\Users\Dell\Desktop\Newfolder1\wealthai-backend2\Strategies\rsStrategy\nifty500_data_with_metadata.sqlite
2025-10-23 17:04:02,968 - rs_scheduler - INFO - Starting RS Strategy Scheduler...
2025-10-23 17:04:02,974 - rs_scheduler - INFO - Scheduled 3 jobs:
2025-10-23 17:04:02,975 - rs_scheduler - INFO -    - RS Strategy EOD Data Fetch: Next run at Not scheduled
2025-10-23 17:04:02,980 - rs_scheduler - INFO -    - RS Strategy Signal Generation: Next run at Not scheduled
2025-10-23 17:04:02,981 - rs_scheduler - INFO -    - RS Strategy Cleanup: Next run at Not scheduled
2025-10-23 17:04:02,981 - rs_scheduler - INFO - RS Strategy Scheduler started successfully
2025-10-23 17:04:02,982 - rs_scheduler - INFO - EOD data fetch: Daily at 6:00 PM IST
2025-10-23 17:04:02,984 - rs_scheduler - INFO - Signal generation: Daily at 6:00 PM IST
2025-10-23 17:04:02,986 - rs_scheduler - INFO - Cleanup: Weekly on Sunday at 2:00 AM IST
2025-10-23 18:00:00,030 - rs_scheduler - INFO - Starting EOD data fetch job...
2025-10-23 18:00:00,038 - rs_scheduler - INFO - Starting live signal generation job...
2025-10-23 18:00:05,882 - rs_scheduler - INFO - Live signal generation completed: 0 signals generated
2025-10-23 18:00:05,883 - rs_scheduler - INFO - Job rs_signal_generation completed successfully
2025-10-23 18:00:10,145 - rs_scheduler - INFO - EOD data fetch completed: 0 successful, 499 failed
2025-10-23 18:00:10,146 - rs_scheduler - INFO - Job rs_eod_fetch completed successfully
2025-10-23 18:05:39,125 - rs_scheduler - INFO - RS Strategy Scheduler stopped successfully
2025-10-23 18:05:49,435 - rs_scheduler - INFO - EOD data fetcher initialized successfully
2025-10-23 18:05:49,463 - rs_scheduler - INFO - Live signal generator initialized successfully
2025-10-23 18:05:49,467 - rs_scheduler - INFO - RS Strategy Scheduler initialized with database: C:\Users\Dell\Desktop\Newfolder1\wealthai-backend2\Strategies\rsStrategy\nifty500_data_with_metadata.sqlite
2025-10-23 18:05:49,467 - rs_scheduler - INFO - Starting RS Strategy Scheduler...
2025-10-23 18:05:49,470 - rs_scheduler - INFO - Scheduled 3 jobs:
2025-10-23 18:05:49,470 - rs_scheduler - INFO -    - RS Strategy EOD Data Fetch: Next run at Not scheduled
2025-10-23 18:05:49,470 - rs_scheduler - INFO -    - RS Strategy Signal Generation: Next run at Not scheduled
2025-10-23 18:05:49,471 - rs_scheduler - INFO -    - RS Strategy Cleanup: Next run at Not scheduled
2025-10-23 18:05:49,474 - rs_scheduler - INFO - RS Strategy Scheduler started successfully
2025-10-23 18:05:49,474 - rs_scheduler - INFO - EOD data fetch: Daily at 6:00 PM IST
2025-10-23 18:05:49,475 - rs_scheduler - INFO - Signal generation: Daily at 6:00 PM IST
2025-10-23 18:05:49,475 - rs_scheduler - INFO - Cleanup: Weekly on Sunday at 2:00 AM IST
2025-10-23 18:18:42,419 - rs_scheduler - INFO - RS Strategy Scheduler stopped successfully
2025-10-23 18:18:52,711 - rs_scheduler - INFO - EOD data fetcher initialized successfully
2025-10-23 18:18:52,741 - rs_scheduler - INFO - Live signal generator initialized successfully
2025-10-23 18:18:52,744 - rs_scheduler - INFO - RS Strategy Scheduler initialized with database: C:\Users\Dell\Desktop\Newfolder1\wealthai-backend2\Strategies\rsStrategy\nifty500_data_with_metadata.sqlite
2025-10-23 18:18:52,746 - rs_scheduler - INFO - Starting RS Strategy Scheduler...
2025-10-23 18:18:52,748 - rs_scheduler - INFO - Scheduled 3 jobs:
2025-10-23 18:18:52,748 - rs_scheduler - INFO -    - RS Strategy EOD Data Fetch: Next run at Not scheduled
2025-10-23 18:18:52,749 - rs_scheduler - INFO -    - RS Strategy Signal Generation: Next run at Not scheduled
2025-10-23 18:18:52,749 - rs_scheduler - INFO -    - RS Strategy Cleanup: Next run at Not scheduled
2025-10-23 18:18:52,750 - rs_scheduler - INFO - RS Strategy Scheduler started successfully
2025-10-23 18:18:52,752 - rs_scheduler - INFO - EOD data fetch: Daily at 6:00 PM IST
2025-10-23 18:18:52,755 - rs_scheduler - INFO - Signal generation: Daily at 6:00 PM IST
2025-10-23 18:18:52,755 - rs_scheduler - INFO - Cleanup: Weekly on Sunday at 2:00 AM IST
2025-10-23 19:36:30,242 - rs_scheduler - INFO - RS Strategy Scheduler stopped successfully
2025-10-23 19:36:38,303 - rs_scheduler - INFO - EOD data fetcher initialized successfully
2025-10-23 19:36:38,318 - rs_scheduler - INFO - Live signal generator initialized successfully
2025-10-23 19:36:38,319 - rs_scheduler - INFO - RS Strategy Scheduler initialized with database: C:\Users\Dell\Desktop\Newfolder1\wealthai-backend2\Strategies\rsStrategy\nifty500_data_with_metadata.sqlite
2025-10-23 19:36:38,320 - rs_scheduler - INFO - Starting RS Strategy Scheduler...
2025-10-23 19:36:38,323 - rs_scheduler - INFO - Scheduled 3 jobs:
2025-10-23 19:36:38,324 - rs_scheduler - INFO -    - RS Strategy EOD Data Fetch: Next run at Not scheduled
2025-10-23 19:36:38,325 - rs_scheduler - INFO -    - RS Strategy Signal Generation: Next run at Not scheduled
2025-10-23 19:36:38,325 - rs_scheduler - INFO -    - RS Strategy Cleanup: Next run at Not scheduled
2025-10-23 19:36:38,326 - rs_scheduler - INFO - RS Strategy Scheduler started successfully
2025-10-23 19:36:38,326 - rs_scheduler - INFO - EOD data fetch: Daily at 6:00 PM IST
2025-10-23 19:36:38,327 - rs_scheduler - INFO - Signal generation: Daily at 6:00 PM IST
2025-10-23 19:36:38,327 - rs_scheduler - INFO - Cleanup: Weekly on Sunday at 2:00 AM IST
2025-10-23 19:47:13,150 - rs_scheduler - INFO - RS Strategy Scheduler stopped successfully
2025-10-23 19:47:20,313 - rs_scheduler - INFO - EOD data fetcher initialized successfully
2025-10-23 19:47:20,331 - rs_scheduler - INFO - Live signal generator initialized successfully
2025-10-23 19:47:20,331 - rs_scheduler - INFO - RS Strategy Scheduler initialized with database: C:\Users\Dell\Desktop\Newfolder1\wealthai-backend2\Strategies\rsStrategy\nifty500_data_with_metadata.sqlite
2025-10-23 19:47:20,332 - rs_scheduler - INFO - Starting RS Strategy Scheduler...
2025-10-23 19:47:20,334 - rs_scheduler - INFO - Scheduled 3 jobs:
2025-10-23 19:47:20,335 - rs_scheduler - INFO -    - RS Strategy EOD Data Fetch: Next run at Not scheduled
2025-10-23 19:47:20,336 - rs_scheduler - INFO -    - RS Strategy Signal Generation: Next run at Not scheduled
2025-10-23 19:47:20,336 - rs_scheduler - INFO -    - RS Strategy Cleanup: Next run at Not scheduled
2025-10-23 19:47:20,336 - rs_scheduler - INFO - RS Strategy Scheduler started successfully
2025-10-23 19:47:20,337 - rs_scheduler - INFO - EOD data fetch: Daily at 6:00 PM IST
2025-10-23 19:47:20,338 - rs_scheduler - INFO - Signal generation: Daily at 6:00 PM IST
2025-10-23 19:47:20,338 - rs_scheduler - INFO - Cleanup: Weekly on Sunday at 2:00 AM IST
2025-10-23 22:37:48,889 - rs_scheduler - INFO - RS Strategy Scheduler stopped successfully
2025-10-23 22:37:57,148 - rs_scheduler - INFO - EOD data fetcher initialized successfully
2025-10-23 22:37:57,164 - rs_scheduler - INFO - Live signal generator initialized successfully
2025-10-23 22:37:57,164 - rs_scheduler - INFO - RS Strategy Scheduler initialized with database: C:\Users\Dell\Desktop\Newfolder1\wealthai-backend2\Strategies\rsStrategy\nifty500_data_with_metadata.sqlite
2025-10-23 22:37:57,165 - rs_scheduler - INFO - Starting RS Strategy Scheduler...
2025-10-23 22:37:57,170 - rs_scheduler - INFO - Scheduled 3 jobs:
2025-10-23 22:37:57,171 - rs_scheduler - INFO -    - RS Strategy EOD Data Fetch: Next run at Not scheduled
2025-10-23 22:37:57,172 - rs_scheduler - INFO -    - RS Strategy Signal Generation: Next run at Not scheduled
2025-10-23 22:37:57,172 - rs_scheduler - INFO -    - RS Strategy Cleanup: Next run at Not scheduled
2025-10-23 22:37:57,173 - rs_scheduler - INFO - RS Strategy Scheduler started successfully
2025-10-23 22:37:57,173 - rs_scheduler - INFO - EOD data fetch: Daily at 6:00 PM IST
2025-10-23 22:37:57,173 - rs_scheduler - INFO - Signal generation: Daily at 6:00 PM IST
2025-10-23 22:37:57,174 - rs_scheduler - INFO - Cleanup: Weekly on Sunday at 2:00 AM IST
2025-10-23 22:47:17,614 - rs_scheduler - INFO - RS Strategy Scheduler stopped successfully
2025-10-23 22:47:25,709 - rs_scheduler - INFO - EOD data fetcher initialized successfully
2025-10-23 22:47:25,726 - rs_scheduler - INFO - Live signal generator initialized successfully
2025-10-23 22:47:25,727 - rs_scheduler - INFO - RS Strategy Scheduler initialized with database: C:\Users\Dell\Desktop\Newfolder1\wealthai-backend2\Strategies\rsStrategy\nifty500_data_with_metadata.sqlite
2025-10-23 22:47:25,728 - rs_scheduler - INFO - Starting RS Strategy Scheduler...
2025-10-23 22:47:25,730 - rs_scheduler - INFO - Scheduled 3 jobs:
2025-10-23 22:47:25,732 - rs_scheduler - INFO -    - RS Strategy EOD Data Fetch: Next run at Not scheduled
2025-10-23 22:47:25,732 - rs_scheduler - INFO -    - RS Strategy Signal Generation: Next run at Not scheduled
2025-10-23 22:47:25,733 - rs_scheduler - INFO -    - RS Strategy Cleanup: Next run at Not scheduled
2025-10-23 22:47:25,733 - rs_scheduler - INFO - RS Strategy Scheduler started successfully
2025-10-23 22:47:25,734 - rs_scheduler - INFO - EOD data fetch: Daily at 6:00 PM IST
2025-10-23 22:47:25,734 - rs_scheduler - INFO - Signal generation: Daily at 6:00 PM IST
2025-10-23 22:47:25,735 - rs_scheduler - INFO - Cleanup: Weekly on Sunday at 2:00 AM IST
2025-10-23 23:13:15,621 - rs_scheduler - INFO - RS Strategy Scheduler stopped successfully
2025-10-23 23:14:02,065 - rs_scheduler - INFO - EOD data fetcher initialized successfully
2025-10-23 23:14:02,084 - rs_scheduler - INFO - Live signal generator initialized successfully
2025-10-23 23:14:02,084 - rs_scheduler - INFO - RS Strategy Scheduler initialized with database: C:\Users\Dell\Desktop\Newfolder1\wealthai-backend2\Strategies\rsStrategy\nifty500_data_with_metadata.sqlite
2025-10-23 23:14:02,085 - rs_scheduler - INFO - Starting RS Strategy Scheduler...
2025-10-23 23:14:02,087 - rs_scheduler - INFO - Scheduled 3 jobs:
2025-10-23 23:14:02,088 - rs_scheduler - INFO -    - RS Strategy EOD Data Fetch: Next run at Not scheduled
2025-10-23 23:14:02,090 - rs_scheduler - INFO -    - RS Strategy Signal Generation: Next run at Not scheduled
2025-10-23 23:14:02,090 - rs_scheduler - INFO -    - RS Strategy Cleanup: Next run at Not scheduled
2025-10-23 23:14:02,091 - rs_scheduler - INFO - RS Strategy Scheduler started successfully
2025-10-23 23:14:02,091 - rs_scheduler - INFO - EOD data fetch: Daily at 6:00 PM IST
2025-10-23 23:14:02,091 - rs_scheduler - INFO - Signal generation: Daily at 6:00 PM IST
2025-10-23 23:14:02,093 - rs_scheduler - INFO - Cleanup: Weekly on Sunday at 2:00 AM IST
2025-10-24 09:54:43,914 - rs_scheduler - INFO - EOD data fetcher initialized successfully
2025-10-24 09:54:43,952 - rs_scheduler - INFO - Live signal generator initialized successfully
2025-10-24 09:54:43,953 - rs_scheduler - INFO - RS Strategy Scheduler initialized with database: C:\Users\Dell\Desktop\Newfolder1\wealthai-backend2\Strategies\rsStrategy\nifty500_data_with_metadata.sqlite
2025-10-24 09:54:43,956 - rs_scheduler - INFO - Starting RS Strategy Scheduler...
2025-10-24 09:54:43,982 - rs_scheduler - INFO - Scheduled 3 jobs:
2025-10-24 09:54:43,983 - rs_scheduler - INFO -    - RS Strategy EOD Data Fetch: Next run at Not scheduled
2025-10-24 09:54:43,993 - rs_scheduler - INFO -    - RS Strategy Signal Generation: Next run at Not scheduled
2025-10-24 09:54:43,996 - rs_scheduler - INFO -    - RS Strategy Cleanup: Next run at Not scheduled
2025-10-24 09:54:43,997 - rs_scheduler - INFO - RS Strategy Scheduler started successfully
2025-10-24 09:54:44,001 - rs_scheduler - INFO - EOD data fetch: Daily at 6:00 PM IST
2025-10-24 09:54:44,005 - rs_scheduler - INFO - Signal generation: Daily at 6:00 PM IST
2025-10-24 09:54:44,015 - rs_scheduler - INFO - Cleanup: Weekly on Sunday at 2:00 AM IST
2025-10-24 10:08:15,611 - rs_scheduler - INFO - RS Strategy Scheduler stopped successfully
2025-10-24 10:08:26,424 - rs_scheduler - INFO - EOD data fetcher initialized successfully
2025-10-24 10:08:26,479 - rs_scheduler - INFO - Live signal generator initialized successfully
2025-10-24 10:08:26,480 - rs_scheduler - INFO - RS Strategy Scheduler initialized with database: C:\Users\Dell\Desktop\Newfolder1\wealthai-backend2\Strategies\rsStrategy\nifty500_data_with_metadata.sqlite
2025-10-24 10:08:26,486 - rs_scheduler - INFO - Starting RS Strategy Scheduler...
2025-10-24 10:08:26,495 - rs_scheduler - INFO - Scheduled 3 jobs:
2025-10-24 10:08:26,496 - rs_scheduler - INFO -    - RS Strategy EOD Data Fetch: Next run at Not scheduled
2025-10-24 10:08:26,496 - rs_scheduler - INFO -    - RS Strategy Signal Generation: Next run at Not scheduled
2025-10-24 10:08:26,497 - rs_scheduler - INFO -    - RS Strategy Cleanup: Next run at Not scheduled
2025-10-24 10:08:26,502 - rs_scheduler - INFO - RS Strategy Scheduler started successfully
2025-10-24 10:08:26,503 - rs_scheduler - INFO - EOD data fetch: Daily at 6:00 PM IST
2025-10-24 10:08:26,504 - rs_scheduler - INFO - Signal generation: Daily at 6:00 PM IST
2025-10-24 10:08:26,505 - rs_scheduler - INFO - Cleanup: Weekly on Sunday at 2:00 AM IST
2025-10-24 10:39:42,383 - rs_scheduler - INFO - RS Strategy Scheduler stopped successfully
2025-10-24 10:39:53,123 - rs_scheduler - INFO - EOD data fetcher initialized successfully
2025-10-24 10:39:53,179 - rs_scheduler - INFO - Live signal generator initialized successfully
2025-10-24 10:39:53,182 - rs_scheduler - INFO - RS Strategy Scheduler initialized with database: C:\Users\Dell\Desktop\Newfolder1\wealthai-backend2\Strategies\rsStrategy\nifty500_data_with_metadata.sqlite
2025-10-24 10:39:53,192 - rs_scheduler - INFO - Starting RS Strategy Scheduler...
2025-10-24 10:39:53,325 - rs_scheduler - INFO - Scheduled 3 jobs:
2025-10-24 10:39:53,344 - rs_scheduler - INFO -    - RS Strategy EOD Data Fetch: Next run at Not scheduled
2025-10-24 10:39:53,346 - rs_scheduler - INFO -    - RS Strategy Signal Generation: Next run at Not scheduled
2025-10-24 10:39:53,374 - rs_scheduler - INFO -    - RS Strategy Cleanup: Next run at Not scheduled
2025-10-24 10:39:53,376 - rs_scheduler - INFO - RS Strategy Scheduler started successfully
2025-10-24 10:39:53,405 - rs_scheduler - INFO - EOD data fetch: Daily at 6:00 PM IST
2025-10-24 10:39:53,407 - rs_scheduler - INFO - Signal generation: Daily at 6:00 PM IST
2025-10-24 10:39:53,408 - rs_scheduler - INFO - Cleanup: Weekly on Sunday at 2:00 AM IST
2025-10-24 10:51:56,806 - rs_scheduler - INFO - RS Strategy Scheduler stopped successfully
2025-10-24 10:52:07,664 - rs_scheduler - INFO - EOD data fetcher initialized successfully
2025-10-24 10:52:07,720 - rs_scheduler - INFO - Live signal generator initialized successfully
2025-10-24 10:52:07,726 - rs_scheduler - INFO - RS Strategy Scheduler initialized with database: C:\Users\Dell\Desktop\Newfolder1\wealthai-backend2\Strategies\rsStrategy\nifty500_data_with_metadata.sqlite
2025-10-24 10:52:07,734 - rs_scheduler - INFO - Starting RS Strategy Scheduler...
2025-10-24 10:52:07,741 - rs_scheduler - INFO - Scheduled 3 jobs:
2025-10-24 10:52:07,741 - rs_scheduler - INFO -    - RS Strategy EOD Data Fetch: Next run at Not scheduled
2025-10-24 10:52:07,747 - rs_scheduler - INFO -    - RS Strategy Signal Generation: Next run at Not scheduled
2025-10-24 10:52:07,755 - rs_scheduler - INFO -    - RS Strategy Cleanup: Next run at Not scheduled
2025-10-24 10:52:07,759 - rs_scheduler - INFO - RS Strategy Scheduler started successfully
2025-10-24 10:52:07,762 - rs_scheduler - INFO - EOD data fetch: Daily at 6:00 PM IST
2025-10-24 10:52:07,772 - rs_scheduler - INFO - Signal generation: Daily at 6:00 PM IST
2025-10-24 10:52:07,778 - rs_scheduler - INFO - Cleanup: Weekly on Sunday at 2:00 AM IST
2025-10-24 10:58:18,783 - rs_scheduler - INFO - RS Strategy Scheduler stopped successfully
2025-10-24 10:58:28,485 - rs_scheduler - INFO - EOD data fetcher initialized successfully
2025-10-24 10:58:28,545 - rs_scheduler - INFO - Live signal generator initialized successfully
2025-10-24 10:58:28,546 - rs_scheduler - INFO - RS Strategy Scheduler initialized with database: C:\Users\Dell\Desktop\Newfolder1\wealthai-backend2\Strategies\rsStrategy\nifty500_data_with_metadata.sqlite
2025-10-24 10:58:28,555 - rs_scheduler - INFO - Starting RS Strategy Scheduler...
2025-10-24 10:58:28,560 - rs_scheduler - INFO - Scheduled 3 jobs:
2025-10-24 10:58:28,561 - rs_scheduler - INFO -    - RS Strategy EOD Data Fetch: Next run at Not scheduled
2025-10-24 10:58:28,561 - rs_scheduler - INFO -    - RS Strategy Signal Generation: Next run at Not scheduled
2025-10-24 10:58:28,562 - rs_scheduler - INFO -    - RS Strategy Cleanup: Next run at Not scheduled
2025-10-24 10:58:28,563 - rs_scheduler - INFO - RS Strategy Scheduler started successfully
2025-10-24 10:58:28,564 - rs_scheduler - INFO - EOD data fetch: Daily at 6:00 PM IST
2025-10-24 10:58:28,565 - rs_scheduler - INFO - Signal generation: Daily at 6:00 PM IST
2025-10-24 10:58:28,566 - rs_scheduler - INFO - Cleanup: Weekly on Sunday at 2:00 AM IST
2025-10-24 11:18:32,382 - rs_scheduler - INFO - RS Strategy Scheduler stopped successfully
2025-10-24 11:18:46,129 - rs_scheduler - INFO - EOD data fetcher initialized successfully
2025-10-24 11:18:46,211 - rs_scheduler - INFO - Live signal generator initialized successfully
2025-10-24 11:18:46,215 - rs_scheduler - INFO - RS Strategy Scheduler initialized with database: C:\Users\Dell\Desktop\Newfolder1\wealthai-backend2\Strategies\rsStrategy\nifty500_data_with_metadata.sqlite
2025-10-24 11:18:46,250 - rs_scheduler - INFO - Starting RS Strategy Scheduler...
2025-10-24 11:18:46,869 - rs_scheduler - INFO - Scheduled 3 jobs:
2025-10-24 11:18:46,975 - rs_scheduler - INFO -    - RS Strategy EOD Data Fetch: Next run at Not scheduled
2025-10-24 11:18:47,028 - rs_scheduler - INFO -    - RS Strategy Signal Generation: Next run at Not scheduled
2025-10-24 11:18:47,030 - rs_scheduler - INFO -    - RS Strategy Cleanup: Next run at Not scheduled
2025-10-24 11:18:47,060 - rs_scheduler - INFO - RS Strategy Scheduler started successfully
2025-10-24 11:18:47,259 - rs_scheduler - INFO - EOD data fetch: Daily at 6:00 PM IST
2025-10-24 11:18:47,264 - rs_scheduler - INFO - Signal generation: Daily at 6:00 PM IST
2025-10-24 11:18:47,266 - rs_scheduler - INFO - Cleanup: Weekly on Sunday at 2:00 AM IST
2025-10-24 11:24:15,692 - rs_scheduler - INFO - RS Strategy Scheduler stopped successfully
2025-10-24 11:31:35,488 - rs_scheduler - INFO - EOD data fetcher initialized successfully
2025-10-24 11:31:35,537 - rs_scheduler - INFO - Live signal generator initialized successfully
2025-10-24 11:31:35,542 - rs_scheduler - INFO - RS Strategy Scheduler initialized with database: C:\Users\Dell\Desktop\Newfolder1\wealthai-backend2\Strategies\rsStrategy\nifty500_data_with_metadata.sqlite
2025-10-24 11:31:35,557 - rs_scheduler - INFO - Starting RS Strategy Scheduler...
2025-10-24 11:31:35,570 - rs_scheduler - INFO - Scheduled 3 jobs:
2025-10-24 11:31:35,572 - rs_scheduler - INFO -    - RS Strategy EOD Data Fetch: Next run at Not scheduled
2025-10-24 11:31:35,590 - rs_scheduler - INFO -    - RS Strategy Signal Generation: Next run at Not scheduled
2025-10-24 11:31:35,591 - rs_scheduler - INFO -    - RS Strategy Cleanup: Next run at Not scheduled
2025-10-24 11:31:35,592 - rs_scheduler - INFO - RS Strategy Scheduler started successfully
2025-10-24 11:31:35,593 - rs_scheduler - INFO - EOD data fetch: Daily at 6:00 PM IST
2025-10-24 11:31:35,608 - rs_scheduler - INFO - Signal generation: Daily at 6:00 PM IST
2025-10-24 11:31:35,621 - rs_scheduler - INFO - Cleanup: Weekly on Sunday at 2:00 AM IST
2025-10-24 12:02:57,801 - rs_scheduler - INFO - RS Strategy Scheduler stopped successfully
2025-10-24 12:03:10,473 - rs_scheduler - INFO - EOD data fetcher initialized successfully
2025-10-24 12:03:10,519 - rs_scheduler - INFO - Live signal generator initialized successfully
2025-10-24 12:03:10,529 - rs_scheduler - INFO - RS Strategy Scheduler initialized with database: C:\Users\Dell\Desktop\Newfolder1\wealthai-backend2\Strategies\rsStrategy\nifty500_data_with_metadata.sqlite
2025-10-24 12:03:10,575 - rs_scheduler - INFO - Starting RS Strategy Scheduler...
2025-10-24 12:03:10,609 - rs_scheduler - INFO - Scheduled 3 jobs:
2025-10-24 12:03:10,616 - rs_scheduler - INFO -    - RS Strategy EOD Data Fetch: Next run at Not scheduled
2025-10-24 12:03:10,619 - rs_scheduler - INFO -    - RS Strategy Signal Generation: Next run at Not scheduled
2025-10-24 12:03:10,620 - rs_scheduler - INFO -    - RS Strategy Cleanup: Next run at Not scheduled
2025-10-24 12:03:10,623 - rs_scheduler - INFO - RS Strategy Scheduler started successfully
2025-10-24 12:03:10,628 - rs_scheduler - INFO - EOD data fetch: Daily at 6:00 PM IST
2025-10-24 12:03:10,629 - rs_scheduler - INFO - Signal generation: Daily at 6:00 PM IST
2025-10-24 12:03:10,636 - rs_scheduler - INFO - Cleanup: Weekly on Sunday at 2:00 AM IST
2025-10-24 12:27:16,148 - rs_scheduler - INFO - EOD data fetcher initialized successfully
2025-10-24 12:27:16,400 - rs_scheduler - INFO - Live signal generator initialized successfully
2025-10-24 12:27:16,404 - rs_scheduler - INFO - RS Strategy Scheduler initialized with database: C:\Users\Dell\Desktop\Newfolder1\wealthai-backend2\Strategies\rsStrategy\nifty500_data_with_metadata.sqlite
2025-10-24 12:27:16,421 - rs_scheduler - INFO - Starting RS Strategy Scheduler...
2025-10-24 12:27:16,470 - rs_scheduler - INFO - Scheduled 3 jobs:
2025-10-24 12:27:16,491 - rs_scheduler - INFO -    - RS Strategy EOD Data Fetch: Next run at Not scheduled
2025-10-24 12:27:16,498 - rs_scheduler - INFO -    - RS Strategy Signal Generation: Next run at Not scheduled
2025-10-24 12:27:16,599 - rs_scheduler - INFO -    - RS Strategy Cleanup: Next run at Not scheduled
2025-10-24 12:27:16,676 - rs_scheduler - INFO - RS Strategy Scheduler started successfully
2025-10-24 12:27:16,758 - rs_scheduler - INFO - EOD data fetch: Daily at 6:00 PM IST
2025-10-24 12:27:16,803 - rs_scheduler - INFO - Signal generation: Daily at 6:00 PM IST
2025-10-24 12:27:16,855 - rs_scheduler - INFO - Cleanup: Weekly on Sunday at 2:00 AM IST
2025-10-24 12:46:28,171 - rs_scheduler - INFO - RS Strategy Scheduler stopped successfully
2025-10-24 12:46:45,574 - rs_scheduler - INFO - EOD data fetcher initialized successfully
2025-10-24 12:46:45,617 - rs_scheduler - INFO - Live signal generator initialized successfully
2025-10-24 12:46:45,618 - rs_scheduler - INFO - RS Strategy Scheduler initialized with database: C:\Users\Dell\Desktop\Newfolder1\wealthai-backend2\Strategies\rsStrategy\nifty500_data_with_metadata.sqlite
2025-10-24 12:46:45,620 - rs_scheduler - INFO - Starting RS Strategy Scheduler...
2025-10-24 12:46:45,629 - rs_scheduler - INFO - Scheduled 3 jobs:
2025-10-24 12:46:45,633 - rs_scheduler - INFO -    - RS Strategy EOD Data Fetch: Next run at Not scheduled
2025-10-24 12:46:45,635 - rs_scheduler - INFO -    - RS Strategy Signal Generation: Next run at Not scheduled
2025-10-24 12:46:45,639 - rs_scheduler - INFO -    - RS Strategy Cleanup: Next run at Not scheduled
2025-10-24 12:46:45,640 - rs_scheduler - INFO - RS Strategy Scheduler started successfully
2025-10-24 12:46:45,642 - rs_scheduler - INFO - EOD data fetch: Daily at 6:00 PM IST
2025-10-24 12:46:45,646 - rs_scheduler - INFO - Signal generation: Daily at 6:00 PM IST
2025-10-24 12:46:45,650 - rs_scheduler - INFO - Cleanup: Weekly on Sunday at 2:00 AM IST
2025-10-24 12:54:05,890 - rs_scheduler - INFO - RS Strategy Scheduler stopped successfully
2025-10-24 12:54:19,370 - rs_scheduler - INFO - EOD data fetcher initialized successfully
2025-10-24 12:54:19,423 - rs_scheduler - INFO - Live signal generator initialized successfully
2025-10-24 12:54:19,426 - rs_scheduler - INFO - RS Strategy Scheduler initialized with database: C:\Users\Dell\Desktop\Newfolder1\wealthai-backend2\Strategies\rsStrategy\nifty500_data_with_metadata.sqlite
2025-10-24 12:54:19,432 - rs_scheduler - INFO - Starting RS Strategy Scheduler...
2025-10-24 12:54:19,442 - rs_scheduler - INFO - Scheduled 3 jobs:
2025-10-24 12:54:19,443 - rs_scheduler - INFO -    - RS Strategy EOD Data Fetch: Next run at Not scheduled
2025-10-24 12:54:19,444 - rs_scheduler - INFO -    - RS Strategy Signal Generation: Next run at Not scheduled
2025-10-24 12:54:19,445 - rs_scheduler - INFO -    - RS Strategy Cleanup: Next run at Not scheduled
2025-10-24 12:54:19,446 - rs_scheduler - INFO - RS Strategy Scheduler started successfully
2025-10-24 12:54:19,449 - rs_scheduler - INFO - EOD data fetch: Daily at 6:00 PM IST
2025-10-24 12:54:19,459 - rs_scheduler - INFO - Signal generation: Daily at 6:00 PM IST
2025-10-24 12:54:19,460 - rs_scheduler - INFO - Cleanup: Weekly on Sunday at 2:00 AM IST
2025-10-24 13:08:45,672 - rs_scheduler - INFO - RS Strategy Scheduler stopped successfully
2025-10-24 13:08:56,478 - rs_scheduler - INFO - EOD data fetcher initialized successfully
2025-10-24 13:08:56,500 - rs_scheduler - INFO - Live signal generator initialized successfully
2025-10-24 13:08:56,502 - rs_scheduler - INFO - RS Strategy Scheduler initialized with database: C:\Users\Dell\Desktop\Newfolder1\wealthai-backend2\Strategies\rsStrategy\nifty500_data_with_metadata.sqlite
2025-10-24 13:08:56,503 - rs_scheduler - INFO - Starting RS Strategy Scheduler...
2025-10-24 13:08:56,509 - rs_scheduler - INFO - Scheduled 3 jobs:
2025-10-24 13:08:56,511 - rs_scheduler - INFO -    - RS Strategy EOD Data Fetch: Next run at Not scheduled
2025-10-24 13:08:56,511 - rs_scheduler - INFO -    - RS Strategy Signal Generation: Next run at Not scheduled
2025-10-24 13:08:56,512 - rs_scheduler - INFO -    - RS Strategy Cleanup: Next run at Not scheduled
2025-10-24 13:08:56,512 - rs_scheduler - INFO - RS Strategy Scheduler started successfully
2025-10-24 13:08:56,513 - rs_scheduler - INFO - EOD data fetch: Daily at 6:00 PM IST
2025-10-24 13:08:56,514 - rs_scheduler - INFO - Signal generation: Daily at 6:00 PM IST
2025-10-24 13:08:56,514 - rs_scheduler - INFO - Cleanup: Weekly on Sunday at 2:00 AM IST
2025-10-24 14:25:45,629 - rs_scheduler - INFO - RS Strategy Scheduler stopped successfully
2025-10-24 14:26:00,001 - rs_scheduler - INFO - EOD data fetcher initialized successfully
2025-10-24 14:26:00,244 - rs_scheduler - INFO - Live signal generator initialized successfully
2025-10-24 14:26:00,248 - rs_scheduler - INFO - RS Strategy Scheduler initialized with database: C:\Users\Dell\Desktop\Newfolder1\wealthai-backend2\Strategies\rsStrategy\nifty500_data_with_metadata.sqlite
2025-10-24 14:26:00,252 - rs_scheduler - INFO - Starting RS Strategy Scheduler...
2025-10-24 14:26:00,396 - rs_scheduler - INFO - Scheduled 3 jobs:
2025-10-24 14:26:00,478 - rs_scheduler - INFO -    - RS Strategy EOD Data Fetch: Next run at Not scheduled
2025-10-24 14:26:00,563 - rs_scheduler - INFO -    - RS Strategy Signal Generation: Next run at Not scheduled
2025-10-24 14:26:00,565 - rs_scheduler - INFO -    - RS Strategy Cleanup: Next run at Not scheduled
2025-10-24 14:26:00,566 - rs_scheduler - INFO - RS Strategy Scheduler started successfully
2025-10-24 14:26:00,569 - rs_scheduler - INFO - EOD data fetch: Daily at 6:00 PM IST
2025-10-24 14:26:00,570 - rs_scheduler - INFO - Signal generation: Daily at 6:00 PM IST
2025-10-24 14:26:00,674 - rs_scheduler - INFO - Cleanup: Weekly on Sunday at 2:00 AM IST
2025-10-24 14:32:11,932 - rs_scheduler - INFO - RS Strategy Scheduler stopped successfully
2025-10-24 14:32:23,984 - rs_scheduler - INFO - EOD data fetcher initialized successfully
2025-10-24 14:32:24,009 - rs_scheduler - INFO - Live signal generator initialized successfully
2025-10-24 14:32:24,029 - rs_scheduler - INFO - RS Strategy Scheduler initialized with database: C:\Users\Dell\Desktop\Newfolder1\wealthai-backend2\Strategies\rsStrategy\nifty500_data_with_metadata.sqlite
2025-10-24 14:32:24,068 - rs_scheduler - INFO - Starting RS Strategy Scheduler...
2025-10-24 14:32:24,076 - rs_scheduler - INFO - Scheduled 3 jobs:
2025-10-24 14:32:24,092 - rs_scheduler - INFO -    - RS Strategy EOD Data Fetch: Next run at Not scheduled
2025-10-24 14:32:24,126 - rs_scheduler - INFO -    - RS Strategy Signal Generation: Next run at Not scheduled
2025-10-24 14:32:24,147 - rs_scheduler - INFO -    - RS Strategy Cleanup: Next run at Not scheduled
2025-10-24 14:32:24,148 - rs_scheduler - INFO - RS Strategy Scheduler started successfully
2025-10-24 14:32:24,152 - rs_scheduler - INFO - EOD data fetch: Daily at 6:00 PM IST
2025-10-24 14:32:24,158 - rs_scheduler - INFO - Signal generation: Daily at 6:00 PM IST
2025-10-24 14:32:24,159 - rs_scheduler - INFO - Cleanup: Weekly on Sunday at 2:00 AM IST
2025-10-24 14:46:00,888 - rs_scheduler - INFO - RS Strategy Scheduler stopped successfully
2025-10-24 14:46:18,864 - rs_scheduler - INFO - EOD data fetcher initialized successfully
2025-10-24 14:46:18,916 - rs_scheduler - INFO - Live signal generator initialized successfully
2025-10-24 14:46:18,920 - rs_scheduler - INFO - RS Strategy Scheduler initialized with database: C:\Users\Dell\Desktop\Newfolder1\wealthai-backend2\Strategies\rsStrategy\nifty500_data_with_metadata.sqlite
2025-10-24 14:46:18,972 - rs_scheduler - INFO - Starting RS Strategy Scheduler...
2025-10-24 14:46:18,991 - rs_scheduler - INFO - Scheduled 3 jobs:
2025-10-24 14:46:18,993 - rs_scheduler - INFO -    - RS Strategy EOD Data Fetch: Next run at Not scheduled
2025-10-24 14:46:18,998 - rs_scheduler - INFO -    - RS Strategy Signal Generation: Next run at Not scheduled
2025-10-24 14:46:19,009 - rs_scheduler - INFO -    - RS Strategy Cleanup: Next run at Not scheduled
2025-10-24 14:46:19,032 - rs_scheduler - INFO - RS Strategy Scheduler started successfully
2025-10-24 14:46:19,033 - rs_scheduler - INFO - EOD data fetch: Daily at 6:00 PM IST
2025-10-24 14:46:19,048 - rs_scheduler - INFO - Signal generation: Daily at 6:00 PM IST
2025-10-24 14:46:19,050 - rs_scheduler - INFO - Cleanup: Weekly on Sunday at 2:00 AM IST
2025-10-24 14:50:47,505 - rs_scheduler - INFO - RS Strategy Scheduler stopped successfully
2025-10-24 14:51:04,904 - rs_scheduler - INFO - EOD data fetcher initialized successfully
2025-10-24 14:51:04,968 - rs_scheduler - INFO - Live signal generator initialized successfully
2025-10-24 14:51:04,975 - rs_scheduler - INFO - RS Strategy Scheduler initialized with database: C:\Users\Dell\Desktop\Newfolder1\wealthai-backend2\Strategies\rsStrategy\nifty500_data_with_metadata.sqlite
2025-10-24 14:51:04,978 - rs_scheduler - INFO - Starting RS Strategy Scheduler...
2025-10-24 14:51:04,990 - rs_scheduler - INFO - Scheduled 3 jobs:
2025-10-24 14:51:04,994 - rs_scheduler - INFO -    - RS Strategy EOD Data Fetch: Next run at Not scheduled
2025-10-24 14:51:04,995 - rs_scheduler - INFO -    - RS Strategy Signal Generation: Next run at Not scheduled
2025-10-24 14:51:04,997 - rs_scheduler - INFO -    - RS Strategy Cleanup: Next run at Not scheduled
2025-10-24 14:51:05,000 - rs_scheduler - INFO - RS Strategy Scheduler started successfully
2025-10-24 14:51:05,009 - rs_scheduler - INFO - EOD data fetch: Daily at 6:00 PM IST
2025-10-24 14:51:05,011 - rs_scheduler - INFO - Signal generation: Daily at 6:00 PM IST
2025-10-24 14:51:05,012 - rs_scheduler - INFO - Cleanup: Weekly on Sunday at 2:00 AM IST
2025-10-24 15:21:47,086 - rs_scheduler - INFO - RS Strategy Scheduler stopped successfully
2025-10-24 15:22:03,693 - rs_scheduler - INFO - EOD data fetcher initialized successfully
2025-10-24 15:22:03,847 - rs_scheduler - INFO - Live signal generator initialized successfully
2025-10-24 15:22:03,933 - rs_scheduler - INFO - RS Strategy Scheduler initialized with database: C:\Users\Dell\Desktop\Newfolder1\wealthai-backend2\Strategies\rsStrategy\nifty500_data_with_metadata.sqlite
2025-10-24 15:22:04,019 - rs_scheduler - INFO - Starting RS Strategy Scheduler...
2025-10-24 15:22:04,102 - rs_scheduler - INFO - Scheduled 3 jobs:
2025-10-24 15:22:04,113 - rs_scheduler - INFO -    - RS Strategy EOD Data Fetch: Next run at Not scheduled
2025-10-24 15:22:04,116 - rs_scheduler - INFO -    - RS Strategy Signal Generation: Next run at Not scheduled
2025-10-24 15:22:04,120 - rs_scheduler - INFO -    - RS Strategy Cleanup: Next run at Not scheduled
2025-10-24 15:22:04,136 - rs_scheduler - INFO - RS Strategy Scheduler started successfully
2025-10-24 15:22:04,197 - rs_scheduler - INFO - EOD data fetch: Daily at 6:00 PM IST
2025-10-24 15:22:04,229 - rs_scheduler - INFO - Signal generation: Daily at 6:00 PM IST
2025-10-24 15:22:04,332 - rs_scheduler - INFO - Cleanup: Weekly on Sunday at 2:00 AM IST
2025-10-24 15:28:52,645 - rs_scheduler - INFO - RS Strategy Scheduler stopped successfully
2025-10-24 15:29:06,984 - rs_scheduler - INFO - EOD data fetcher initialized successfully
2025-10-24 15:29:07,002 - rs_scheduler - INFO - Live signal generator initialized successfully
2025-10-24 15:29:07,008 - rs_scheduler - INFO - RS Strategy Scheduler initialized with database: C:\Users\Dell\Desktop\Newfolder1\wealthai-backend2\Strategies\rsStrategy\nifty500_data_with_metadata.sqlite
2025-10-24 15:29:07,013 - rs_scheduler - INFO - Starting RS Strategy Scheduler...
2025-10-24 15:29:07,087 - rs_scheduler - INFO - Scheduled 3 jobs:
2025-10-24 15:29:07,088 - rs_scheduler - INFO -    - RS Strategy EOD Data Fetch: Next run at Not scheduled
2025-10-24 15:29:07,090 - rs_scheduler - INFO -    - RS Strategy Signal Generation: Next run at Not scheduled
2025-10-24 15:29:07,091 - rs_scheduler - INFO -    - RS Strategy Cleanup: Next run at Not scheduled
2025-10-24 15:29:07,096 - rs_scheduler - INFO - RS Strategy Scheduler started successfully
2025-10-24 15:29:07,098 - rs_scheduler - INFO - EOD data fetch: Daily at 6:00 PM IST
2025-10-24 15:29:07,099 - rs_scheduler - INFO - Signal generation: Daily at 6:00 PM IST
2025-10-24 15:29:07,104 - rs_scheduler - INFO - Cleanup: Weekly on Sunday at 2:00 AM IST
2025-10-24 15:32:11,023 - rs_scheduler - INFO - RS Strategy Scheduler stopped successfully
2025-10-24 15:33:06,177 - rs_scheduler - INFO - EOD data fetcher initialized successfully
2025-10-24 15:33:06,188 - rs_scheduler - INFO - Live signal generator initialized successfully
2025-10-24 15:33:06,188 - rs_scheduler - INFO - RS Strategy Scheduler initialized with database: C:\Users\Dell\Desktop\Newfolder1\wealthai-backend2\Strategies\rsStrategy\nifty500_data_with_metadata.sqlite
2025-10-24 15:33:06,189 - rs_scheduler - INFO - Starting RS Strategy Scheduler...
2025-10-24 15:33:06,194 - rs_scheduler - INFO - Scheduled 3 jobs:
2025-10-24 15:33:06,194 - rs_scheduler - INFO -    - RS Strategy EOD Data Fetch: Next run at Not scheduled
2025-10-24 15:33:06,195 - rs_scheduler - INFO -    - RS Strategy Signal Generation: Next run at Not scheduled
2025-10-24 15:33:06,195 - rs_scheduler - INFO -    - RS Strategy Cleanup: Next run at Not scheduled
2025-10-24 15:33:06,195 - rs_scheduler - INFO - RS Strategy Scheduler started successfully
2025-10-24 15:33:06,196 - rs_scheduler - INFO - EOD data fetch: Daily at 6:00 PM IST
2025-10-24 15:33:06,197 - rs_scheduler - INFO - Signal generation: Daily at 6:00 PM IST
2025-10-24 15:33:06,203 - rs_scheduler - INFO - Cleanup: Weekly on Sunday at 2:00 AM IST
2025-10-24 15:54:18,489 - rs_scheduler - INFO - RS Strategy Scheduler stopped successfully
2025-10-24 15:54:31,968 - rs_scheduler - INFO - EOD data fetcher initialized successfully
2025-10-24 15:54:31,982 - rs_scheduler - INFO - Live signal generator initialized successfully
2025-10-24 15:54:31,982 - rs_scheduler - INFO - RS Strategy Scheduler initialized with database: C:\Users\Dell\Desktop\Newfolder1\wealthai-backend2\Strategies\rsStrategy\nifty500_data_with_metadata.sqlite
2025-10-24 15:54:31,983 - rs_scheduler - INFO - Starting RS Strategy Scheduler...
2025-10-24 15:54:31,991 - rs_scheduler - INFO - Scheduled 3 jobs:
2025-10-24 15:54:31,992 - rs_scheduler - INFO -    - RS Strategy EOD Data Fetch: Next run at Not scheduled
2025-10-24 15:54:31,993 - rs_scheduler - INFO -    - RS Strategy Signal Generation: Next run at Not scheduled
2025-10-24 15:54:32,000 - rs_scheduler - INFO -    - RS Strategy Cleanup: Next run at Not scheduled
2025-10-24 15:54:32,000 - rs_scheduler - INFO - RS Strategy Scheduler started successfully
2025-10-24 15:54:32,001 - rs_scheduler - INFO - EOD data fetch: Daily at 6:00 PM IST
2025-10-24 15:54:32,001 - rs_scheduler - INFO - Signal generation: Daily at 6:00 PM IST
2025-10-24 15:54:32,002 - rs_scheduler - INFO - Cleanup: Weekly on Sunday at 2:00 AM IST
2025-10-24 17:30:08,077 - rs_scheduler - INFO - RS Strategy Scheduler stopped successfully
2025-10-24 17:31:08,088 - rs_scheduler - INFO - EOD data fetcher initialized successfully
2025-10-24 17:31:08,105 - rs_scheduler - INFO - Live signal generator initialized successfully
2025-10-24 17:31:08,106 - rs_scheduler - INFO - RS Strategy Scheduler initialized with database: C:\Users\Dell\Desktop\Newfolder1\wealthai-backend2\Strategies\rsStrategy\nifty500_data_with_metadata.sqlite
2025-10-24 17:31:08,107 - rs_scheduler - INFO - Starting RS Strategy Scheduler...
2025-10-24 17:31:08,109 - rs_scheduler - INFO - Scheduled 3 jobs:
2025-10-24 17:31:08,109 - rs_scheduler - INFO -    - RS Strategy EOD Data Fetch: Next run at Not scheduled
2025-10-24 17:31:08,110 - rs_scheduler - INFO -    - RS Strategy Signal Generation: Next run at Not scheduled
2025-10-24 17:31:08,110 - rs_scheduler - INFO -    - RS Strategy Cleanup: Next run at Not scheduled
2025-10-24 17:31:08,111 - rs_scheduler - INFO - RS Strategy Scheduler started successfully
2025-10-24 17:31:08,111 - rs_scheduler - INFO - EOD data fetch: Daily at 6:00 PM IST
2025-10-24 17:31:08,111 - rs_scheduler - INFO - Signal generation: Daily at 6:00 PM IST
2025-10-24 17:31:08,112 - rs_scheduler - INFO - Cleanup: Weekly on Sunday at 2:00 AM IST
2025-10-24 17:55:56,964 - rs_scheduler - INFO - RS Strategy Scheduler stopped successfully
2025-10-24 17:56:11,823 - rs_scheduler - INFO - EOD data fetcher initialized successfully
2025-10-24 17:56:11,853 - rs_scheduler - INFO - Live signal generator initialized successfully
2025-10-24 17:56:11,854 - rs_scheduler - INFO - RS Strategy Scheduler initialized with database: C:\Users\Dell\Desktop\Newfolder1\wealthai-backend2\Strategies\rsStrategy\nifty500_data_with_metadata.sqlite
2025-10-24 17:56:11,862 - rs_scheduler - INFO - Starting RS Strategy Scheduler...
2025-10-24 17:56:11,867 - rs_scheduler - INFO - Scheduled 3 jobs:
2025-10-24 17:56:11,867 - rs_scheduler - INFO -    - RS Strategy EOD Data Fetch: Next run at Not scheduled
2025-10-24 17:56:11,868 - rs_scheduler - INFO -    - RS Strategy Signal Generation: Next run at Not scheduled
2025-10-24 17:56:11,868 - rs_scheduler - INFO -    - RS Strategy Cleanup: Next run at Not scheduled
2025-10-24 17:56:11,869 - rs_scheduler - INFO - RS Strategy Scheduler started successfully
2025-10-24 17:56:11,869 - rs_scheduler - INFO - EOD data fetch: Daily at 6:00 PM IST
2025-10-24 17:56:11,869 - rs_scheduler - INFO - Signal generation: Daily at 6:00 PM IST
2025-10-24 17:56:11,870 - rs_scheduler - INFO - Cleanup: Weekly on Sunday at 2:00 AM IST
2025-10-24 17:58:51,710 - rs_scheduler - INFO - RS Strategy Scheduler stopped successfully
2025-10-24 17:59:01,257 - rs_scheduler - INFO - EOD data fetcher initialized successfully
2025-10-24 17:59:01,281 - rs_scheduler - INFO - Live signal generator initialized successfully
2025-10-24 17:59:01,281 - rs_scheduler - INFO - RS Strategy Scheduler initialized with database: C:\Users\Dell\Desktop\Newfolder1\wealthai-backend2\Strategies\rsStrategy\nifty500_data_with_metadata.sqlite
2025-10-24 17:59:01,282 - rs_scheduler - INFO - Starting RS Strategy Scheduler...
2025-10-24 17:59:01,288 - rs_scheduler - INFO - Scheduled 3 jobs:
2025-10-24 17:59:01,289 - rs_scheduler - INFO -    - RS Strategy EOD Data Fetch: Next run at Not scheduled
2025-10-24 17:59:01,289 - rs_scheduler - INFO -    - RS Strategy Signal Generation: Next run at Not scheduled
2025-10-24 17:59:01,290 - rs_scheduler - INFO -    - RS Strategy Cleanup: Next run at Not scheduled
2025-10-24 17:59:01,290 - rs_scheduler - INFO - RS Strategy Scheduler started successfully
2025-10-24 17:59:01,290 - rs_scheduler - INFO - EOD data fetch: Daily at 6:00 PM IST
2025-10-24 17:59:01,291 - rs_scheduler - INFO - Signal generation: Daily at 6:00 PM IST
2025-10-24 17:59:01,291 - rs_scheduler - INFO - Cleanup: Weekly on Sunday at 2:00 AM IST
2025-10-24 18:00:00,031 - rs_scheduler - INFO - Starting EOD data fetch job...
2025-10-24 18:00:00,036 - rs_scheduler - INFO - Starting live signal generation job...
2025-10-24 18:00:00,169 - rs_scheduler - ERROR - Error in signal generation job: Configuration 1 not found for user None
2025-10-24 18:00:00,290 - rs_scheduler - ERROR - Traceback (most recent call last):
  File "C:\Users\Dell\Desktop\Newfolder1\wealthai-backend2\Strategies\rsStrategy\rs_scheduler.py", line 185, in generate_signals_job
    result = self.signal_generator.generate_signals(config_id=1)
  File "C:\Users\Dell\Desktop\Newfolder1\wealthai-backend2\Strategies\rsStrategy\rs_live_signal_generator.py", line 216, in generate_signals
    raise ValueError(f"Configuration {config_id} not found for user {user_id}")
ValueError: Configuration 1 not found for user None

2025-10-24 18:00:00,315 - rs_scheduler - INFO - Job rs_signal_generation completed successfully
2025-10-24 18:00:24,537 - rs_scheduler - INFO - EOD data fetch completed: 498 successful, 1 failed
2025-10-24 18:00:24,540 - rs_scheduler - INFO - Job rs_eod_fetch completed successfully
2025-10-24 18:04:59,019 - rs_scheduler - INFO - RS Strategy Scheduler stopped successfully
2025-10-24 18:05:21,322 - rs_scheduler - INFO - EOD data fetcher initialized successfully
2025-10-24 18:05:21,350 - rs_scheduler - INFO - Live signal generator initialized successfully
2025-10-24 18:05:21,351 - rs_scheduler - INFO - RS Strategy Scheduler initialized with database: C:\Users\Dell\Desktop\Newfolder1\wealthai-backend2\Strategies\rsStrategy\nifty500_data_with_metadata.sqlite
2025-10-24 18:05:21,353 - rs_scheduler - INFO - Starting RS Strategy Scheduler...
2025-10-24 18:05:21,378 - rs_scheduler - INFO - Scheduled 3 jobs:
2025-10-24 18:05:21,378 - rs_scheduler - INFO -    - RS Strategy EOD Data Fetch: Next run at Not scheduled
2025-10-24 18:05:21,405 - rs_scheduler - INFO -    - RS Strategy Signal Generation: Next run at Not scheduled
2025-10-24 18:05:21,406 - rs_scheduler - INFO -    - RS Strategy Cleanup: Next run at Not scheduled
2025-10-24 18:05:21,420 - rs_scheduler - INFO - RS Strategy Scheduler started successfully
2025-10-24 18:05:21,421 - rs_scheduler - INFO - EOD data fetch: Daily at 6:00 PM IST
2025-10-24 18:05:21,422 - rs_scheduler - INFO - Signal generation: Daily at 6:00 PM IST
2025-10-24 18:05:21,424 - rs_scheduler - INFO - Cleanup: Weekly on Sunday at 2:00 AM IST
2025-10-24 19:01:02,327 - rs_scheduler - INFO - RS Strategy Scheduler stopped successfully
2025-10-24 19:01:12,163 - rs_scheduler - INFO - EOD data fetcher initialized successfully
2025-10-24 19:01:12,188 - rs_scheduler - INFO - Live signal generator initialized successfully
2025-10-24 19:01:12,189 - rs_scheduler - INFO - RS Strategy Scheduler initialized with database: C:\Users\Dell\Desktop\Newfolder1\wealthai-backend2\Strategies\rsStrategy\nifty500_data_with_metadata.sqlite
2025-10-24 19:01:12,190 - rs_scheduler - INFO - Starting RS Strategy Scheduler...
2025-10-24 19:01:12,199 - rs_scheduler - INFO - Scheduled 3 jobs:
2025-10-24 19:01:12,200 - rs_scheduler - INFO -    - RS Strategy EOD Data Fetch: Next run at Not scheduled
2025-10-24 19:01:12,200 - rs_scheduler - INFO -    - RS Strategy Signal Generation: Next run at Not scheduled
2025-10-24 19:01:12,200 - rs_scheduler - INFO -    - RS Strategy Cleanup: Next run at Not scheduled
2025-10-24 19:01:12,200 - rs_scheduler - INFO - RS Strategy Scheduler started successfully
2025-10-24 19:01:12,201 - rs_scheduler - INFO - EOD data fetch: Daily at 6:00 PM IST
2025-10-24 19:01:12,201 - rs_scheduler - INFO - Signal generation: Daily at 6:00 PM IST
2025-10-24 19:01:12,202 - rs_scheduler - INFO - Cleanup: Weekly on Sunday at 2:00 AM IST
2025-10-24 19:11:57,793 - rs_scheduler - INFO - RS Strategy Scheduler stopped successfully
2025-10-24 19:12:08,678 - rs_scheduler - INFO - EOD data fetcher initialized successfully
2025-10-24 19:12:08,699 - rs_scheduler - INFO - Live signal generator initialized successfully
2025-10-24 19:12:08,700 - rs_scheduler - INFO - RS Strategy Scheduler initialized with database: C:\Users\Dell\Desktop\Newfolder1\wealthai-backend2\Strategies\rsStrategy\nifty500_data_with_metadata.sqlite
2025-10-24 19:12:08,700 - rs_scheduler - INFO - Starting RS Strategy Scheduler...
2025-10-24 19:12:08,703 - rs_scheduler - INFO - Scheduled 3 jobs:
2025-10-24 19:12:08,703 - rs_scheduler - INFO -    - RS Strategy EOD Data Fetch: Next run at Not scheduled
2025-10-24 19:12:08,704 - rs_scheduler - INFO -    - RS Strategy Signal Generation: Next run at Not scheduled
2025-10-24 19:12:08,705 - rs_scheduler - INFO -    - RS Strategy Cleanup: Next run at Not scheduled
2025-10-24 19:12:08,705 - rs_scheduler - INFO - RS Strategy Scheduler started successfully
2025-10-24 19:12:08,706 - rs_scheduler - INFO - EOD data fetch: Daily at 6:00 PM IST
2025-10-24 19:12:08,706 - rs_scheduler - INFO - Signal generation: Daily at 6:00 PM IST
2025-10-24 19:12:08,706 - rs_scheduler - INFO - Cleanup: Weekly on Sunday at 2:00 AM IST
2025-10-24 19:19:05,236 - rs_scheduler - INFO - RS Strategy Scheduler stopped successfully
2025-10-24 19:19:13,432 - rs_scheduler - INFO - EOD data fetcher initialized successfully
2025-10-24 19:19:13,452 - rs_scheduler - INFO - Live signal generator initialized successfully
2025-10-24 19:19:13,453 - rs_scheduler - INFO - RS Strategy Scheduler initialized with database: C:\Users\Dell\Desktop\Newfolder1\wealthai-backend2\Strategies\rsStrategy\nifty500_data_with_metadata.sqlite
2025-10-24 19:19:13,454 - rs_scheduler - INFO - Starting RS Strategy Scheduler...
2025-10-24 19:19:13,457 - rs_scheduler - INFO - Scheduled 3 jobs:
2025-10-24 19:19:13,457 - rs_scheduler - INFO -    - RS Strategy EOD Data Fetch: Next run at Not scheduled
2025-10-24 19:19:13,457 - rs_scheduler - INFO -    - RS Strategy Signal Generation: Next run at Not scheduled
2025-10-24 19:19:13,459 - rs_scheduler - INFO -    - RS Strategy Cleanup: Next run at Not scheduled
2025-10-24 19:19:13,462 - rs_scheduler - INFO - RS Strategy Scheduler started successfully
2025-10-24 19:19:13,464 - rs_scheduler - INFO - EOD data fetch: Daily at 6:00 PM IST
2025-10-24 19:19:13,464 - rs_scheduler - INFO - Signal generation: Daily at 6:00 PM IST
2025-10-24 19:19:13,464 - rs_scheduler - INFO - Cleanup: Weekly on Sunday at 2:00 AM IST
2025-10-24 19:21:29,202 - rs_scheduler - INFO - RS Strategy Scheduler stopped successfully
2025-10-24 19:21:39,781 - rs_scheduler - INFO - EOD data fetcher initialized successfully
2025-10-24 19:21:39,806 - rs_scheduler - INFO - Live signal generator initialized successfully
2025-10-24 19:21:39,810 - rs_scheduler - INFO - RS Strategy Scheduler initialized with database: C:\Users\Dell\Desktop\Newfolder1\wealthai-backend2\Strategies\rsStrategy\nifty500_data_with_metadata.sqlite
2025-10-24 19:21:39,812 - rs_scheduler - INFO - Starting RS Strategy Scheduler...
2025-10-24 19:21:39,817 - rs_scheduler - INFO - Scheduled 3 jobs:
2025-10-24 19:21:39,818 - rs_scheduler - INFO -    - RS Strategy EOD Data Fetch: Next run at Not scheduled
2025-10-24 19:21:39,818 - rs_scheduler - INFO -    - RS Strategy Signal Generation: Next run at Not scheduled
2025-10-24 19:21:39,818 - rs_scheduler - INFO -    - RS Strategy Cleanup: Next run at Not scheduled
2025-10-24 19:21:39,819 - rs_scheduler - INFO - RS Strategy Scheduler started successfully
2025-10-24 19:21:39,819 - rs_scheduler - INFO - EOD data fetch: Daily at 6:00 PM IST
2025-10-24 19:21:39,819 - rs_scheduler - INFO - Signal generation: Daily at 6:00 PM IST
2025-10-24 19:21:39,819 - rs_scheduler - INFO - Cleanup: Weekly on Sunday at 2:00 AM IST
2025-10-24 19:24:29,589 - rs_scheduler - INFO - RS Strategy Scheduler stopped successfully
2025-10-24 19:24:40,759 - rs_scheduler - INFO - EOD data fetcher initialized successfully
2025-10-24 19:24:40,780 - rs_scheduler - INFO - Live signal generator initialized successfully
2025-10-24 19:24:40,781 - rs_scheduler - INFO - RS Strategy Scheduler initialized with database: C:\Users\Dell\Desktop\Newfolder1\wealthai-backend2\Strategies\rsStrategy\nifty500_data_with_metadata.sqlite
2025-10-24 19:24:40,781 - rs_scheduler - INFO - Starting RS Strategy Scheduler...
2025-10-24 19:24:40,790 - rs_scheduler - INFO - Scheduled 3 jobs:
2025-10-24 19:24:40,791 - rs_scheduler - INFO -    - RS Strategy EOD Data Fetch: Next run at Not scheduled
2025-10-24 19:24:40,792 - rs_scheduler - INFO -    - RS Strategy Signal Generation: Next run at Not scheduled
2025-10-24 19:24:40,792 - rs_scheduler - INFO -    - RS Strategy Cleanup: Next run at Not scheduled
2025-10-24 19:24:40,792 - rs_scheduler - INFO - RS Strategy Scheduler started successfully
2025-10-24 19:24:40,793 - rs_scheduler - INFO - EOD data fetch: Daily at 6:00 PM IST
2025-10-24 19:24:40,793 - rs_scheduler - INFO - Signal generation: Daily at 6:00 PM IST
2025-10-24 19:24:40,794 - rs_scheduler - INFO - Cleanup: Weekly on Sunday at 2:00 AM IST
2025-10-24 19:28:08,076 - rs_scheduler - INFO - RS Strategy Scheduler stopped successfully
2025-10-24 19:28:16,956 - rs_scheduler - INFO - EOD data fetcher initialized successfully
2025-10-24 19:28:16,977 - rs_scheduler - INFO - Live signal generator initialized successfully
2025-10-24 19:28:16,978 - rs_scheduler - INFO - RS Strategy Scheduler initialized with database: C:\Users\Dell\Desktop\Newfolder1\wealthai-backend2\Strategies\rsStrategy\nifty500_data_with_metadata.sqlite
2025-10-24 19:28:16,979 - rs_scheduler - INFO - Starting RS Strategy Scheduler...
2025-10-24 19:28:16,987 - rs_scheduler - INFO - Scheduled 3 jobs:
2025-10-24 19:28:16,989 - rs_scheduler - INFO -    - RS Strategy EOD Data Fetch: Next run at Not scheduled
2025-10-24 19:28:16,989 - rs_scheduler - INFO -    - RS Strategy Signal Generation: Next run at Not scheduled
2025-10-24 19:28:16,990 - rs_scheduler - INFO -    - RS Strategy Cleanup: Next run at Not scheduled
2025-10-24 19:28:16,990 - rs_scheduler - INFO - RS Strategy Scheduler started successfully
2025-10-24 19:28:16,990 - rs_scheduler - INFO - EOD data fetch: Daily at 6:00 PM IST
2025-10-24 19:28:16,990 - rs_scheduler - INFO - Signal generation: Daily at 6:00 PM IST
2025-10-24 19:28:16,991 - rs_scheduler - INFO - Cleanup: Weekly on Sunday at 2:00 AM IST
2025-10-24 19:35:44,403 - rs_scheduler - INFO - RS Strategy Scheduler stopped successfully
2025-10-24 19:35:52,514 - rs_scheduler - INFO - EOD data fetcher initialized successfully
2025-10-24 19:35:52,529 - rs_scheduler - INFO - Live signal generator initialized successfully
2025-10-24 19:35:52,530 - rs_scheduler - INFO - RS Strategy Scheduler initialized with database: C:\Users\Dell\Desktop\Newfolder1\wealthai-backend2\Strategies\rsStrategy\nifty500_data_with_metadata.sqlite
2025-10-24 19:35:52,530 - rs_scheduler - INFO - Starting RS Strategy Scheduler...
2025-10-24 19:35:52,533 - rs_scheduler - INFO - Scheduled 3 jobs:
2025-10-24 19:35:52,534 - rs_scheduler - INFO -    - RS Strategy EOD Data Fetch: Next run at Not scheduled
2025-10-24 19:35:52,535 - rs_scheduler - INFO -    - RS Strategy Signal Generation: Next run at Not scheduled
2025-10-24 19:35:52,535 - rs_scheduler - INFO -    - RS Strategy Cleanup: Next run at Not scheduled
2025-10-24 19:35:52,537 - rs_scheduler - INFO - RS Strategy Scheduler started successfully
2025-10-24 19:35:52,537 - rs_scheduler - INFO - EOD data fetch: Daily at 6:00 PM IST
2025-10-24 19:35:52,537 - rs_scheduler - INFO - Signal generation: Daily at 6:00 PM IST
2025-10-24 19:35:52,538 - rs_scheduler - INFO - Cleanup: Weekly on Sunday at 2:00 AM IST
2025-10-24 23:08:51,010 - rs_scheduler - INFO - EOD data fetcher initialized successfully
2025-10-24 23:08:51,130 - rs_scheduler - INFO - Live signal generator initialized successfully
2025-10-24 23:08:51,185 - rs_scheduler - INFO - RS Strategy Scheduler initialized with database: C:\Users\Dell\Desktop\Newfolder1\wealthai-backend2\Strategies\rsStrategy\nifty500_data_with_metadata.sqlite
2025-10-24 23:08:51,558 - rs_scheduler - INFO - Starting RS Strategy Scheduler...
2025-10-24 23:08:52,120 - rs_scheduler - INFO - Scheduled 3 jobs:
2025-10-24 23:08:52,500 - rs_scheduler - INFO -    - RS Strategy EOD Data Fetch: Next run at Not scheduled
2025-10-24 23:08:52,642 - rs_scheduler - INFO -    - RS Strategy Signal Generation: Next run at Not scheduled
2025-10-24 23:08:52,875 - rs_scheduler - INFO -    - RS Strategy Cleanup: Next run at Not scheduled
2025-10-24 23:08:53,312 - rs_scheduler - INFO - RS Strategy Scheduler started successfully
2025-10-24 23:08:53,753 - rs_scheduler - INFO - EOD data fetch: Daily at 6:00 PM IST
2025-10-24 23:08:53,754 - rs_scheduler - INFO - Signal generation: Daily at 6:00 PM IST
2025-10-24 23:08:53,754 - rs_scheduler - INFO - Cleanup: Weekly on Sunday at 2:00 AM IST
2025-10-25 11:29:06,749 - rs_scheduler - INFO - EOD data fetcher initialized successfully
2025-10-25 11:29:06,935 - rs_scheduler - INFO - Live signal generator initialized successfully
2025-10-25 11:29:07,022 - rs_scheduler - INFO - RS Strategy Scheduler initialized with database: C:\Users\Dell\Desktop\Newfolder1\wealthai-backend2\Strategies\rsStrategy\nifty500_data_with_metadata.sqlite
2025-10-25 11:29:07,284 - rs_scheduler - INFO - Starting RS Strategy Scheduler...
2025-10-25 11:29:07,971 - rs_scheduler - INFO - Scheduled 3 jobs:
2025-10-25 11:29:08,060 - rs_scheduler - INFO -    - RS Strategy EOD Data Fetch: Next run at Not scheduled
2025-10-25 11:29:08,101 - rs_scheduler - INFO -    - RS Strategy Signal Generation: Next run at Not scheduled
2025-10-25 11:29:08,242 - rs_scheduler - INFO -    - RS Strategy Cleanup: Next run at Not scheduled
2025-10-25 11:29:08,353 - rs_scheduler - INFO - RS Strategy Scheduler started successfully
2025-10-25 11:29:08,512 - rs_scheduler - INFO - EOD data fetch: Daily at 6:00 PM IST
2025-10-25 11:29:08,587 - rs_scheduler - INFO - Signal generation: Daily at 6:00 PM IST
2025-10-25 11:29:08,801 - rs_scheduler - INFO - Cleanup: Weekly on Sunday at 2:00 AM IST
2025-10-25 12:48:01,806 - rs_scheduler - INFO - EOD data fetcher initialized successfully
2025-10-25 12:48:01,827 - rs_scheduler - INFO - Live signal generator initialized successfully
2025-10-25 12:48:01,829 - rs_scheduler - INFO - RS Strategy Scheduler initialized with database: C:\Users\Dell\Desktop\Newfolder1\wealthai-backend2\Strategies\rsStrategy\nifty500_data_with_metadata.sqlite
2025-10-25 12:48:01,830 - rs_scheduler - INFO - Starting RS Strategy Scheduler...
2025-10-25 12:48:01,845 - rs_scheduler - INFO - Scheduled 3 jobs:
2025-10-25 12:48:01,846 - rs_scheduler - INFO -    - RS Strategy EOD Data Fetch: Next run at Not scheduled
2025-10-25 12:48:01,847 - rs_scheduler - INFO -    - RS Strategy Signal Generation: Next run at Not scheduled
2025-10-25 12:48:01,850 - rs_scheduler - INFO -    - RS Strategy Cleanup: Next run at Not scheduled
2025-10-25 12:48:01,852 - rs_scheduler - INFO - RS Strategy Scheduler started successfully
2025-10-25 12:48:01,854 - rs_scheduler - INFO - EOD data fetch: Daily at 6:00 PM IST
2025-10-25 12:48:01,854 - rs_scheduler - INFO - Signal generation: Daily at 6:00 PM IST
2025-10-25 12:48:01,855 - rs_scheduler - INFO - Cleanup: Weekly on Sunday at 2:00 AM IST
2025-10-25 13:44:40,291 - rs_scheduler - INFO - EOD data fetcher initialized successfully
2025-10-25 13:44:40,391 - rs_scheduler - INFO - Live signal generator initialized successfully
2025-10-25 13:44:40,392 - rs_scheduler - INFO - RS Strategy Scheduler initialized with database: C:\Users\Dell\Desktop\Newfolder1\wealthai-backend2\Strategies\rsStrategy\nifty500_data_with_metadata.sqlite
2025-10-25 13:44:40,394 - rs_scheduler - INFO - Starting RS Strategy Scheduler...
2025-10-25 13:44:40,409 - rs_scheduler - INFO - Scheduled 3 jobs:
2025-10-25 13:44:40,409 - rs_scheduler - INFO -    - RS Strategy EOD Data Fetch: Next run at Not scheduled
2025-10-25 13:44:40,426 - rs_scheduler - INFO -    - RS Strategy Signal Generation: Next run at Not scheduled
2025-10-25 13:44:40,434 - rs_scheduler - INFO -    - RS Strategy Cleanup: Next run at Not scheduled
2025-10-25 13:44:40,460 - rs_scheduler - INFO - RS Strategy Scheduler started successfully
2025-10-25 13:44:40,472 - rs_scheduler - INFO - EOD data fetch: Daily at 6:00 PM IST
2025-10-25 13:44:40,473 - rs_scheduler - INFO - Signal generation: Daily at 6:00 PM IST
2025-10-25 13:44:40,500 - rs_scheduler - INFO - Cleanup: Weekly on Sunday at 2:00 AM IST
2025-10-25 14:13:07,408 - rs_scheduler - INFO - RS Strategy Scheduler stopped successfully
2025-10-25 14:16:12,851 - rs_scheduler - INFO - EOD data fetcher initialized successfully
2025-10-25 14:16:12,871 - rs_scheduler - INFO - Live signal generator initialized successfully
2025-10-25 14:16:12,873 - rs_scheduler - INFO - RS Strategy Scheduler initialized with database: C:\Users\Dell\Desktop\Newfolder1\wealthai-backend2\Strategies\rsStrategy\nifty500_data_with_metadata.sqlite
2025-10-25 14:16:12,875 - rs_scheduler - INFO - Starting RS Strategy Scheduler...
2025-10-25 14:16:12,879 - rs_scheduler - INFO - Scheduled 3 jobs:
2025-10-25 14:16:12,880 - rs_scheduler - INFO -    - RS Strategy EOD Data Fetch: Next run at Not scheduled
2025-10-25 14:16:12,882 - rs_scheduler - INFO -    - RS Strategy Signal Generation: Next run at Not scheduled
2025-10-25 14:16:12,884 - rs_scheduler - INFO -    - RS Strategy Cleanup: Next run at Not scheduled
2025-10-25 14:16:12,885 - rs_scheduler - INFO - RS Strategy Scheduler started successfully
2025-10-25 14:16:12,886 - rs_scheduler - INFO - EOD data fetch: Daily at 6:00 PM IST
2025-10-25 14:16:12,887 - rs_scheduler - INFO - Signal generation: Daily at 6:00 PM IST
2025-10-25 14:16:12,888 - rs_scheduler - INFO - Cleanup: Weekly on Sunday at 2:00 AM IST
2025-10-25 15:02:00,658 - rs_scheduler - INFO - EOD data fetcher initialized successfully
2025-10-25 15:02:00,699 - rs_scheduler - INFO - Live signal generator initialized successfully
2025-10-25 15:02:00,713 - rs_scheduler - INFO - RS Strategy Scheduler initialized with database: C:\Users\Dell\Desktop\Newfolder1\wealthai-backend2\Strategies\rsStrategy\nifty500_data_with_metadata.sqlite
2025-10-25 15:02:00,758 - rs_scheduler - INFO - Starting RS Strategy Scheduler...
2025-10-25 15:02:00,792 - rs_scheduler - INFO - Scheduled 3 jobs:
2025-10-25 15:02:00,825 - rs_scheduler - INFO -    - RS Strategy EOD Data Fetch: Next run at Not scheduled
2025-10-25 15:02:00,834 - rs_scheduler - INFO -    - RS Strategy Signal Generation: Next run at Not scheduled
2025-10-25 15:02:00,836 - rs_scheduler - INFO -    - RS Strategy Cleanup: Next run at Not scheduled
2025-10-25 15:02:00,837 - rs_scheduler - INFO - RS Strategy Scheduler started successfully
2025-10-25 15:02:00,838 - rs_scheduler - INFO - EOD data fetch: Daily at 6:00 PM IST
2025-10-25 15:02:00,839 - rs_scheduler - INFO - Signal generation: Daily at 6:00 PM IST
2025-10-25 15:02:00,844 - rs_scheduler - INFO - Cleanup: Weekly on Sunday at 2:00 AM IST
2025-10-25 15:32:29,288 - rs_scheduler - INFO - RS Strategy Scheduler stopped successfully
2025-10-25 15:33:04,522 - rs_scheduler - INFO - EOD data fetcher initialized successfully
2025-10-25 15:33:04,556 - rs_scheduler - INFO - Live signal generator initialized successfully
2025-10-25 15:33:04,557 - rs_scheduler - INFO - RS Strategy Scheduler initialized with database: C:\Users\Dell\Desktop\Newfolder1\wealthai-backend2\Strategies\rsStrategy\nifty500_data_with_metadata.sqlite
2025-10-25 15:33:04,559 - rs_scheduler - INFO - Starting RS Strategy Scheduler...
2025-10-25 15:33:04,570 - rs_scheduler - INFO - Scheduled 3 jobs:
2025-10-25 15:33:04,571 - rs_scheduler - INFO -    - RS Strategy EOD Data Fetch: Next run at Not scheduled
2025-10-25 15:33:04,577 - rs_scheduler - INFO -    - RS Strategy Signal Generation: Next run at Not scheduled
2025-10-25 15:33:04,579 - rs_scheduler - INFO -    - RS Strategy Cleanup: Next run at Not scheduled
2025-10-25 15:33:04,582 - rs_scheduler - INFO - RS Strategy Scheduler started successfully
2025-10-25 15:33:04,583 - rs_scheduler - INFO - EOD data fetch: Daily at 6:00 PM IST
2025-10-25 15:33:04,585 - rs_scheduler - INFO - Signal generation: Daily at 6:00 PM IST
2025-10-25 15:33:04,586 - rs_scheduler - INFO - Cleanup: Weekly on Sunday at 2:00 AM IST
2025-10-25 15:42:08,492 - rs_scheduler - INFO - RS Strategy Scheduler stopped successfully
2025-10-25 15:42:16,915 - rs_scheduler - INFO - EOD data fetcher initialized successfully
2025-10-25 15:42:16,964 - rs_scheduler - INFO - Live signal generator initialized successfully
2025-10-25 15:42:16,966 - rs_scheduler - INFO - RS Strategy Scheduler initialized with database: C:\Users\Dell\Desktop\Newfolder1\wealthai-backend2\Strategies\rsStrategy\nifty500_data_with_metadata.sqlite
2025-10-25 15:42:16,974 - rs_scheduler - INFO - Starting RS Strategy Scheduler...
2025-10-25 15:42:17,000 - rs_scheduler - INFO - Scheduled 3 jobs:
2025-10-25 15:42:17,004 - rs_scheduler - INFO -    - RS Strategy EOD Data Fetch: Next run at Not scheduled
2025-10-25 15:42:17,006 - rs_scheduler - INFO -    - RS Strategy Signal Generation: Next run at Not scheduled
2025-10-25 15:42:17,009 - rs_scheduler - INFO -    - RS Strategy Cleanup: Next run at Not scheduled
2025-10-25 15:42:17,016 - rs_scheduler - INFO - RS Strategy Scheduler started successfully
2025-10-25 15:42:17,023 - rs_scheduler - INFO - EOD data fetch: Daily at 6:00 PM IST
2025-10-25 15:42:17,032 - rs_scheduler - INFO - Signal generation: Daily at 6:00 PM IST
2025-10-25 15:42:17,043 - rs_scheduler - INFO - Cleanup: Weekly on Sunday at 2:00 AM IST
2025-10-25 16:00:18,866 - rs_scheduler - INFO - RS Strategy Scheduler stopped successfully
2025-10-25 16:14:29,025 - rs_scheduler - INFO - EOD data fetcher initialized successfully
2025-10-25 16:14:29,050 - rs_scheduler - INFO - Live signal generator initialized successfully
2025-10-25 16:14:29,059 - rs_scheduler - INFO - RS Strategy Scheduler initialized with database: C:\Users\Dell\Desktop\Newfolder1\wealthai-backend2\Strategies\rsStrategy\nifty500_data_with_metadata.sqlite
2025-10-25 16:14:29,067 - rs_scheduler - INFO - Starting RS Strategy Scheduler...
2025-10-25 16:14:29,084 - rs_scheduler - INFO - Scheduled 3 jobs:
2025-10-25 16:14:29,085 - rs_scheduler - INFO -    - RS Strategy EOD Data Fetch: Next run at Not scheduled
2025-10-25 16:14:29,086 - rs_scheduler - INFO -    - RS Strategy Signal Generation: Next run at Not scheduled
2025-10-25 16:14:29,087 - rs_scheduler - INFO -    - RS Strategy Cleanup: Next run at Not scheduled
2025-10-25 16:14:29,089 - rs_scheduler - INFO - RS Strategy Scheduler started successfully
2025-10-25 16:14:29,092 - rs_scheduler - INFO - EOD data fetch: Daily at 6:00 PM IST
2025-10-25 16:14:29,094 - rs_scheduler - INFO - Signal generation: Daily at 6:00 PM IST
2025-10-25 16:14:29,097 - rs_scheduler - INFO - Cleanup: Weekly on Sunday at 2:00 AM IST
2025-10-25 16:55:30,129 - rs_scheduler - INFO - RS Strategy Scheduler stopped successfully
2025-10-25 16:55:38,082 - rs_scheduler - INFO - EOD data fetcher initialized successfully
2025-10-25 16:55:38,122 - rs_scheduler - INFO - Live signal generator initialized successfully
2025-10-25 16:55:38,123 - rs_scheduler - INFO - RS Strategy Scheduler initialized with database: C:\Users\Dell\Desktop\Newfolder1\wealthai-backend2\Strategies\rsStrategy\nifty500_data_with_metadata.sqlite
2025-10-25 16:55:38,126 - rs_scheduler - INFO - Starting RS Strategy Scheduler...
2025-10-25 16:55:38,135 - rs_scheduler - INFO - Scheduled 3 jobs:
2025-10-25 16:55:38,138 - rs_scheduler - INFO -    - RS Strategy EOD Data Fetch: Next run at Not scheduled
2025-10-25 16:55:38,145 - rs_scheduler - INFO -    - RS Strategy Signal Generation: Next run at Not scheduled
2025-10-25 16:55:38,146 - rs_scheduler - INFO -    - RS Strategy Cleanup: Next run at Not scheduled
2025-10-25 16:55:38,148 - rs_scheduler - INFO - RS Strategy Scheduler started successfully
2025-10-25 16:55:38,150 - rs_scheduler - INFO - EOD data fetch: Daily at 6:00 PM IST
2025-10-25 16:55:38,153 - rs_scheduler - INFO - Signal generation: Daily at 6:00 PM IST
2025-10-25 16:55:38,158 - rs_scheduler - INFO - Cleanup: Weekly on Sunday at 2:00 AM IST
2025-10-25 18:00:00,041 - rs_scheduler - INFO - Starting EOD data fetch job...
2025-10-25 18:00:00,046 - rs_scheduler - INFO - Starting live signal generation job...
2025-10-25 18:00:00,047 - rs_scheduler - INFO - Market was closed today, skipping EOD data fetch
2025-10-25 18:00:00,048 - rs_scheduler - INFO - Market was closed today, skipping signal generation
2025-10-25 18:00:00,071 - rs_scheduler - INFO - Job rs_eod_fetch completed successfully
2025-10-25 18:00:00,073 - rs_scheduler - INFO - Job rs_signal_generation completed successfully
2025-10-25 18:52:37,185 - rs_scheduler - INFO - RS Strategy Scheduler stopped successfully
2025-10-25 18:53:15,302 - rs_scheduler - INFO - EOD data fetcher initialized successfully
2025-10-25 18:53:15,311 - rs_scheduler - INFO - Live signal generator initialized successfully
2025-10-25 18:53:15,314 - rs_scheduler - INFO - RS Strategy Scheduler initialized with database: C:\Users\Dell\Desktop\Newfolder1\wealthai-backend2\Strategies\rsStrategy\nifty500_data_with_metadata.sqlite
2025-10-25 18:53:15,315 - rs_scheduler - INFO - Starting RS Strategy Scheduler...
2025-10-25 18:53:15,325 - rs_scheduler - INFO - Scheduled 3 jobs:
2025-10-25 18:53:15,326 - rs_scheduler - INFO -    - RS Strategy EOD Data Fetch: Next run at Not scheduled
2025-10-25 18:53:15,330 - rs_scheduler - INFO -    - RS Strategy Signal Generation: Next run at Not scheduled
2025-10-25 18:53:15,331 - rs_scheduler - INFO -    - RS Strategy Cleanup: Next run at Not scheduled
2025-10-25 18:53:15,332 - rs_scheduler - INFO - RS Strategy Scheduler started successfully
2025-10-25 18:53:15,333 - rs_scheduler - INFO - EOD data fetch: Daily at 6:00 PM IST
2025-10-25 18:53:15,336 - rs_scheduler - INFO - Signal generation: Daily at 6:00 PM IST
2025-10-25 18:53:15,343 - rs_scheduler - INFO - Cleanup: Weekly on Sunday at 2:00 AM IST
2025-10-25 18:54:30,792 - rs_scheduler - INFO - EOD data fetcher initialized successfully
2025-10-25 18:54:30,803 - rs_scheduler - INFO - Live signal generator initialized successfully
2025-10-25 18:54:30,805 - rs_scheduler - INFO - RS Strategy Scheduler initialized with database: C:\Users\Dell\Desktop\Newfolder1\wealthai-backend2\Strategies\rsStrategy\nifty500_data_with_metadata.sqlite
2025-10-25 18:54:30,808 - rs_scheduler - INFO - Starting RS Strategy Scheduler...
2025-10-25 18:54:30,812 - rs_scheduler - INFO - Scheduled 3 jobs:
2025-10-25 18:54:30,813 - rs_scheduler - INFO -    - RS Strategy EOD Data Fetch: Next run at Not scheduled
2025-10-25 18:54:30,818 - rs_scheduler - INFO -    - RS Strategy Signal Generation: Next run at Not scheduled
2025-10-25 18:54:30,819 - rs_scheduler - INFO -    - RS Strategy Cleanup: Next run at Not scheduled
2025-10-25 18:54:30,820 - rs_scheduler - INFO - RS Strategy Scheduler started successfully
2025-10-25 18:54:30,820 - rs_scheduler - INFO - EOD data fetch: Daily at 6:00 PM IST
2025-10-25 18:54:30,821 - rs_scheduler - INFO - Signal generation: Daily at 6:00 PM IST
2025-10-25 18:54:30,822 - rs_scheduler - INFO - Cleanup: Weekly on Sunday at 2:00 AM IST
2025-10-25 19:01:54,779 - rs_scheduler - INFO - RS Strategy Scheduler stopped successfully
2025-10-25 20:47:15,484 - rs_scheduler - INFO - EOD data fetcher initialized successfully
2025-10-25 20:47:15,492 - rs_scheduler - INFO - Live signal generator initialized successfully
2025-10-25 20:47:15,495 - rs_scheduler - INFO - RS Strategy Scheduler initialized with database: D:\WealthAI1\wealthai-backend2\Strategies\rsStrategy\nifty500_data_with_metadata.sqlite
2025-10-25 20:47:15,497 - rs_scheduler - INFO - Starting RS Strategy Scheduler...
2025-10-25 20:47:15,509 - rs_scheduler - INFO - Scheduled 3 jobs:
2025-10-25 20:47:15,510 - rs_scheduler - INFO -    - RS Strategy EOD Data Fetch: Next run at Not scheduled
2025-10-25 20:47:15,511 - rs_scheduler - INFO -    - RS Strategy Signal Generation: Next run at Not scheduled
2025-10-25 20:47:15,512 - rs_scheduler - INFO -    - RS Strategy Cleanup: Next run at Not scheduled
2025-10-25 20:47:15,513 - rs_scheduler - INFO - RS Strategy Scheduler started successfully
2025-10-25 20:47:15,513 - rs_scheduler - INFO - EOD data fetch: Daily at 6:00 PM IST
2025-10-25 20:47:15,514 - rs_scheduler - INFO - Signal generation: Daily at 6:00 PM IST
2025-10-25 20:47:15,515 - rs_scheduler - INFO - Cleanup: Weekly on Sunday at 2:00 AM IST
2025-10-26 00:38:03,168 - rs_scheduler - INFO - RS Strategy Scheduler stopped successfully
