2026-02-25 15:17:53,619 - US_ETF_Swing_Strategy - INFO - strategyLogger:108 - [L1][signal] [2024-05-16] VGT: ELIGIBLE (Price 533.85 > SMA 506.86). Distance: 5.33% | Threshold: > 0%
2026-02-25 15:17:53,626 - US_ETF_Swing_Strategy - INFO - strategyLogger:108 - [L1][execution] [2024-05-17] SLOTS: 4 Occupied / 4 Total
2026-02-25 15:17:53,633 - US_ETF_Swing_Strategy - INFO - strategyLogger:108 - [L1][signal] [2024-05-17] GLD: ELIGIBLE (Price 223.66 > SMA 200.45). Distance: 11.58% | Threshold: > 0%
2026-02-25 15:17:53,635 - US_ETF_Swing_Strategy - INFO - strategyLogger:108 - [L1][signal] [2024-05-17] IWM: ELIGIBLE (Price 208.08 > SMA 200.34). Distance: 3.87% | Threshold: > 0%
2026-02-25 15:17:53,637 - US_ETF_Swing_Strategy - INFO - strategyLogger:108 - [L1][signal] [2024-05-17] SLV: ELIGIBLE (Price 28.79 > SMA 22.78). Distance: 26.36% | Threshold: > 0%
2026-02-25 15:17:53,640 - US_ETF_Swing_Strategy - INFO - strategyLogger:108 - [L1][signal] [2024-05-17] QQQ: ELIGIBLE (Price 451.76 > SMA 430.49). Distance: 4.94% | Threshold: > 0%
2026-02-25 15:17:53,642 - US_ETF_Swing_Strategy - INFO - strategyLogger:108 - [L1][signal] [2024-05-17] VGT: ELIGIBLE (Price 532.55 > SMA 507.35). Distance: 4.97% | Threshold: > 0%
2026-02-25 15:17:53,645 - US_ETF_Swing_Strategy - INFO - strategyLogger:108 - [L1][execution] [2024-05-20] SLOTS: 4 Occupied / 4 Total
2026-02-25 15:17:53,650 - US_ETF_Swing_Strategy - INFO - strategyLogger:108 - [L1][signal] [2024-05-20] GLD: ELIGIBLE (Price 224.56 > SMA 200.78). Distance: 11.84% | Threshold: > 0%
2026-02-25 15:17:53,652 - US_ETF_Swing_Strategy - INFO - strategyLogger:108 - [L1][signal] [2024-05-20] IWM: ELIGIBLE (Price 208.54 > SMA 200.38). Distance: 4.07% | Threshold: > 0%
2026-02-25 15:17:53,654 - US_ETF_Swing_Strategy - INFO - strategyLogger:108 - [L1][signal] [2024-05-20] SLV: ELIGIBLE (Price 28.98 > SMA 22.85). Distance: 26.81% | Threshold: > 0%
2026-02-25 15:17:53,656 - US_ETF_Swing_Strategy - INFO - strategyLogger:108 - [L1][signal] [2024-05-20] QQQ: ELIGIBLE (Price 454.91 > SMA 430.93). Distance: 5.57% | Threshold: > 0%
2026-02-25 15:17:53,659 - US_ETF_Swing_Strategy - INFO - strategyLogger:108 - [L1][signal] [2024-05-20] VGT: ELIGIBLE (Price 539.30 > SMA 507.88). Distance: 6.19% | Threshold: > 0%
2026-02-25 15:17:53,663 - US_ETF_Swing_Strategy - INFO - strategyLogger:108 - [L1][execution] [2024-05-21] SLOTS: 4 Occupied / 4 Total
2026-02-25 15:17:53,667 - US_ETF_Swing_Strategy - INFO - strategyLogger:108 - [L1][signal] [2024-05-21] GLD: ELIGIBLE (Price 224.23 > SMA 201.10). Distance: 11.50% | Threshold: > 0%
2026-02-25 15:17:53,669 - US_ETF_Swing_Strategy - INFO - strategyLogger:108 - [L1][signal] [2024-05-21] IWM: ELIGIBLE (Price 208.34 > SMA 200.42). Distance: 3.95% | Threshold: > 0%
2026-02-25 15:17:53,672 - US_ETF_Swing_Strategy - INFO - strategyLogger:108 - [L1][signal] [2024-05-21] SLV: ELIGIBLE (Price 29.27 > SMA 22.92). Distance: 27.69% | Threshold: > 0%
2026-02-25 15:17:53,675 - US_ETF_Swing_Strategy - INFO - strategyLogger:108 - [L1][signal] [2024-05-21] QQQ: ELIGIBLE (Price 455.80 > SMA 431.37). Distance: 5.66% | Threshold: > 0%
2026-02-25 15:17:53,677 - US_ETF_Swing_Strategy - INFO - strategyLogger:108 - [L1][signal] [2024-05-21] VGT: ELIGIBLE (Price 539.81 > SMA 508.42). Distance: 6.18% | Threshold: > 0%
2026-02-25 15:17:53,681 - US_ETF_Swing_Strategy - INFO - strategyLogger:108 - [L1][execution] [2024-05-22] SLOTS: 4 Occupied / 4 Total
2026-02-25 15:17:53,686 - US_ETF_Swing_Strategy - INFO - strategyLogger:108 - [L1][signal] [2024-05-22] GLD: ELIGIBLE (Price 220.11 > SMA 201.38). Distance: 9.30% | Threshold: > 0%
2026-02-25 15:17:53,687 - US_ETF_Swing_Strategy - INFO - strategyLogger:108 - [L1][signal] [2024-05-22] IWM: ELIGIBLE (Price 206.58 > SMA 200.44). Distance: 3.06% | Threshold: > 0%
2026-02-25 15:17:53,690 - US_ETF_Swing_Strategy - INFO - strategyLogger:108 - [L1][signal] [2024-05-22] SLV: ELIGIBLE (Price 28.22 > SMA 22.99). Distance: 22.77% | Threshold: > 0%
2026-02-25 15:17:53,693 - US_ETF_Swing_Strategy - INFO - strategyLogger:108 - [L1][signal] [2024-05-22] QQQ: ELIGIBLE (Price 455.71 > SMA 431.81). Distance: 5.53% | Threshold: > 0%
2026-02-25 15:17:53,697 - US_ETF_Swing_Strategy - INFO - strategyLogger:108 - [L1][signal] [2024-05-22] VGT: ELIGIBLE (Price 539.94 > SMA 508.95). Distance: 6.09% | Threshold: > 0%
2026-02-25 15:17:53,699 - US_ETF_Swing_Strategy - INFO - strategyLogger:108 - [L1][execution] [2024-05-23] SLOTS: 4 Occupied / 4 Total
2026-02-25 15:17:53,703 - US_ETF_Swing_Strategy - INFO - strategyLogger:108 - [L1][signal] [2024-05-23] GLD: ELIGIBLE (Price 215.72 > SMA 201.63). Distance: 6.99% | Threshold: > 0%
2026-02-25 15:17:53,706 - US_ETF_Swing_Strategy - INFO - strategyLogger:108 - [L1][signal] [2024-05-23] IWM: ELIGIBLE (Price 203.19 > SMA 200.47). Distance: 1.36% | Threshold: > 0%
2026-02-25 15:17:53,708 - US_ETF_Swing_Strategy - INFO - strategyLogger:108 - [L1][signal] [2024-05-23] SLV: ELIGIBLE (Price 27.55 > SMA 23.04). Distance: 19.56% | Threshold: > 0%
2026-02-25 15:17:53,714 - US_ETF_Swing_Strategy - INFO - strategyLogger:108 - [L1][signal] [2024-05-23] QQQ: ELIGIBLE (Price 453.66 > SMA 432.25). Distance: 4.95% | Threshold: > 0%
2026-02-25 15:17:53,716 - US_ETF_Swing_Strategy - INFO - strategyLogger:108 - [L1][signal] [2024-05-23] VGT: ELIGIBLE (Price 539.98 > SMA 509.51). Distance: 5.98% | Threshold: > 0%
2026-02-25 15:17:53,718 - US_ETF_Swing_Strategy - INFO - strategyLogger:108 - [L1][execution] [2024-05-24] SLOTS: 4 Occupied / 4 Total
2026-02-25 15:17:53,723 - US_ETF_Swing_Strategy - INFO - strategyLogger:108 - [L1][signal] [2024-05-24] GLD: ELIGIBLE (Price 215.92 > SMA 201.88). Distance: 6.95% | Threshold: > 0%
2026-02-25 15:17:53,727 - US_ETF_Swing_Strategy - INFO - strategyLogger:108 - [L1][signal] [2024-05-24] IWM: ELIGIBLE (Price 205.44 > SMA 200.53). Distance: 2.45% | Threshold: > 0%
2026-02-25 15:17:53,730 - US_ETF_Swing_Strategy - INFO - strategyLogger:108 - [L1][signal] [2024-05-24] SLV: ELIGIBLE (Price 27.74 > SMA 23.10). Distance: 20.07% | Threshold: > 0%
2026-02-25 15:17:53,731 - US_ETF_Swing_Strategy - INFO - strategyLogger:108 - [L1][signal] [2024-05-24] QQQ: ELIGIBLE (Price 457.95 > SMA 432.81). Distance: 5.81% | Threshold: > 0%
2026-02-25 15:17:53,734 - US_ETF_Swing_Strategy - INFO - strategyLogger:108 - [L1][signal] [2024-05-24] VGT: ELIGIBLE (Price 545.23 > SMA 510.25). Distance: 6.86% | Threshold: > 0%
2026-02-25 15:17:53,736 - US_ETF_Swing_Strategy - INFO - strategyLogger:108 - [L1][execution] [2024-05-28] SLOTS: 4 Occupied / 4 Total
2026-02-25 15:17:53,742 - US_ETF_Swing_Strategy - INFO - strategyLogger:108 - [L1][signal] [2024-05-28] GLD: ELIGIBLE (Price 218.19 > SMA 202.17). Distance: 7.92% | Threshold: > 0%
2026-02-25 15:17:53,744 - US_ETF_Swing_Strategy - INFO - strategyLogger:108 - [L1][signal] [2024-05-28] IWM: ELIGIBLE (Price 205.16 > SMA 200.63). Distance: 2.26% | Threshold: > 0%
2026-02-25 15:17:53,747 - US_ETF_Swing_Strategy - INFO - strategyLogger:108 - [L1][signal] [2024-05-28] SLV: ELIGIBLE (Price 29.24 > SMA 23.19). Distance: 26.11% | Threshold: > 0%
2026-02-25 15:17:53,749 - US_ETF_Swing_Strategy - INFO - strategyLogger:108 - [L1][signal] [2024-05-28] QQQ: ELIGIBLE (Price 459.68 > SMA 433.42). Distance: 6.06% | Threshold: > 0%
2026-02-25 15:17:53,750 - US_ETF_Swing_Strategy - INFO - strategyLogger:108 - [L1][signal] [2024-05-28] VGT: ELIGIBLE (Price 549.92 > SMA 511.10). Distance: 7.60% | Threshold: > 0%
2026-02-25 15:17:53,752 - US_ETF_Swing_Strategy - INFO - strategyLogger:108 - [L1][execution] [2024-05-29] SLOTS: 4 Occupied / 4 Total
2026-02-25 15:17:53,756 - US_ETF_Swing_Strategy - INFO - strategyLogger:108 - [L1][signal] [2024-05-29] GLD: ELIGIBLE (Price 216.16 > SMA 202.44). Distance: 6.78% | Threshold: > 0%
2026-02-25 15:17:53,758 - US_ETF_Swing_Strategy - INFO - strategyLogger:108 - [L1][signal] [2024-05-29] IWM: ELIGIBLE (Price 202.13 > SMA 200.72). Distance: 0.70% | Threshold: > 0%
2026-02-25 15:17:53,764 - US_ETF_Swing_Strategy - INFO - strategyLogger:108 - [L1][signal] [2024-05-29] SLV: ELIGIBLE (Price 29.17 > SMA 23.27). Distance: 25.37% | Threshold: > 0%
2026-02-25 15:17:53,767 - US_ETF_Swing_Strategy - INFO - strategyLogger:108 - [L1][signal] [2024-05-29] QQQ: ELIGIBLE (Price 456.44 > SMA 434.02). Distance: 5.16% | Threshold: > 0%
2026-02-25 15:17:53,769 - US_ETF_Swing_Strategy - INFO - strategyLogger:108 - [L1][signal] [2024-05-29] VGT: ELIGIBLE (Price 548.00 > SMA 511.95). Distance: 7.04% | Threshold: > 0%
2026-02-25 15:17:53,771 - US_ETF_Swing_Strategy - INFO - strategyLogger:108 - [L1][execution] [2024-05-30] SLOTS: 4 Occupied / 4 Total
2026-02-25 15:17:53,775 - US_ETF_Swing_Strategy - INFO - strategyLogger:108 - [L1][signal] [2024-05-30] GLD: ELIGIBLE (Price 216.57 > SMA 202.71). Distance: 6.84% | Threshold: > 0%
2026-02-25 15:17:53,779 - US_ETF_Swing_Strategy - INFO - strategyLogger:108 - [L1][signal] [2024-05-30] IWM: ELIGIBLE (Price 204.05 > SMA 200.83). Distance: 1.61% | Threshold: > 0%
2026-02-25 15:17:53,781 - US_ETF_Swing_Strategy - INFO - strategyLogger:108 - [L1][signal] [2024-05-30] SLV: ELIGIBLE (Price 28.42 > SMA 23.34). Distance: 21.77% | Threshold: > 0%
2026-02-25 15:17:53,784 - US_ETF_Swing_Strategy - INFO - strategyLogger:108 - [L1][signal] [2024-05-30] QQQ: ELIGIBLE (Price 451.55 > SMA 434.57). Distance: 3.91% | Threshold: > 0%
2026-02-25 15:17:53,786 - US_ETF_Swing_Strategy - INFO - strategyLogger:108 - [L1][signal] [2024-05-30] VGT: ELIGIBLE (Price 535.08 > SMA 512.68). Distance: 4.37% | Threshold: > 0%
2026-02-25 15:17:53,788 - US_ETF_Swing_Strategy - INFO - strategyLogger:108 - [L1][execution] [2024-05-31] SLOTS: 4 Occupied / 4 Total
2026-02-25 15:17:53,793 - US_ETF_Swing_Strategy - INFO - strategyLogger:108 - [L1][signal] [2024-05-31] GLD: ELIGIBLE (Price 215.30 > SMA 202.99). Distance: 6.07% | Threshold: > 0%
2026-02-25 15:17:53,797 - US_ETF_Swing_Strategy - INFO - strategyLogger:108 - [L1][signal] [2024-05-31] IWM: ELIGIBLE (Price 205.77 > SMA 200.92). Distance: 2.42% | Threshold: > 0%
2026-02-25 15:17:53,799 - US_ETF_Swing_Strategy - INFO - strategyLogger:108 - [L1][signal] [2024-05-31] SLV: ELIGIBLE (Price 27.76 > SMA 23.40). Distance: 18.61% | Threshold: > 0%
2026-02-25 15:17:53,801 - US_ETF_Swing_Strategy - INFO - strategyLogger:108 - [L1][signal] [2024-05-31] QQQ: ELIGIBLE (Price 450.71 > SMA 435.03). Distance: 3.60% | Threshold: > 0%
2026-02-25 15:17:53,803 - US_ETF_Swing_Strategy - INFO - strategyLogger:108 - [L1][signal] [2024-05-31] VGT: ELIGIBLE (Price 534.61 > SMA 513.29). Distance: 4.15% | Threshold: > 0%
2026-02-25 15:17:53,804 - US_ETF_Swing_Strategy - INFO - strategyLogger:108 - [L1][execution] [2024-06-03] SLOTS: 4 Occupied / 4 Total
2026-02-25 15:17:53,808 - US_ETF_Swing_Strategy - INFO - strategyLogger:108 - [L1][signal] [2024-06-03] GLD: ELIGIBLE (Price 217.22 > SMA 203.28). Distance: 6.86% | Threshold: > 0%
2026-02-25 15:17:53,811 - US_ETF_Swing_Strategy - INFO - strategyLogger:108 - [L1][signal] [2024-06-03] IWM: ELIGIBLE (Price 204.61 > SMA 201.01). Distance: 1.79% | Threshold: > 0%
2026-02-25 15:17:53,814 - US_ETF_Swing_Strategy - INFO - strategyLogger:108 - [L1][signal] [2024-06-03] SLV: ELIGIBLE (Price 27.89 > SMA 23.47). Distance: 18.81% | Threshold: > 0%
2026-02-25 15:17:53,817 - US_ETF_Swing_Strategy - INFO - strategyLogger:108 - [L1][signal] [2024-06-03] QQQ: ELIGIBLE (Price 453.13 > SMA 435.50). Distance: 4.05% | Threshold: > 0%
2026-02-25 15:17:53,818 - US_ETF_Swing_Strategy - INFO - strategyLogger:108 - [L1][signal] [2024-06-03] VGT: ELIGIBLE (Price 537.42 > SMA 513.91). Distance: 4.57% | Threshold: > 0%
2026-02-25 15:17:53,820 - US_ETF_Swing_Strategy - INFO - strategyLogger:108 - [L1][execution] [2024-06-04] SLOTS: 4 Occupied / 4 Total
2026-02-25 15:17:53,826 - US_ETF_Swing_Strategy - INFO - strategyLogger:108 - [L1][signal] [2024-06-04] GLD: ELIGIBLE (Price 215.27 > SMA 203.56). Distance: 5.75% | Threshold: > 0%
2026-02-25 15:17:53,830 - US_ETF_Swing_Strategy - INFO - strategyLogger:108 - [L1][signal] [2024-06-04] IWM: ELIGIBLE (Price 201.97 > SMA 201.08). Distance: 0.44% | Threshold: > 0%
2026-02-25 15:17:53,831 - US_ETF_Swing_Strategy - INFO - strategyLogger:108 - [L1][signal] [2024-06-04] SLV: ELIGIBLE (Price 27.02 > SMA 23.53). Distance: 14.81% | Threshold: > 0%
2026-02-25 15:17:53,834 - US_ETF_Swing_Strategy - INFO - strategyLogger:108 - [L1][signal] [2024-06-04] QQQ: ELIGIBLE (Price 454.37 > SMA 435.96). Distance: 4.22% | Threshold: > 0%
2026-02-25 15:17:53,836 - US_ETF_Swing_Strategy - INFO - strategyLogger:108 - [L1][signal] [2024-06-04] VGT: ELIGIBLE (Price 537.75 > SMA 514.50). Distance: 4.52% | Threshold: > 0%
2026-02-25 15:17:53,838 - US_ETF_Swing_Strategy - INFO - strategyLogger:108 - [L1][execution] [2024-06-05] SLOTS: 4 Occupied / 4 Total
2026-02-25 15:17:53,844 - US_ETF_Swing_Strategy - INFO - strategyLogger:108 - [L1][signal] [2024-06-05] GLD: ELIGIBLE (Price 217.82 > SMA 203.86). Distance: 6.85% | Threshold: > 0%
2026-02-25 15:17:53,847 - US_ETF_Swing_Strategy - INFO - strategyLogger:108 - [L1][signal] [2024-06-05] IWM: ELIGIBLE (Price 205.06 > SMA 201.20). Distance: 1.92% | Threshold: > 0%
2026-02-25 15:17:53,850 - US_ETF_Swing_Strategy - INFO - strategyLogger:108 - [L1][signal] [2024-06-05] SLV: ELIGIBLE (Price 27.40 > SMA 23.60). Distance: 16.10% | Threshold: > 0%
2026-02-25 15:17:53,851 - US_ETF_Swing_Strategy - INFO - strategyLogger:108 - [L1][signal] [2024-06-05] QQQ: ELIGIBLE (Price 463.53 > SMA 436.50). Distance: 6.19% | Threshold: > 0%
2026-02-25 15:17:53,853 - US_ETF_Swing_Strategy - INFO - strategyLogger:108 - [L1][signal] [2024-06-05] VGT: ELIGIBLE (Price 551.45 > SMA 515.21). Distance: 7.03% | Threshold: > 0%
2026-02-25 15:17:53,854 - US_ETF_Swing_Strategy - INFO - strategyLogger:108 - [L1][execution] [2024-06-06] SLOTS: 4 Occupied / 4 Total
2026-02-25 15:17:53,858 - US_ETF_Swing_Strategy - INFO - strategyLogger:108 - [L3][signal] IWM: Trend violated (Price < SMA) but Profit (-1.37%) below threshold. Holding.
2026-02-25 15:17:53,862 - US_ETF_Swing_Strategy - INFO - strategyLogger:108 - [L1][signal] [2024-06-06] GLD: ELIGIBLE (Price 219.43 > SMA 204.16). Distance: 7.48% | Threshold: > 0%
2026-02-25 15:17:53,865 - US_ETF_Swing_Strategy - INFO - strategyLogger:108 - [L1][signal] [2024-06-06] IWM: ELIGIBLE (Price 203.59 > SMA 201.30). Distance: 1.14% | Threshold: > 0%
2026-02-25 15:17:53,868 - US_ETF_Swing_Strategy - INFO - strategyLogger:108 - [L1][signal] [2024-06-06] SLV: ELIGIBLE (Price 28.53 > SMA 23.67). Distance: 20.51% | Threshold: > 0%
2026-02-25 15:17:53,871 - US_ETF_Swing_Strategy - INFO - strategyLogger:108 - [L1][signal] [2024-06-06] QQQ: ELIGIBLE (Price 463.37 > SMA 437.04). Distance: 6.02% | Threshold: > 0%
2026-02-25 15:17:53,873 - US_ETF_Swing_Strategy - INFO - strategyLogger:108 - [L1][signal] [2024-06-06] VGT: ELIGIBLE (Price 549.89 > SMA 515.89). Distance: 6.59% | Threshold: > 0%
2026-02-25 15:17:53,877 - US_ETF_Swing_Strategy - INFO - strategyLogger:108 - [L1][execution] [2024-06-07] SLOTS: 4 Occupied / 4 Total
2026-02-25 15:17:53,883 - US_ETF_Swing_Strategy - INFO - strategyLogger:108 - [L1][signal] [2024-06-07] GLD: ELIGIBLE (Price 211.60 > SMA 204.39). Distance: 3.53% | Threshold: > 0%
2026-02-25 15:17:53,886 - US_ETF_Swing_Strategy - INFO - strategyLogger:108 - [L1][signal] [2024-06-07] SLV: ELIGIBLE (Price 26.67 > SMA 23.73). Distance: 12.39% | Threshold: > 0%
2026-02-25 15:17:53,888 - US_ETF_Swing_Strategy - INFO - strategyLogger:108 - [L1][signal] [2024-06-07] QQQ: ELIGIBLE (Price 462.96 > SMA 437.58). Distance: 5.80% | Threshold: > 0%
2026-02-25 15:17:53,891 - US_ETF_Swing_Strategy - INFO - strategyLogger:108 - [L1][signal] [2024-06-07] VGT: ELIGIBLE (Price 549.85 > SMA 516.57). Distance: 6.44% | Threshold: > 0%
2026-02-25 15:17:53,895 - US_ETF_Swing_Strategy - INFO - strategyLogger:108 - [L1][execution] [2024-06-10] SLOTS: 4 Occupied / 4 Total
2026-02-25 15:17:53,899 - US_ETF_Swing_Strategy - INFO - strategyLogger:108 - [L3][signal] IWM: Trend violated (Price < SMA) but Profit (-1.65%) below threshold. Holding.
2026-02-25 15:17:53,901 - US_ETF_Swing_Strategy - INFO - strategyLogger:108 - [L1][signal] [2024-06-10] GLD: ELIGIBLE (Price 213.54 > SMA 204.67). Distance: 4.33% | Threshold: > 0%
2026-02-25 15:17:53,904 - US_ETF_Swing_Strategy - INFO - strategyLogger:108 - [L1][signal] [2024-06-10] IWM: ELIGIBLE (Price 201.89 > SMA 201.53). Distance: 0.18% | Threshold: > 0%
2026-02-25 15:17:53,907 - US_ETF_Swing_Strategy - INFO - strategyLogger:108 - [L1][signal] [2024-06-10] SLV: ELIGIBLE (Price 27.12 > SMA 23.80). Distance: 13.97% | Threshold: > 0%
2026-02-25 15:17:53,909 - US_ETF_Swing_Strategy - INFO - strategyLogger:108 - [L1][signal] [2024-06-10] QQQ: ELIGIBLE (Price 464.83 > SMA 438.15). Distance: 6.09% | Threshold: > 0%
2026-02-25 15:17:53,913 - US_ETF_Swing_Strategy - INFO - strategyLogger:108 - [L1][signal] [2024-06-10] VGT: ELIGIBLE (Price 551.75 > SMA 517.29). Distance: 6.66% | Threshold: > 0%
2026-02-25 15:17:53,915 - US_ETF_Swing_Strategy - INFO - strategyLogger:108 - [L1][execution] [2024-06-11] SLOTS: 4 Occupied / 4 Total
2026-02-25 15:17:53,919 - US_ETF_Swing_Strategy - INFO - strategyLogger:108 - [L1][signal] [2024-06-11] GLD: ELIGIBLE (Price 214.15 > SMA 204.94). Distance: 4.50% | Threshold: > 0%
2026-02-25 15:17:53,924 - US_ETF_Swing_Strategy - INFO - strategyLogger:108 - [L1][signal] [2024-06-11] SLV: ELIGIBLE (Price 26.71 > SMA 23.85). Distance: 11.97% | Threshold: > 0%
2026-02-25 15:17:53,927 - US_ETF_Swing_Strategy - INFO - strategyLogger:108 - [L1][signal] [2024-06-11] QQQ: ELIGIBLE (Price 468.02 > SMA 438.70). Distance: 6.68% | Threshold: > 0%
2026-02-25 15:17:53,931 - US_ETF_Swing_Strategy - INFO - strategyLogger:108 - [L1][signal] [2024-06-11] VGT: ELIGIBLE (Price 559.49 > SMA 517.99). Distance: 8.01% | Threshold: > 0%
2026-02-25 15:17:53,933 - US_ETF_Swing_Strategy - INFO - strategyLogger:108 - [L1][execution] [2024-06-12] SLOTS: 4 Occupied / 4 Total
2026-02-25 15:17:53,939 - US_ETF_Swing_Strategy - INFO - strategyLogger:108 - [L1][signal] [2024-06-12] GLD: ELIGIBLE (Price 214.72 > SMA 205.20). Distance: 4.64% | Threshold: > 0%
2026-02-25 15:17:53,942 - US_ETF_Swing_Strategy - INFO - strategyLogger:108 - [L1][signal] [2024-06-12] IWM: ELIGIBLE (Price 203.72 > SMA 201.74). Distance: 0.98% | Threshold: > 0%
2026-02-25 15:17:53,947 - US_ETF_Swing_Strategy - INFO - strategyLogger:108 - [L1][signal] [2024-06-12] SLV: ELIGIBLE (Price 27.03 > SMA 23.92). Distance: 13.01% | Threshold: > 0%
2026-02-25 15:17:53,950 - US_ETF_Swing_Strategy - INFO - strategyLogger:108 - [L1][signal] [2024-06-12] QQQ: ELIGIBLE (Price 474.15 > SMA 439.23). Distance: 7.95% | Threshold: > 0%
2026-02-25 15:17:53,952 - US_ETF_Swing_Strategy - INFO - strategyLogger:108 - [L1][signal] [2024-06-12] VGT: ELIGIBLE (Price 571.52 > SMA 518.71). Distance: 10.18% | Threshold: > 0%
2026-02-25 15:17:53,954 - US_ETF_Swing_Strategy - INFO - strategyLogger:108 - [L1][execution] [2024-06-13] SLOTS: 4 Occupied / 4 Total
2026-02-25 15:17:53,958 - US_ETF_Swing_Strategy - INFO - strategyLogger:108 - [L3][signal] IWM: Trend violated (Price < SMA) but Profit (-2.58%) below threshold. Holding.
2026-02-25 15:17:53,960 - US_ETF_Swing_Strategy - INFO - strategyLogger:108 - [L1][signal] [2024-06-13] GLD: ELIGIBLE (Price 212.97 > SMA 205.46). Distance: 3.65% | Threshold: > 0%
2026-02-25 15:17:53,964 - US_ETF_Swing_Strategy - INFO - strategyLogger:108 - [L1][signal] [2024-06-13] IWM: ELIGIBLE (Price 201.94 > SMA 201.80). Distance: 0.07% | Threshold: > 0%
2026-02-25 15:17:53,966 - US_ETF_Swing_Strategy - INFO - strategyLogger:108 - [L1][signal] [2024-06-13] SLV: ELIGIBLE (Price 26.43 > SMA 23.98). Distance: 10.22% | Threshold: > 0%
2026-02-25 15:17:53,969 - US_ETF_Swing_Strategy - INFO - strategyLogger:108 - [L1][signal] [2024-06-13] QQQ: ELIGIBLE (Price 476.72 > SMA 439.78). Distance: 8.40% | Threshold: > 0%
2026-02-25 15:17:53,969 - US_ETF_Swing_Strategy - INFO - strategyLogger:108 - [L1][signal] [2024-06-13] VGT: ELIGIBLE (Price 577.17 > SMA 519.45). Distance: 11.11% | Threshold: > 0%
2026-02-25 15:17:53,973 - US_ETF_Swing_Strategy - INFO - strategyLogger:108 - [L1][execution] [2024-06-14] SLOTS: 4 Occupied / 4 Total
2026-02-25 15:17:53,978 - US_ETF_Swing_Strategy - INFO - strategyLogger:108 - [L3][signal] IWM: Trend violated (Price < SMA) but Profit (-1.76%) below threshold. Holding.
2026-02-25 15:17:53,981 - US_ETF_Swing_Strategy - INFO - strategyLogger:108 - [L1][signal] [2024-06-14] GLD: ELIGIBLE (Price 215.73 > SMA 205.74). Distance: 4.86% | Threshold: > 0%
2026-02-25 15:17:53,986 - US_ETF_Swing_Strategy - INFO - strategyLogger:108 - [L1][signal] [2024-06-14] SLV: ELIGIBLE (Price 27.01 > SMA 24.05). Distance: 12.33% | Threshold: > 0%
2026-02-25 15:17:53,989 - US_ETF_Swing_Strategy - INFO - strategyLogger:108 - [L1][signal] [2024-06-14] QQQ: ELIGIBLE (Price 479.19 > SMA 440.34). Distance: 8.82% | Threshold: > 0%
2026-02-25 15:17:53,992 - US_ETF_Swing_Strategy - INFO - strategyLogger:108 - [L1][signal] [2024-06-14] VGT: ELIGIBLE (Price 579.41 > SMA 520.19). Distance: 11.38% | Threshold: > 0%
2026-02-25 15:17:53,997 - US_ETF_Swing_Strategy - INFO - strategyLogger:108 - [L1][execution] [2024-06-17] SLOTS: 4 Occupied / 4 Total
2026-02-25 15:17:53,999 - US_ETF_Swing_Strategy - INFO - strategyLogger:108 - [L3][signal] IWM: Trend violated (Price < SMA) but Profit (-1.59%) below threshold. Holding.
2026-02-25 15:17:54,001 - US_ETF_Swing_Strategy - INFO - strategyLogger:108 - [L1][signal] [2024-06-17] GLD: ELIGIBLE (Price 214.61 > SMA 206.02). Distance: 4.17% | Threshold: > 0%
2026-02-25 15:17:54,004 - US_ETF_Swing_Strategy - INFO - strategyLogger:108 - [L1][signal] [2024-06-17] SLV: ELIGIBLE (Price 26.92 > SMA 24.11). Distance: 11.67% | Threshold: > 0%
2026-02-25 15:17:54,007 - US_ETF_Swing_Strategy - INFO - strategyLogger:108 - [L1][signal] [2024-06-17] QQQ: ELIGIBLE (Price 485.06 > SMA 440.93). Distance: 10.01% | Threshold: > 0%
2026-02-25 15:17:54,011 - US_ETF_Swing_Strategy - INFO - strategyLogger:108 - [L1][signal] [2024-06-17] VGT: ELIGIBLE (Price 586.47 > SMA 520.98). Distance: 12.57% | Threshold: > 0%
2026-02-25 15:17:54,015 - US_ETF_Swing_Strategy - INFO - strategyLogger:108 - [L1][execution] [2024-06-18] SLOTS: 4 Occupied / 4 Total
2026-02-25 15:17:54,017 - US_ETF_Swing_Strategy - INFO - strategyLogger:108 - [L3][signal] IWM: Trend violated (Price < SMA) but Profit (-2.01%) below threshold. Holding.
2026-02-25 15:17:54,021 - US_ETF_Swing_Strategy - INFO - strategyLogger:108 - [L1][signal] [2024-06-18] GLD: ELIGIBLE (Price 215.47 > SMA 206.31). Distance: 4.44% | Threshold: > 0%
2026-02-25 15:17:54,026 - US_ETF_Swing_Strategy - INFO - strategyLogger:108 - [L1][signal] [2024-06-18] SLV: ELIGIBLE (Price 26.96 > SMA 24.17). Distance: 11.56% | Threshold: > 0%
2026-02-25 15:17:54,031 - US_ETF_Swing_Strategy - INFO - strategyLogger:108 - [L1][signal] [2024-06-18] QQQ: ELIGIBLE (Price 485.21 > SMA 441.52). Distance: 9.90% | Threshold: > 0%
2026-02-25 15:17:54,033 - US_ETF_Swing_Strategy - INFO - strategyLogger:108 - [L1][signal] [2024-06-18] VGT: ELIGIBLE (Price 588.82 > SMA 521.78). Distance: 12.85% | Threshold: > 0%
2026-02-25 15:17:54,036 - US_ETF_Swing_Strategy - INFO - strategyLogger:108 - [L1][execution] [2024-06-20] SLOTS: 4 Occupied / 4 Total
2026-02-25 15:17:54,040 - US_ETF_Swing_Strategy - INFO - strategyLogger:108 - [L3][signal] IWM: Trend violated (Price < SMA) but Profit (-1.79%) below threshold. Holding.
2026-02-25 15:17:54,043 - US_ETF_Swing_Strategy - INFO - strategyLogger:108 - [L1][signal] [2024-06-20] GLD: ELIGIBLE (Price 218.16 > SMA 206.62). Distance: 5.59% | Threshold: > 0%
2026-02-25 15:17:54,049 - US_ETF_Swing_Strategy - INFO - strategyLogger:108 - [L1][signal] [2024-06-20] SLV: ELIGIBLE (Price 28.00 > SMA 24.24). Distance: 15.52% | Threshold: > 0%
2026-02-25 15:17:54,051 - US_ETF_Swing_Strategy - INFO - strategyLogger:108 - [L1][signal] [2024-06-20] QQQ: ELIGIBLE (Price 481.47 > SMA 442.10). Distance: 8.91% | Threshold: > 0%
2026-02-25 15:17:54,053 - US_ETF_Swing_Strategy - INFO - strategyLogger:108 - [L1][signal] [2024-06-20] VGT: ELIGIBLE (Price 580.75 > SMA 522.56). Distance: 11.14% | Threshold: > 0%
2026-02-25 15:17:54,055 - US_ETF_Swing_Strategy - INFO - strategyLogger:108 - [L1][execution] [2024-06-21] SLOTS: 4 Occupied / 4 Total
2026-02-25 15:17:54,058 - US_ETF_Swing_Strategy - INFO - strategyLogger:108 - [L3][signal] IWM: Trend violated (Price < SMA) but Profit (-1.36%) below threshold. Holding.
2026-02-25 15:17:54,060 - US_ETF_Swing_Strategy - INFO - strategyLogger:108 - [L1][signal] [2024-06-21] GLD: ELIGIBLE (Price 214.78 > SMA 206.88). Distance: 3.82% | Threshold: > 0%
2026-02-25 15:17:54,065 - US_ETF_Swing_Strategy - INFO - strategyLogger:108 - [L1][signal] [2024-06-21] SLV: ELIGIBLE (Price 26.98 > SMA 24.30). Distance: 11.04% | Threshold: > 0%
2026-02-25 15:17:54,067 - US_ETF_Swing_Strategy - INFO - strategyLogger:108 - [L1][signal] [2024-06-21] QQQ: ELIGIBLE (Price 480.18 > SMA 442.62). Distance: 8.49% | Threshold: > 0%
2026-02-25 15:17:54,069 - US_ETF_Swing_Strategy - INFO - strategyLogger:108 - [L1][signal] [2024-06-21] VGT: ELIGIBLE (Price 577.74 > SMA 523.24). Distance: 10.42% | Threshold: > 0%
2026-02-25 15:17:54,072 - US_ETF_Swing_Strategy - INFO - strategyLogger:108 - [L1][execution] [2024-06-24] SLOTS: 4 Occupied / 4 Total
2026-02-25 15:17:54,075 - US_ETF_Swing_Strategy - INFO - strategyLogger:108 - [L3][signal] IWM: Trend violated (Price < SMA) but Profit (-1.69%) below threshold. Holding.
2026-02-25 15:17:54,077 - US_ETF_Swing_Strategy - INFO - strategyLogger:108 - [L1][signal] [2024-06-24] GLD: ELIGIBLE (Price 215.63 > SMA 207.15). Distance: 4.09% | Threshold: > 0%
2026-02-25 15:17:54,083 - US_ETF_Swing_Strategy - INFO - strategyLogger:108 - [L1][signal] [2024-06-24] SLV: ELIGIBLE (Price 27.00 > SMA 24.35). Distance: 10.86% | Threshold: > 0%
2026-02-25 15:17:54,085 - US_ETF_Swing_Strategy - INFO - strategyLogger:108 - [L1][signal] [2024-06-24] QQQ: ELIGIBLE (Price 473.96 > SMA 443.10). Distance: 6.96% | Threshold: > 0%
2026-02-25 15:17:54,087 - US_ETF_Swing_Strategy - INFO - strategyLogger:108 - [L1][signal] [2024-06-24] VGT: ELIGIBLE (Price 567.14 > SMA 523.87). Distance: 8.26% | Threshold: > 0%
2026-02-25 15:17:54,089 - US_ETF_Swing_Strategy - INFO - strategyLogger:108 - [L1][execution] [2024-06-25] SLOTS: 4 Occupied / 4 Total
2026-02-25 15:17:54,093 - US_ETF_Swing_Strategy - INFO - strategyLogger:108 - [L3][signal] IWM: Trend violated (Price < SMA) but Profit (-1.95%) below threshold. Holding.
2026-02-25 15:17:54,097 - US_ETF_Swing_Strategy - INFO - strategyLogger:108 - [L1][signal] [2024-06-25] GLD: ELIGIBLE (Price 214.56 > SMA 207.41). Distance: 3.45% | Threshold: > 0%
2026-02-25 15:17:54,100 - US_ETF_Swing_Strategy - INFO - strategyLogger:108 - [L1][signal] [2024-06-25] SLV: ELIGIBLE (Price 26.40 > SMA 24.41). Distance: 8.15% | Threshold: > 0%
2026-02-25 15:17:54,102 - US_ETF_Swing_Strategy - INFO - strategyLogger:108 - [L1][signal] [2024-06-25] QQQ: ELIGIBLE (Price 479.38 > SMA 443.73). Distance: 8.03% | Threshold: > 0%
2026-02-25 15:17:54,104 - US_ETF_Swing_Strategy - INFO - strategyLogger:108 - [L1][signal] [2024-06-25] VGT: ELIGIBLE (Price 575.26 > SMA 524.68). Distance: 9.64% | Threshold: > 0%
2026-02-25 15:17:54,106 - US_ETF_Swing_Strategy - INFO - strategyLogger:108 - [L1][execution] [2024-06-26] SLOTS: 4 Occupied / 4 Total
2026-02-25 15:17:54,108 - US_ETF_Swing_Strategy - INFO - strategyLogger:108 - [L3][signal] IWM: Trend violated (Price < SMA) but Profit (-0.95%) below threshold. Holding.
2026-02-25 15:17:54,111 - US_ETF_Swing_Strategy - INFO - strategyLogger:108 - [L1][signal] [2024-06-26] GLD: ELIGIBLE (Price 212.58 > SMA 207.63). Distance: 2.38% | Threshold: > 0%
2026-02-25 15:17:54,115 - US_ETF_Swing_Strategy - INFO - strategyLogger:108 - [L1][signal] [2024-06-26] SLV: ELIGIBLE (Price 26.31 > SMA 24.46). Distance: 7.56% | Threshold: > 0%
2026-02-25 15:17:54,119 - US_ETF_Swing_Strategy - INFO - strategyLogger:108 - [L1][signal] [2024-06-26] QQQ: ELIGIBLE (Price 480.37 > SMA 444.31). Distance: 8.12% | Threshold: > 0%
2026-02-25 15:17:54,122 - US_ETF_Swing_Strategy - INFO - strategyLogger:108 - [L1][signal] [2024-06-26] VGT: ELIGIBLE (Price 576.41 > SMA 525.45). Distance: 9.70% | Threshold: > 0%
2026-02-25 15:17:54,124 - US_ETF_Swing_Strategy - INFO - strategyLogger:108 - [L1][execution] [2024-06-27] SLOTS: 4 Occupied / 4 Total
2026-02-25 15:17:54,134 - US_ETF_Swing_Strategy - INFO - strategyLogger:108 - [L1][signal] [2024-06-27] GLD: ELIGIBLE (Price 214.99 > SMA 207.90). Distance: 3.41% | Threshold: > 0%
2026-02-25 15:17:54,138 - US_ETF_Swing_Strategy - INFO - strategyLogger:108 - [L1][signal] [2024-06-27] SLV: ELIGIBLE (Price 26.45 > SMA 24.52). Distance: 7.88% | Threshold: > 0%
2026-02-25 15:17:54,141 - US_ETF_Swing_Strategy - INFO - strategyLogger:108 - [L1][signal] [2024-06-27] QQQ: ELIGIBLE (Price 481.61 > SMA 444.84). Distance: 8.27% | Threshold: > 0%
2026-02-25 15:17:54,142 - US_ETF_Swing_Strategy - INFO - strategyLogger:108 - [L1][signal] [2024-06-27] VGT: ELIGIBLE (Price 577.56 > SMA 526.17). Distance: 9.77% | Threshold: > 0%
2026-02-25 15:17:54,149 - US_ETF_Swing_Strategy - INFO - strategyLogger:108 - [L1][execution] [2024-06-28] SLOTS: 4 Occupied / 4 Total
2026-02-25 15:17:54,151 - US_ETF_Swing_Strategy - INFO - strategyLogger:108 - [L3][signal] IWM: Trend violated (Price < SMA) but Profit (-1.38%) below threshold. Holding.
2026-02-25 15:17:54,153 - US_ETF_Swing_Strategy - INFO - strategyLogger:108 - [L1][signal] [2024-06-28] GLD: ELIGIBLE (Price 215.01 > SMA 208.17). Distance: 3.28% | Threshold: > 0%
2026-02-25 15:17:54,155 - US_ETF_Swing_Strategy - INFO - strategyLogger:108 - [L1][signal] [2024-06-28] IWM: ELIGIBLE (Price 202.89 > SMA 202.32). Distance: 0.28% | Threshold: > 0%
2026-02-25 15:17:54,157 - US_ETF_Swing_Strategy - INFO - strategyLogger:108 - [L1][signal] [2024-06-28] SLV: ELIGIBLE (Price 26.57 > SMA 24.58). Distance: 8.10% | Threshold: > 0%
2026-02-25 15:17:54,158 - US_ETF_Swing_Strategy - INFO - strategyLogger:108 - [L1][signal] [2024-06-28] QQQ: ELIGIBLE (Price 479.11 > SMA 445.34). Distance: 7.58% | Threshold: > 0%
2026-02-25 15:17:54,161 - US_ETF_Swing_Strategy - INFO - strategyLogger:108 - [L1][signal] [2024-06-28] VGT: ELIGIBLE (Price 576.59 > SMA 526.88). Distance: 9.43% | Threshold: > 0%
2026-02-25 15:17:54,165 - US_ETF_Swing_Strategy - INFO - strategyLogger:108 - [L1][execution] [2024-07-01] SLOTS: 4 Occupied / 4 Total
2026-02-25 15:17:54,169 - US_ETF_Swing_Strategy - INFO - strategyLogger:108 - [L3][signal] IWM: Trend violated (Price < SMA) but Profit (-1.04%) below threshold. Holding.
2026-02-25 15:17:54,169 - US_ETF_Swing_Strategy - INFO - strategyLogger:108 - [L1][signal] [2024-07-01] GLD: ELIGIBLE (Price 215.57 > SMA 208.44). Distance: 3.42% | Threshold: > 0%
2026-02-25 15:17:54,174 - US_ETF_Swing_Strategy - INFO - strategyLogger:108 - [L1][signal] [2024-07-01] SLV: ELIGIBLE (Price 26.85 > SMA 24.64). Distance: 8.96% | Threshold: > 0%
2026-02-25 15:17:54,176 - US_ETF_Swing_Strategy - INFO - strategyLogger:108 - [L1][signal] [2024-07-01] QQQ: ELIGIBLE (Price 481.92 > SMA 445.89). Distance: 8.08% | Threshold: > 0%
2026-02-25 15:17:54,181 - US_ETF_Swing_Strategy - INFO - strategyLogger:108 - [L1][signal] [2024-07-01] VGT: ELIGIBLE (Price 582.25 > SMA 527.66). Distance: 10.35% | Threshold: > 0%
2026-02-25 15:17:54,184 - US_ETF_Swing_Strategy - INFO - strategyLogger:108 - [L1][execution] [2024-07-02] SLOTS: 4 Occupied / 4 Total
2026-02-25 15:17:54,186 - US_ETF_Swing_Strategy - INFO - strategyLogger:108 - [L3][signal] IWM: Trend violated (Price < SMA) but Profit (-1.06%) below threshold. Holding.
2026-02-25 15:17:54,188 - US_ETF_Swing_Strategy - INFO - strategyLogger:108 - [L1][signal] [2024-07-02] GLD: ELIGIBLE (Price 215.56 > SMA 208.71). Distance: 3.28% | Threshold: > 0%
2026-02-25 15:17:54,191 - US_ETF_Swing_Strategy - INFO - strategyLogger:108 - [L1][signal] [2024-07-02] SLV: ELIGIBLE (Price 26.97 > SMA 24.71). Distance: 9.15% | Threshold: > 0%
2026-02-25 15:17:54,193 - US_ETF_Swing_Strategy - INFO - strategyLogger:108 - [L1][signal] [2024-07-02] QQQ: ELIGIBLE (Price 486.98 > SMA 446.44). Distance: 9.08% | Threshold: > 0%
2026-02-25 15:17:54,199 - US_ETF_Swing_Strategy - INFO - strategyLogger:108 - [L1][signal] [2024-07-02] VGT: ELIGIBLE (Price 586.12 > SMA 528.41). Distance: 10.92% | Threshold: > 0%
2026-02-25 15:17:54,201 - US_ETF_Swing_Strategy - INFO - strategyLogger:108 - [L1][execution] [2024-07-03] SLOTS: 4 Occupied / 4 Total
2026-02-25 15:17:54,206 - US_ETF_Swing_Strategy - INFO - strategyLogger:108 - [L3][signal] IWM: Trend violated (Price < SMA) but Profit (-1.53%) below threshold. Holding.
2026-02-25 15:17:54,208 - US_ETF_Swing_Strategy - INFO - strategyLogger:108 - [L1][signal] [2024-07-03] GLD: ELIGIBLE (Price 217.99 > SMA 209.01). Distance: 4.30% | Threshold: > 0%
2026-02-25 15:17:54,218 - US_ETF_Swing_Strategy - INFO - strategyLogger:108 - [L1][signal] [2024-07-03] SLV: ELIGIBLE (Price 27.84 > SMA 24.78). Distance: 12.35% | Threshold: > 0%
2026-02-25 15:17:54,219 - US_ETF_Swing_Strategy - INFO - strategyLogger:108 - [L1][signal] [2024-07-03] QQQ: ELIGIBLE (Price 491.04 > SMA 447.02). Distance: 9.85% | Threshold: > 0%
2026-02-25 15:17:54,222 - US_ETF_Swing_Strategy - INFO - strategyLogger:108 - [L1][signal] [2024-07-03] VGT: ELIGIBLE (Price 592.89 > SMA 529.20). Distance: 12.03% | Threshold: > 0%
2026-02-25 15:17:54,223 - US_ETF_Swing_Strategy - INFO - strategyLogger:108 - [L1][execution] [2024-07-05] SLOTS: 4 Occupied / 4 Total
2026-02-25 15:17:54,229 - US_ETF_Swing_Strategy - INFO - strategyLogger:108 - [L3][signal] IWM: Trend violated (Price < SMA) but Profit (-0.84%) below threshold. Holding.
2026-02-25 15:17:54,231 - US_ETF_Swing_Strategy - INFO - strategyLogger:108 - [L1][signal] [2024-07-05] GLD: ELIGIBLE (Price 220.93 > SMA 209.34). Distance: 5.53% | Threshold: > 0%
2026-02-25 15:17:54,236 - US_ETF_Swing_Strategy - INFO - strategyLogger:108 - [L1][signal] [2024-07-05] SLV: ELIGIBLE (Price 28.48 > SMA 24.86). Distance: 14.57% | Threshold: > 0%
2026-02-25 15:17:54,238 - US_ETF_Swing_Strategy - INFO - strategyLogger:108 - [L1][signal] [2024-07-05] QQQ: ELIGIBLE (Price 496.16 > SMA 447.61). Distance: 10.85% | Threshold: > 0%
2026-02-25 15:17:54,240 - US_ETF_Swing_Strategy - INFO - strategyLogger:108 - [L1][signal] [2024-07-05] VGT: ELIGIBLE (Price 595.91 > SMA 529.95). Distance: 12.45% | Threshold: > 0%
2026-02-25 15:17:54,242 - US_ETF_Swing_Strategy - INFO - strategyLogger:108 - [L1][execution] [2024-07-08] SLOTS: 4 Occupied / 4 Total
2026-02-25 15:17:54,247 - US_ETF_Swing_Strategy - INFO - strategyLogger:108 - [L3][signal] IWM: Trend violated (Price < SMA) but Profit (-1.27%) below threshold. Holding.
2026-02-25 15:17:54,251 - US_ETF_Swing_Strategy - INFO - strategyLogger:108 - [L1][signal] [2024-07-08] GLD: ELIGIBLE (Price 218.19 > SMA 209.65). Distance: 4.07% | Threshold: > 0%
2026-02-25 15:17:54,253 - US_ETF_Swing_Strategy - INFO - strategyLogger:108 - [L1][signal] [2024-07-08] SLV: ELIGIBLE (Price 28.13 > SMA 24.93). Distance: 12.83% | Threshold: > 0%
2026-02-25 15:17:54,256 - US_ETF_Swing_Strategy - INFO - strategyLogger:108 - [L1][signal] [2024-07-08] QQQ: ELIGIBLE (Price 497.34 > SMA 448.23). Distance: 10.96% | Threshold: > 0%
2026-02-25 15:17:54,258 - US_ETF_Swing_Strategy - INFO - strategyLogger:108 - [L1][signal] [2024-07-08] VGT: ELIGIBLE (Price 599.91 > SMA 530.76). Distance: 13.03% | Threshold: > 0%
2026-02-25 15:17:54,259 - US_ETF_Swing_Strategy - INFO - strategyLogger:108 - [L1][execution] [2024-07-09] SLOTS: 4 Occupied / 4 Total
2026-02-25 15:17:54,266 - US_ETF_Swing_Strategy - INFO - strategyLogger:108 - [L1][signal] [2024-07-09] GLD: ELIGIBLE (Price 218.56 > SMA 209.99). Distance: 4.08% | Threshold: > 0%
2026-02-25 15:17:54,269 - US_ETF_Swing_Strategy - INFO - strategyLogger:108 - [L1][signal] [2024-07-09] SLV: ELIGIBLE (Price 28.12 > SMA 25.01). Distance: 12.43% | Threshold: > 0%
2026-02-25 15:17:54,271 - US_ETF_Swing_Strategy - INFO - strategyLogger:108 - [L1][signal] [2024-07-09] QQQ: ELIGIBLE (Price 497.77 > SMA 448.92). Distance: 10.88% | Threshold: > 0%
2026-02-25 15:17:54,273 - US_ETF_Swing_Strategy - INFO - strategyLogger:108 - [L1][signal] [2024-07-09] VGT: ELIGIBLE (Price 598.63 > SMA 531.67). Distance: 12.59% | Threshold: > 0%
2026-02-25 15:17:54,275 - US_ETF_Swing_Strategy - INFO - strategyLogger:108 - [L1][execution] [2024-07-10] SLOTS: 4 Occupied / 4 Total
2026-02-25 15:17:54,282 - US_ETF_Swing_Strategy - INFO - strategyLogger:108 - [L1][signal] [2024-07-10] GLD: ELIGIBLE (Price 219.36 > SMA 210.34). Distance: 4.29% | Threshold: > 0%
2026-02-25 15:17:54,285 - US_ETF_Swing_Strategy - INFO - strategyLogger:108 - [L1][signal] [2024-07-10] IWM: ELIGIBLE (Price 203.37 > SMA 202.66). Distance: 0.35% | Threshold: > 0%
2026-02-25 15:17:54,286 - US_ETF_Swing_Strategy - INFO - strategyLogger:108 - [L1][signal] [2024-07-10] SLV: ELIGIBLE (Price 28.16 > SMA 25.09). Distance: 12.24% | Threshold: > 0%
2026-02-25 15:17:54,288 - US_ETF_Swing_Strategy - INFO - strategyLogger:108 - [L1][signal] [2024-07-10] QQQ: ELIGIBLE (Price 502.96 > SMA 449.62). Distance: 11.86% | Threshold: > 0%
2026-02-25 15:17:54,291 - US_ETF_Swing_Strategy - INFO - strategyLogger:108 - [L1][signal] [2024-07-10] VGT: ELIGIBLE (Price 606.85 > SMA 532.59). Distance: 13.94% | Threshold: > 0%
2026-02-25 15:17:54,293 - US_ETF_Swing_Strategy - INFO - strategyLogger:108 - [L1][execution] [2024-07-11] SLOTS: 4 Occupied / 4 Total
2026-02-25 15:17:54,300 - US_ETF_Swing_Strategy - INFO - strategyLogger:108 - [L1][signal] [2024-07-11] GLD: ELIGIBLE (Price 223.25 > SMA 210.72). Distance: 5.95% | Threshold: > 0%
2026-02-25 15:17:54,303 - US_ETF_Swing_Strategy - INFO - strategyLogger:108 - [L1][signal] [2024-07-11] IWM: ELIGIBLE (Price 210.68 > SMA 202.72). Distance: 3.92% | Threshold: > 0%
2026-02-25 15:17:54,305 - US_ETF_Swing_Strategy - INFO - strategyLogger:108 - [L1][signal] [2024-07-11] SLV: ELIGIBLE (Price 28.68 > SMA 25.17). Distance: 13.96% | Threshold: > 0%
2026-02-25 15:17:54,308 - US_ETF_Swing_Strategy - INFO - strategyLogger:108 - [L1][signal] [2024-07-11] QQQ: ELIGIBLE (Price 491.93 > SMA 450.20). Distance: 9.27% | Threshold: > 0%
2026-02-25 15:17:54,310 - US_ETF_Swing_Strategy - INFO - strategyLogger:108 - [L1][signal] [2024-07-11] VGT: ELIGIBLE (Price 595.16 > SMA 533.40). Distance: 11.58% | Threshold: > 0%
2026-02-25 15:17:54,315 - US_ETF_Swing_Strategy - INFO - strategyLogger:108 - [L1][execution] [2024-07-12] SLOTS: 4 Occupied / 4 Total
2026-02-25 15:17:54,319 - US_ETF_Swing_Strategy - INFO - strategyLogger:108 - [L1][signal] [2024-07-12] GLD: ELIGIBLE (Price 223.11 > SMA 211.09). Distance: 5.70% | Threshold: > 0%
2026-02-25 15:17:54,322 - US_ETF_Swing_Strategy - INFO - strategyLogger:108 - [L1][signal] [2024-07-12] IWM: ELIGIBLE (Price 213.14 > SMA 202.84). Distance: 5.08% | Threshold: > 0%
2026-02-25 15:17:54,323 - US_ETF_Swing_Strategy - INFO - strategyLogger:108 - [L1][signal] [2024-07-12] SLV: ELIGIBLE (Price 28.12 > SMA 25.23). Distance: 11.44% | Threshold: > 0%
2026-02-25 15:17:54,326 - US_ETF_Swing_Strategy - INFO - strategyLogger:108 - [L1][signal] [2024-07-12] QQQ: ELIGIBLE (Price 494.82 > SMA 450.84). Distance: 9.76% | Threshold: > 0%
2026-02-25 15:17:54,330 - US_ETF_Swing_Strategy - INFO - strategyLogger:108 - [L1][signal] [2024-07-12] VGT: ELIGIBLE (Price 600.70 > SMA 534.31). Distance: 12.42% | Threshold: > 0%
2026-02-25 15:17:54,332 - US_ETF_Swing_Strategy - INFO - strategyLogger:108 - [L1][execution] [2024-07-15] SLOTS: 4 Occupied / 4 Total
2026-02-25 15:17:54,338 - US_ETF_Swing_Strategy - INFO - strategyLogger:108 - [L1][signal] [2024-07-15] GLD: ELIGIBLE (Price 223.83 > SMA 211.45). Distance: 5.85% | Threshold: > 0%
2026-02-25 15:17:54,340 - US_ETF_Swing_Strategy - INFO - strategyLogger:108 - [L1][signal] [2024-07-15] IWM: ELIGIBLE (Price 217.19 > SMA 203.02). Distance: 6.98% | Threshold: > 0%
2026-02-25 15:17:54,342 - US_ETF_Swing_Strategy - INFO - strategyLogger:108 - [L1][signal] [2024-07-15] SLV: ELIGIBLE (Price 28.03 > SMA 25.30). Distance: 10.78% | Threshold: > 0%
2026-02-25 15:17:54,347 - US_ETF_Swing_Strategy - INFO - strategyLogger:108 - [L1][signal] [2024-07-15] QQQ: ELIGIBLE (Price 496.15 > SMA 451.53). Distance: 9.88% | Threshold: > 0%
2026-02-25 15:17:54,349 - US_ETF_Swing_Strategy - INFO - strategyLogger:108 - [L1][signal] [2024-07-15] VGT: ELIGIBLE (Price 603.78 > SMA 535.32). Distance: 12.79% | Threshold: > 0%
2026-02-25 15:17:54,350 - US_ETF_Swing_Strategy - INFO - strategyLogger:108 - [L1][execution] [2024-07-16] SLOTS: 4 Occupied / 4 Total
2026-02-25 15:17:54,355 - US_ETF_Swing_Strategy - INFO - strategyLogger:108 - [L1][signal] [2024-07-16] GLD: ELIGIBLE (Price 228.29 > SMA 211.86). Distance: 7.76% | Threshold: > 0%
2026-02-25 15:17:54,357 - US_ETF_Swing_Strategy - INFO - strategyLogger:108 - [L1][signal] [2024-07-16] IWM: ELIGIBLE (Price 224.60 > SMA 203.29). Distance: 10.48% | Threshold: > 0%
2026-02-25 15:17:54,359 - US_ETF_Swing_Strategy - INFO - strategyLogger:108 - [L1][signal] [2024-07-16] SLV: ELIGIBLE (Price 28.61 > SMA 25.38). Distance: 12.73% | Threshold: > 0%
2026-02-25 15:17:54,364 - US_ETF_Swing_Strategy - INFO - strategyLogger:108 - [L1][signal] [2024-07-16] QQQ: ELIGIBLE (Price 496.34 > SMA 452.23). Distance: 9.75% | Threshold: > 0%
2026-02-25 15:17:54,367 - US_ETF_Swing_Strategy - INFO - strategyLogger:108 - [L1][signal] [2024-07-16] VGT: ELIGIBLE (Price 604.51 > SMA 536.38). Distance: 12.70% | Threshold: > 0%
2026-02-25 15:17:54,369 - US_ETF_Swing_Strategy - INFO - strategyLogger:108 - [L1][execution] [2024-07-17] SLOTS: 4 Occupied / 4 Total
2026-02-25 15:17:54,375 - US_ETF_Swing_Strategy - INFO - strategyLogger:108 - [L1][signal] [2024-07-17] GLD: ELIGIBLE (Price 227.23 > SMA 212.26). Distance: 7.05% | Threshold: > 0%
2026-02-25 15:17:54,377 - US_ETF_Swing_Strategy - INFO - strategyLogger:108 - [L1][signal] [2024-07-17] IWM: ELIGIBLE (Price 222.25 > SMA 203.52). Distance: 9.21% | Threshold: > 0%
2026-02-25 15:17:54,383 - US_ETF_Swing_Strategy - INFO - strategyLogger:108 - [L1][signal] [2024-07-17] SLV: ELIGIBLE (Price 27.67 > SMA 25.45). Distance: 8.73% | Threshold: > 0%
2026-02-25 15:17:54,386 - US_ETF_Swing_Strategy - INFO - strategyLogger:108 - [L1][signal] [2024-07-17] QQQ: ELIGIBLE (Price 481.77 > SMA 452.67). Distance: 6.43% | Threshold: > 0%
2026-02-25 15:17:54,389 - US_ETF_Swing_Strategy - INFO - strategyLogger:108 - [L1][signal] [2024-07-17] VGT: ELIGIBLE (Price 582.73 > SMA 537.06). Distance: 8.50% | Threshold: > 0%
2026-02-25 15:17:54,392 - US_ETF_Swing_Strategy - INFO - strategyLogger:108 - [L1][execution] [2024-07-18] SLOTS: 4 Occupied / 4 Total
2026-02-25 15:17:54,401 - US_ETF_Swing_Strategy - INFO - strategyLogger:108 - [L1][signal] [2024-07-18] GLD: ELIGIBLE (Price 225.78 > SMA 212.63). Distance: 6.19% | Threshold: > 0%
2026-02-25 15:17:54,403 - US_ETF_Swing_Strategy - INFO - strategyLogger:108 - [L1][signal] [2024-07-18] IWM: ELIGIBLE (Price 217.95 > SMA 203.70). Distance: 7.00% | Threshold: > 0%
2026-02-25 15:17:54,405 - US_ETF_Swing_Strategy - INFO - strategyLogger:108 - [L1][signal] [2024-07-18] SLV: ELIGIBLE (Price 27.20 > SMA 25.51). Distance: 6.63% | Threshold: > 0%
2026-02-25 15:17:54,407 - US_ETF_Swing_Strategy - INFO - strategyLogger:108 - [L1][signal] [2024-07-18] QQQ: ELIGIBLE (Price 479.49 > SMA 453.10). Distance: 5.82% | Threshold: > 0%
2026-02-25 15:17:54,410 - US_ETF_Swing_Strategy - INFO - strategyLogger:108 - [L1][signal] [2024-07-18] VGT: ELIGIBLE (Price 579.70 > SMA 537.72). Distance: 7.81% | Threshold: > 0%
2026-02-25 15:17:54,415 - US_ETF_Swing_Strategy - INFO - strategyLogger:108 - [L1][execution] [2024-07-19] SLOTS: 4 Occupied / 4 Total
2026-02-25 15:17:54,421 - US_ETF_Swing_Strategy - INFO - strategyLogger:108 - [L1][signal] [2024-07-19] GLD: ELIGIBLE (Price 221.73 > SMA 212.96). Distance: 4.12% | Threshold: > 0%
2026-02-25 15:17:54,423 - US_ETF_Swing_Strategy - INFO - strategyLogger:108 - [L1][signal] [2024-07-19] IWM: ELIGIBLE (Price 216.84 > SMA 203.85). Distance: 6.37% | Threshold: > 0%
2026-02-25 15:17:54,425 - US_ETF_Swing_Strategy - INFO - strategyLogger:108 - [L1][signal] [2024-07-19] SLV: ELIGIBLE (Price 26.69 > SMA 25.57). Distance: 4.38% | Threshold: > 0%
2026-02-25 15:17:54,430 - US_ETF_Swing_Strategy - INFO - strategyLogger:108 - [L1][signal] [2024-07-19] QQQ: ELIGIBLE (Price 475.24 > SMA 453.48). Distance: 4.80% | Threshold: > 0%
2026-02-25 15:17:54,432 - US_ETF_Swing_Strategy - INFO - strategyLogger:108 - [L1][signal] [2024-07-19] VGT: ELIGIBLE (Price 572.82 > SMA 538.31). Distance: 6.41% | Threshold: > 0%
2026-02-25 15:17:54,434 - US_ETF_Swing_Strategy - INFO - strategyLogger:108 - [L1][execution] [2024-07-22] SLOTS: 4 Occupied / 4 Total
2026-02-25 15:17:54,438 - US_ETF_Swing_Strategy - INFO - strategyLogger:108 - [L1][signal] [2024-07-22] GLD: ELIGIBLE (Price 221.80 > SMA 213.30). Distance: 3.98% | Threshold: > 0%
2026-02-25 15:17:54,440 - US_ETF_Swing_Strategy - INFO - strategyLogger:108 - [L1][signal] [2024-07-22] IWM: ELIGIBLE (Price 220.29 > SMA 204.02). Distance: 7.98% | Threshold: > 0%
2026-02-25 15:17:54,442 - US_ETF_Swing_Strategy - INFO - strategyLogger:108 - [L1][signal] [2024-07-22] SLV: ELIGIBLE (Price 26.63 > SMA 25.63). Distance: 3.90% | Threshold: > 0%
2026-02-25 15:17:54,446 - US_ETF_Swing_Strategy - INFO - strategyLogger:108 - [L1][signal] [2024-07-22] QQQ: ELIGIBLE (Price 482.32 > SMA 453.93). Distance: 6.25% | Threshold: > 0%
2026-02-25 15:17:54,450 - US_ETF_Swing_Strategy - INFO - strategyLogger:108 - [L1][signal] [2024-07-22] VGT: ELIGIBLE (Price 584.23 > SMA 538.99). Distance: 8.39% | Threshold: > 0%
2026-02-25 15:17:54,451 - US_ETF_Swing_Strategy - INFO - strategyLogger:108 - [L1][execution] [2024-07-23] SLOTS: 4 Occupied / 4 Total
2026-02-25 15:17:54,455 - US_ETF_Swing_Strategy - INFO - strategyLogger:108 - [L1][signal] [2024-07-23] GLD: ELIGIBLE (Price 222.58 > SMA 213.64). Distance: 4.18% | Threshold: > 0%
2026-02-25 15:17:54,457 - US_ETF_Swing_Strategy - INFO - strategyLogger:108 - [L1][signal] [2024-07-23] IWM: ELIGIBLE (Price 222.63 > SMA 204.22). Distance: 9.02% | Threshold: > 0%
2026-02-25 15:17:54,458 - US_ETF_Swing_Strategy - INFO - strategyLogger:108 - [L1][signal] [2024-07-23] SLV: ELIGIBLE (Price 26.68 > SMA 25.69). Distance: 3.84% | Threshold: > 0%
2026-02-25 15:17:54,463 - US_ETF_Swing_Strategy - INFO - strategyLogger:108 - [L1][signal] [2024-07-23] QQQ: ELIGIBLE (Price 480.62 > SMA 454.38). Distance: 5.77% | Threshold: > 0%
2026-02-25 15:17:54,465 - US_ETF_Swing_Strategy - INFO - strategyLogger:108 - [L1][signal] [2024-07-23] VGT: ELIGIBLE (Price 583.15 > SMA 539.70). Distance: 8.05% | Threshold: > 0%
2026-02-25 15:17:54,468 - US_ETF_Swing_Strategy - INFO - strategyLogger:108 - [L1][execution] [2024-07-24] SLOTS: 4 Occupied / 4 Total
2026-02-25 15:17:54,469 - US_ETF_Swing_Strategy - INFO - strategyLogger:108 - [L1][signal] [2024-07-24] GLD: ELIGIBLE (Price 221.80 > SMA 213.97). Distance: 3.66% | Threshold: > 0%
2026-02-25 15:17:54,474 - US_ETF_Swing_Strategy - INFO - strategyLogger:108 - [L1][signal] [2024-07-24] IWM: ELIGIBLE (Price 217.85 > SMA 204.36). Distance: 6.60% | Threshold: > 0%
2026-02-25 15:17:54,476 - US_ETF_Swing_Strategy - INFO - strategyLogger:108 - [L1][signal] [2024-07-24] SLV: ELIGIBLE (Price 26.43 > SMA 25.75). Distance: 2.64% | Threshold: > 0%
2026-02-25 15:17:54,480 - US_ETF_Swing_Strategy - INFO - strategyLogger:108 - [L1][signal] [2024-07-24] QQQ: ELIGIBLE (Price 463.38 > SMA 454.63). Distance: 1.92% | Threshold: > 0%
2026-02-25 15:17:54,483 - US_ETF_Swing_Strategy - INFO - strategyLogger:108 - [L1][signal] [2024-07-24] VGT: ELIGIBLE (Price 560.26 > SMA 540.12). Distance: 3.73% | Threshold: > 0%
2026-02-25 15:17:54,485 - US_ETF_Swing_Strategy - INFO - strategyLogger:108 - [L1][execution] [2024-07-25] SLOTS: 4 Occupied / 4 Total
2026-02-25 15:17:54,489 - US_ETF_Swing_Strategy - INFO - strategyLogger:108 - [L1][signal] [2024-07-25] GLD: ELIGIBLE (Price 218.33 > SMA 214.22). Distance: 1.92% | Threshold: > 0%
2026-02-25 15:17:54,492 - US_ETF_Swing_Strategy - INFO - strategyLogger:108 - [L1][signal] [2024-07-25] IWM: ELIGIBLE (Price 220.57 > SMA 204.51). Distance: 7.85% | Threshold: > 0%
2026-02-25 15:17:54,499 - US_ETF_Swing_Strategy - INFO - strategyLogger:108 - [L1][signal] [2024-07-25] QQQ: ELIGIBLE (Price 458.27 > SMA 454.76). Distance: 0.77% | Threshold: > 0%
2026-02-25 15:17:54,501 - US_ETF_Swing_Strategy - INFO - strategyLogger:108 - [L1][signal] [2024-07-25] VGT: ELIGIBLE (Price 554.99 > SMA 540.40). Distance: 2.70% | Threshold: > 0%
2026-02-25 15:17:54,503 - US_ETF_Swing_Strategy - INFO - strategyLogger:108 - [L1][execution] [2024-07-26] SLOTS: 4 Occupied / 4 Total
2026-02-25 15:17:54,507 - US_ETF_Swing_Strategy - INFO - strategyLogger:108 - [L1][signal] [2024-07-26] GLD: ELIGIBLE (Price 220.63 > SMA 214.47). Distance: 2.87% | Threshold: > 0%
2026-02-25 15:17:54,510 - US_ETF_Swing_Strategy - INFO - strategyLogger:108 - [L1][signal] [2024-07-26] IWM: ELIGIBLE (Price 224.22 > SMA 204.69). Distance: 9.54% | Threshold: > 0%
2026-02-25 15:17:54,516 - US_ETF_Swing_Strategy - INFO - strategyLogger:108 - [L1][signal] [2024-07-26] QQQ: ELIGIBLE (Price 462.97 > SMA 454.94). Distance: 1.76% | Threshold: > 0%
2026-02-25 15:17:54,519 - US_ETF_Swing_Strategy - INFO - strategyLogger:108 - [L1][signal] [2024-07-26] VGT: ELIGIBLE (Price 561.56 > SMA 540.73). Distance: 3.85% | Threshold: > 0%
2026-02-25 15:17:54,521 - US_ETF_Swing_Strategy - INFO - strategyLogger:108 - [L1][execution] [2024-07-29] SLOTS: 4 Occupied / 4 Total
2026-02-25 15:17:54,524 - US_ETF_Swing_Strategy - INFO - strategyLogger:108 - [L1][signal] [2024-07-29] GLD: ELIGIBLE (Price 220.32 > SMA 214.70). Distance: 2.62% | Threshold: > 0%
2026-02-25 15:17:54,529 - US_ETF_Swing_Strategy - INFO - strategyLogger:108 - [L1][signal] [2024-07-29] IWM: ELIGIBLE (Price 221.73 > SMA 204.87). Distance: 8.23% | Threshold: > 0%
2026-02-25 15:17:54,531 - US_ETF_Swing_Strategy - INFO - strategyLogger:108 - [L1][signal] [2024-07-29] QQQ: ELIGIBLE (Price 463.90 > SMA 455.22). Distance: 1.91% | Threshold: > 0%
2026-02-25 15:17:54,534 - US_ETF_Swing_Strategy - INFO - strategyLogger:108 - [L1][signal] [2024-07-29] VGT: ELIGIBLE (Price 559.49 > SMA 541.17). Distance: 3.39% | Threshold: > 0%
2026-02-25 15:17:54,536 - US_ETF_Swing_Strategy - INFO - strategyLogger:108 - [L1][execution] [2024-07-30] SLOTS: 4 Occupied / 4 Total
2026-02-25 15:17:54,541 - US_ETF_Swing_Strategy - INFO - strategyLogger:108 - [L1][signal] [2024-07-30] GLD: ELIGIBLE (Price 222.52 > SMA 214.94). Distance: 3.53% | Threshold: > 0%
2026-02-25 15:17:54,544 - US_ETF_Swing_Strategy - INFO - strategyLogger:108 - [L1][signal] [2024-07-30] IWM: ELIGIBLE (Price 222.57 > SMA 205.05). Distance: 8.55% | Threshold: > 0%
2026-02-25 15:17:54,550 - US_ETF_Swing_Strategy - INFO - strategyLogger:108 - [L1][signal] [2024-07-30] QQQ: ELIGIBLE (Price 457.53 > SMA 455.41). Distance: 0.47% | Threshold: > 0%
2026-02-25 15:17:54,551 - US_ETF_Swing_Strategy - INFO - strategyLogger:108 - [L1][signal] [2024-07-30] VGT: ELIGIBLE (Price 548.81 > SMA 541.44). Distance: 1.36% | Threshold: > 0%
2026-02-25 15:17:54,553 - US_ETF_Swing_Strategy - INFO - strategyLogger:108 - [L1][execution] [2024-07-31] SLOTS: 4 Occupied / 4 Total
2026-02-25 15:17:54,558 - US_ETF_Swing_Strategy - INFO - strategyLogger:108 - [L1][signal] [2024-07-31] GLD: ELIGIBLE (Price 226.55 > SMA 215.20). Distance: 5.27% | Threshold: > 0%
2026-02-25 15:17:54,561 - US_ETF_Swing_Strategy - INFO - strategyLogger:108 - [L1][signal] [2024-07-31] IWM: ELIGIBLE (Price 223.86 > SMA 205.21). Distance: 9.09% | Threshold: > 0%
2026-02-25 15:17:54,564 - US_ETF_Swing_Strategy - INFO - strategyLogger:108 - [L1][signal] [2024-07-31] SLV: ELIGIBLE (Price 26.39 > SMA 25.94). Distance: 1.72% | Threshold: > 0%
2026-02-25 15:17:54,567 - US_ETF_Swing_Strategy - INFO - strategyLogger:108 - [L1][signal] [2024-07-31] QQQ: ELIGIBLE (Price 471.07 > SMA 455.67). Distance: 3.38% | Threshold: > 0%
2026-02-25 15:17:54,569 - US_ETF_Swing_Strategy - INFO - strategyLogger:108 - [L1][signal] [2024-07-31] VGT: ELIGIBLE (Price 568.01 > SMA 541.82). Distance: 4.83% | Threshold: > 0%
2026-02-25 15:17:54,571 - US_ETF_Swing_Strategy - INFO - strategyLogger:108 - [L1][execution] [2024-08-01] SLOTS: 4 Occupied / 4 Total
2026-02-25 15:17:54,574 - US_ETF_Swing_Strategy - INFO - strategyLogger:108 - [L3][signal] QQQ: Trend violated (Price < SMA) but Profit (2.55%) below threshold. Holding.
2026-02-25 15:17:54,576 - US_ETF_Swing_Strategy - INFO - strategyLogger:108 - [L3][signal] VGT: Trend violated (Price < SMA) but Profit (3.64%) below threshold. Holding.
2026-02-25 15:17:54,581 - US_ETF_Swing_Strategy - INFO - strategyLogger:108 - [L1][signal] [2024-08-01] GLD: ELIGIBLE (Price 225.77 > SMA 215.44). Distance: 4.79% | Threshold: > 0%
2026-02-25 15:17:54,585 - US_ETF_Swing_Strategy - INFO - strategyLogger:108 - [L1][signal] [2024-08-01] IWM: ELIGIBLE (Price 216.58 > SMA 205.31). Distance: 5.49% | Threshold: > 0%
2026-02-25 15:17:54,587 - US_ETF_Swing_Strategy - INFO - strategyLogger:108 - [L1][signal] [2024-08-01] SLV: ELIGIBLE (Price 26.03 > SMA 25.98). Distance: 0.18% | Threshold: > 0%
2026-02-25 15:17:54,589 - US_ETF_Swing_Strategy - INFO - strategyLogger:108 - [L1][signal] [2024-08-01] QQQ: ELIGIBLE (Price 459.66 > SMA 455.87). Distance: 0.83% | Threshold: > 0%
2026-02-25 15:17:54,591 - US_ETF_Swing_Strategy - INFO - strategyLogger:108 - [L1][signal] [2024-08-01] VGT: ELIGIBLE (Price 547.48 > SMA 542.08). Distance: 1.00% | Threshold: > 0%
2026-02-25 15:17:54,594 - US_ETF_Swing_Strategy - INFO - strategyLogger:108 - [L1][execution] [2024-08-02] SLOTS: 4 Occupied / 4 Total
2026-02-25 15:17:54,599 - US_ETF_Swing_Strategy - INFO - strategyLogger:108 - [L3][signal] IWM: Trend violated (Price < SMA) but Profit (-0.88%) below threshold. Holding.
2026-02-25 15:17:54,600 - US_ETF_Swing_Strategy - INFO - strategyLogger:108 - [L3][signal] QQQ: Trend violated (Price < SMA) but Profit (-0.51%) below threshold. Holding.
2026-02-25 15:17:54,600 - US_ETF_Swing_Strategy - INFO - strategyLogger:108 - [L3][signal] VGT: Trend violated (Price < SMA) but Profit (0.02%) below threshold. Holding.
2026-02-25 15:17:54,603 - US_ETF_Swing_Strategy - INFO - strategyLogger:108 - [L1][signal] [2024-08-02] GLD: ELIGIBLE (Price 225.34 > SMA 215.68). Distance: 4.48% | Threshold: > 0%
2026-02-25 15:17:54,605 - US_ETF_Swing_Strategy - INFO - strategyLogger:108 - [L1][signal] [2024-08-02] IWM: ELIGIBLE (Price 208.92 > SMA 205.35). Distance: 1.74% | Threshold: > 0%
2026-02-25 15:17:54,607 - US_ETF_Swing_Strategy - INFO - strategyLogger:108 - [L1][signal] [2024-08-02] SLV: ELIGIBLE (Price 26.04 > SMA 26.02). Distance: 0.08% | Threshold: > 0%
2026-02-25 15:17:54,613 - US_ETF_Swing_Strategy - INFO - strategyLogger:108 - [L1][execution] [2024-08-05] SLOTS: 4 Occupied / 4 Total
2026-02-25 15:17:54,617 - US_ETF_Swing_Strategy - INFO - strategyLogger:108 - [L3][signal] IWM: Trend violated (Price < SMA) but Profit (0.20%) below threshold. Holding.
2026-02-25 15:17:54,618 - US_ETF_Swing_Strategy - INFO - strategyLogger:108 - [L3][signal] QQQ: Trend violated (Price < SMA) but Profit (0.44%) below threshold. Holding.
2026-02-25 15:17:54,619 - US_ETF_Swing_Strategy - INFO - strategyLogger:108 - [L3][signal] VGT: Trend violated (Price < SMA) but Profit (1.01%) below threshold. Holding.
2026-02-25 15:17:54,619 - US_ETF_Swing_Strategy - INFO - strategyLogger:108 - [L1][signal] [2024-08-05] GLD: ELIGIBLE (Price 222.48 > SMA 215.91). Distance: 3.05% | Threshold: > 0%
2026-02-25 15:17:54,631 - US_ETF_Swing_Strategy - INFO - strategyLogger:108 - [L1][execution] [2024-08-06] SLOTS: 4 Occupied / 4 Total
2026-02-25 15:17:54,634 - US_ETF_Swing_Strategy - INFO - strategyLogger:108 - [L3][signal] IWM: Trend violated (Price < SMA) but Profit (-0.99%) below threshold. Holding.
2026-02-25 15:17:54,635 - US_ETF_Swing_Strategy - INFO - strategyLogger:108 - [L3][signal] QQQ: Trend violated (Price < SMA) but Profit (-0.65%) below threshold. Holding.
2026-02-25 15:17:54,635 - US_ETF_Swing_Strategy - INFO - strategyLogger:108 - [L3][signal] VGT: Trend violated (Price < SMA) but Profit (-0.16%) below threshold. Holding.
2026-02-25 15:17:54,636 - US_ETF_Swing_Strategy - INFO - strategyLogger:108 - [L1][signal] [2024-08-06] GLD: ELIGIBLE (Price 220.70 > SMA 216.10). Distance: 2.13% | Threshold: > 0%
2026-02-25 15:17:54,646 - US_ETF_Swing_Strategy - INFO - strategyLogger:108 - [L1][execution] [2024-08-07] SLOTS: 4 Occupied / 4 Total
2026-02-25 15:17:54,650 - US_ETF_Swing_Strategy - INFO - strategyLogger:108 - [L3][signal] QQQ: Trend violated (Price < SMA) but Profit (2.39%) below threshold. Holding.
2026-02-25 15:17:54,651 - US_ETF_Swing_Strategy - INFO - strategyLogger:108 - [L3][signal] VGT: Trend violated (Price < SMA) but Profit (3.30%) below threshold. Holding.
2026-02-25 15:17:54,652 - US_ETF_Swing_Strategy - INFO - strategyLogger:108 - [L1][signal] [2024-08-07] GLD: ELIGIBLE (Price 220.55 > SMA 216.30). Distance: 1.96% | Threshold: > 0%
2026-02-25 15:17:54,662 - US_ETF_Swing_Strategy - INFO - strategyLogger:108 - [L1][execution] [2024-08-08] SLOTS: 4 Occupied / 4 Total
2026-02-25 15:17:54,665 - US_ETF_Swing_Strategy - INFO - strategyLogger:108 - [L3][signal] QQQ: Trend violated (Price < SMA) but Profit (2.93%) below threshold. Holding.
2026-02-25 15:17:54,666 - US_ETF_Swing_Strategy - INFO - strategyLogger:108 - [L3][signal] VGT: Trend violated (Price < SMA) but Profit (3.95%) below threshold. Holding.
2026-02-25 15:17:54,667 - US_ETF_Swing_Strategy - INFO - strategyLogger:108 - [L1][signal] [2024-08-08] GLD: ELIGIBLE (Price 224.01 > SMA 216.55). Distance: 3.45% | Threshold: > 0%
2026-02-25 15:17:54,669 - US_ETF_Swing_Strategy - INFO - strategyLogger:108 - [L1][signal] [2024-08-08] IWM: ELIGIBLE (Price 206.89 > SMA 205.35). Distance: 0.75% | Threshold: > 0%
2026-02-25 15:17:54,676 - US_ETF_Swing_Strategy - INFO - strategyLogger:108 - [L1][execution] [2024-08-09] SLOTS: 4 Occupied / 4 Total
2026-02-25 15:17:54,681 - US_ETF_Swing_Strategy - INFO - strategyLogger:108 - [L3][signal] IWM: Trend violated (Price < SMA) but Profit (0.29%) below threshold. Holding.
2026-02-25 15:17:54,681 - US_ETF_Swing_Strategy - INFO - strategyLogger:108 - [L3][signal] QQQ: Trend violated (Price < SMA) but Profit (3.15%) below threshold. Holding.
2026-02-25 15:17:54,681 - US_ETF_Swing_Strategy - INFO - strategyLogger:108 - [L3][signal] VGT: Trend violated (Price < SMA) but Profit (4.49%) below threshold. Holding.
2026-02-25 15:17:54,684 - US_ETF_Swing_Strategy - INFO - strategyLogger:108 - [L1][signal] [2024-08-09] GLD: ELIGIBLE (Price 224.56 > SMA 216.79). Distance: 3.58% | Threshold: > 0%
2026-02-25 15:17:54,685 - US_ETF_Swing_Strategy - INFO - strategyLogger:108 - [L1][signal] [2024-08-09] IWM: ELIGIBLE (Price 206.46 > SMA 205.41). Distance: 0.51% | Threshold: > 0%
2026-02-25 15:17:54,691 - US_ETF_Swing_Strategy - INFO - strategyLogger:108 - [L1][execution] [2024-08-12] SLOTS: 4 Occupied / 4 Total
2026-02-25 15:17:54,697 - US_ETF_Swing_Strategy - INFO - strategyLogger:108 - [L1][signal] [2024-08-12] GLD: ELIGIBLE (Price 228.41 > SMA 217.08). Distance: 5.22% | Threshold: > 0%
2026-02-25 15:17:54,703 - US_ETF_Swing_Strategy - INFO - strategyLogger:108 - [L1][execution] [2024-08-13] SLOTS: 4 Occupied / 4 Total
2026-02-25 15:17:54,706 - US_ETF_Swing_Strategy - INFO - strategyLogger:108 - [L1][signal] [2024-08-13] GLD: ELIGIBLE (Price 228.06 > SMA 217.34). Distance: 4.93% | Threshold: > 0%
2026-02-25 15:17:54,708 - US_ETF_Swing_Strategy - INFO - strategyLogger:108 - [L1][signal] [2024-08-13] IWM: ELIGIBLE (Price 207.97 > SMA 205.45). Distance: 1.23% | Threshold: > 0%
2026-02-25 15:17:54,715 - US_ETF_Swing_Strategy - INFO - strategyLogger:108 - [L1][signal] [2024-08-13] QQQ: ELIGIBLE (Price 462.58 > SMA 456.44). Distance: 1.35% | Threshold: > 0%
2026-02-25 15:17:54,718 - US_ETF_Swing_Strategy - INFO - strategyLogger:108 - [L1][signal] [2024-08-13] VGT: ELIGIBLE (Price 553.98 > SMA 542.76). Distance: 2.07% | Threshold: > 0%
2026-02-25 15:17:54,719 - US_ETF_Swing_Strategy - INFO - strategyLogger:108 - [L1][execution] [2024-08-14] SLOTS: 4 Occupied / 4 Total
2026-02-25 15:17:54,725 - US_ETF_Swing_Strategy - INFO - strategyLogger:108 - [L1][signal] [2024-08-14] GLD: ELIGIBLE (Price 226.20 > SMA 217.58). Distance: 3.96% | Threshold: > 0%
2026-02-25 15:17:54,733 - US_ETF_Swing_Strategy - INFO - strategyLogger:108 - [L1][signal] [2024-08-14] IWM: ELIGIBLE (Price 206.68 > SMA 205.44). Distance: 0.61% | Threshold: > 0%
2026-02-25 15:17:54,736 - US_ETF_Swing_Strategy - INFO - strategyLogger:108 - [L1][signal] [2024-08-14] QQQ: ELIGIBLE (Price 462.73 > SMA 456.61). Distance: 1.34% | Threshold: > 0%
2026-02-25 15:17:54,739 - US_ETF_Swing_Strategy - INFO - strategyLogger:108 - [L1][signal] [2024-08-14] VGT: ELIGIBLE (Price 556.42 > SMA 543.03). Distance: 2.47% | Threshold: > 0%
2026-02-25 15:17:54,741 - US_ETF_Swing_Strategy - INFO - strategyLogger:108 - [L1][execution] [2024-08-15] SLOTS: 4 Occupied / 4 Total
2026-02-25 15:17:54,750 - US_ETF_Swing_Strategy - INFO - strategyLogger:108 - [L1][signal] [2024-08-15] GLD: ELIGIBLE (Price 226.91 > SMA 217.84). Distance: 4.16% | Threshold: > 0%
2026-02-25 15:17:54,753 - US_ETF_Swing_Strategy - INFO - strategyLogger:108 - [L1][signal] [2024-08-15] IWM: ELIGIBLE (Price 212.04 > SMA 205.51). Distance: 3.18% | Threshold: > 0%
2026-02-25 15:17:54,758 - US_ETF_Swing_Strategy - INFO - strategyLogger:108 - [L1][signal] [2024-08-15] QQQ: ELIGIBLE (Price 474.42 > SMA 456.89). Distance: 3.84% | Threshold: > 0%
2026-02-25 15:17:54,765 - US_ETF_Swing_Strategy - INFO - strategyLogger:108 - [L1][signal] [2024-08-15] VGT: ELIGIBLE (Price 571.39 > SMA 543.47). Distance: 5.14% | Threshold: > 0%
2026-02-25 15:17:54,771 - US_ETF_Swing_Strategy - INFO - strategyLogger:108 - [L1][execution] [2024-08-16] SLOTS: 4 Occupied / 4 Total
2026-02-25 15:17:54,779 - US_ETF_Swing_Strategy - INFO - strategyLogger:108 - [L1][signal] [2024-08-16] GLD: ELIGIBLE (Price 231.99 > SMA 218.15). Distance: 6.34% | Threshold: > 0%
2026-02-25 15:17:54,783 - US_ETF_Swing_Strategy - INFO - strategyLogger:108 - [L1][signal] [2024-08-16] IWM: ELIGIBLE (Price 212.60 > SMA 205.58). Distance: 3.42% | Threshold: > 0%
2026-02-25 15:17:54,786 - US_ETF_Swing_Strategy - INFO - strategyLogger:108 - [L1][signal] [2024-08-16] SLV: ELIGIBLE (Price 26.43 > SMA 26.27). Distance: 0.62% | Threshold: > 0%
2026-02-25 15:17:54,790 - US_ETF_Swing_Strategy - INFO - strategyLogger:108 - [L1][signal] [2024-08-16] QQQ: ELIGIBLE (Price 475.03 > SMA 457.19). Distance: 3.90% | Threshold: > 0%
2026-02-25 15:17:54,792 - US_ETF_Swing_Strategy - INFO - strategyLogger:108 - [L1][signal] [2024-08-16] VGT: ELIGIBLE (Price 572.71 > SMA 543.93). Distance: 5.29% | Threshold: > 0%
2026-02-25 15:17:54,799 - US_ETF_Swing_Strategy - INFO - strategyLogger:108 - [L1][execution] [2024-08-19] SLOTS: 4 Occupied / 4 Total
2026-02-25 15:17:54,804 - US_ETF_Swing_Strategy - INFO - strategyLogger:108 - [L1][signal] [2024-08-19] GLD: ELIGIBLE (Price 231.61 > SMA 218.45). Distance: 6.02% | Threshold: > 0%
2026-02-25 15:17:54,807 - US_ETF_Swing_Strategy - INFO - strategyLogger:108 - [L1][signal] [2024-08-19] IWM: ELIGIBLE (Price 215.20 > SMA 205.68). Distance: 4.63% | Threshold: > 0%
2026-02-25 15:17:54,813 - US_ETF_Swing_Strategy - INFO - strategyLogger:108 - [L1][signal] [2024-08-19] SLV: ELIGIBLE (Price 26.83 > SMA 26.31). Distance: 1.97% | Threshold: > 0%
2026-02-25 15:17:54,816 - US_ETF_Swing_Strategy - INFO - strategyLogger:108 - [L1][signal] [2024-08-19] QQQ: ELIGIBLE (Price 481.27 > SMA 457.57). Distance: 5.18% | Threshold: > 0%
2026-02-25 15:17:54,819 - US_ETF_Swing_Strategy - INFO - strategyLogger:108 - [L1][signal] [2024-08-19] VGT: ELIGIBLE (Price 580.69 > SMA 544.50). Distance: 6.65% | Threshold: > 0%
2026-02-25 15:17:54,823 - US_ETF_Swing_Strategy - INFO - strategyLogger:108 - [L1][execution] [2024-08-20] SLOTS: 4 Occupied / 4 Total
2026-02-25 15:17:54,831 - US_ETF_Swing_Strategy - INFO - strategyLogger:108 - [L1][signal] [2024-08-20] GLD: ELIGIBLE (Price 232.46 > SMA 218.75). Distance: 6.27% | Threshold: > 0%
2026-02-25 15:17:54,833 - US_ETF_Swing_Strategy - INFO - strategyLogger:108 - [L1][signal] [2024-08-20] IWM: ELIGIBLE (Price 212.69 > SMA 205.71). Distance: 3.39% | Threshold: > 0%
2026-02-25 15:17:54,836 - US_ETF_Swing_Strategy - INFO - strategyLogger:108 - [L1][signal] [2024-08-20] SLV: ELIGIBLE (Price 26.87 > SMA 26.36). Distance: 1.95% | Threshold: > 0%
2026-02-25 15:17:54,839 - US_ETF_Swing_Strategy - INFO - strategyLogger:108 - [L1][signal] [2024-08-20] QQQ: ELIGIBLE (Price 480.26 > SMA 457.93). Distance: 4.88% | Threshold: > 0%
2026-02-25 15:17:54,843 - US_ETF_Swing_Strategy - INFO - strategyLogger:108 - [L1][signal] [2024-08-20] VGT: ELIGIBLE (Price 578.75 > SMA 545.04). Distance: 6.19% | Threshold: > 0%
2026-02-25 15:17:54,849 - US_ETF_Swing_Strategy - INFO - strategyLogger:108 - [L1][execution] [2024-08-21] SLOTS: 4 Occupied / 4 Total
2026-02-25 15:17:54,857 - US_ETF_Swing_Strategy - INFO - strategyLogger:108 - [L1][signal] [2024-08-21] GLD: ELIGIBLE (Price 232.15 > SMA 219.01). Distance: 6.00% | Threshold: > 0%
2026-02-25 15:17:54,865 - US_ETF_Swing_Strategy - INFO - strategyLogger:108 - [L1][signal] [2024-08-21] IWM: ELIGIBLE (Price 215.46 > SMA 205.76). Distance: 4.71% | Threshold: > 0%
2026-02-25 15:17:54,869 - US_ETF_Swing_Strategy - INFO - strategyLogger:108 - [L1][signal] [2024-08-21] SLV: ELIGIBLE (Price 26.95 > SMA 26.40). Distance: 2.09% | Threshold: > 0%
2026-02-25 15:17:54,871 - US_ETF_Swing_Strategy - INFO - strategyLogger:108 - [L1][signal] [2024-08-21] QQQ: ELIGIBLE (Price 482.50 > SMA 458.31). Distance: 5.28% | Threshold: > 0%
2026-02-25 15:17:54,874 - US_ETF_Swing_Strategy - INFO - strategyLogger:108 - [L1][signal] [2024-08-21] VGT: ELIGIBLE (Price 582.04 > SMA 545.61). Distance: 6.68% | Threshold: > 0%
2026-02-25 15:17:54,883 - US_ETF_Swing_Strategy - INFO - strategyLogger:108 - [L1][execution] [2024-08-22] SLOTS: 4 Occupied / 4 Total
2026-02-25 15:17:54,914 - US_ETF_Swing_Strategy - INFO - strategyLogger:108 - [L1][signal] [2024-08-22] GLD: ELIGIBLE (Price 229.37 > SMA 219.23). Distance: 4.63% | Threshold: > 0%
2026-02-25 15:17:54,923 - US_ETF_Swing_Strategy - INFO - strategyLogger:108 - [L1][signal] [2024-08-22] IWM: ELIGIBLE (Price 213.56 > SMA 205.81). Distance: 3.76% | Threshold: > 0%
2026-02-25 15:17:54,957 - US_ETF_Swing_Strategy - INFO - strategyLogger:108 - [L1][signal] [2024-08-22] QQQ: ELIGIBLE (Price 474.85 > SMA 458.61). Distance: 3.54% | Threshold: > 0%
2026-02-25 15:17:54,970 - US_ETF_Swing_Strategy - INFO - strategyLogger:108 - [L1][signal] [2024-08-22] VGT: ELIGIBLE (Price 569.86 > SMA 546.06). Distance: 4.36% | Threshold: > 0%
2026-02-25 15:17:54,985 - US_ETF_Swing_Strategy - INFO - strategyLogger:108 - [L1][execution] [2024-08-23] SLOTS: 4 Occupied / 4 Total
2026-02-25 15:17:55,021 - US_ETF_Swing_Strategy - INFO - strategyLogger:108 - [L1][signal] [2024-08-23] GLD: ELIGIBLE (Price 232.02 > SMA 219.44). Distance: 5.73% | Threshold: > 0%
2026-02-25 15:17:55,035 - US_ETF_Swing_Strategy - INFO - strategyLogger:108 - [L1][signal] [2024-08-23] IWM: ELIGIBLE (Price 220.38 > SMA 205.97). Distance: 7.00% | Threshold: > 0%
2026-02-25 15:17:55,041 - US_ETF_Swing_Strategy - INFO - strategyLogger:108 - [L1][signal] [2024-08-23] SLV: ELIGIBLE (Price 27.20 > SMA 26.47). Distance: 2.77% | Threshold: > 0%
2026-02-25 15:17:55,053 - US_ETF_Swing_Strategy - INFO - strategyLogger:108 - [L1][signal] [2024-08-23] QQQ: ELIGIBLE (Price 480.00 > SMA 459.00). Distance: 4.58% | Threshold: > 0%
2026-02-25 15:17:55,056 - US_ETF_Swing_Strategy - INFO - strategyLogger:108 - [L1][signal] [2024-08-23] VGT: ELIGIBLE (Price 580.01 > SMA 546.66). Distance: 6.10% | Threshold: > 0%
2026-02-25 15:17:55,068 - US_ETF_Swing_Strategy - INFO - strategyLogger:108 - [L1][execution] [2024-08-26] SLOTS: 4 Occupied / 4 Total
2026-02-25 15:17:55,077 - US_ETF_Swing_Strategy - INFO - strategyLogger:108 - [L1][signal] [2024-08-26] GLD: ELIGIBLE (Price 232.76 > SMA 219.64). Distance: 5.97% | Threshold: > 0%
2026-02-25 15:17:55,086 - US_ETF_Swing_Strategy - INFO - strategyLogger:108 - [L1][signal] [2024-08-26] IWM: ELIGIBLE (Price 220.45 > SMA 206.12). Distance: 6.95% | Threshold: > 0%
2026-02-25 15:17:55,106 - US_ETF_Swing_Strategy - INFO - strategyLogger:108 - [L1][signal] [2024-08-26] SLV: ELIGIBLE (Price 27.32 > SMA 26.49). Distance: 3.13% | Threshold: > 0%
2026-02-25 15:17:55,117 - US_ETF_Swing_Strategy - INFO - strategyLogger:108 - [L1][signal] [2024-08-26] QQQ: ELIGIBLE (Price 475.34 > SMA 459.33). Distance: 3.49% | Threshold: > 0%
2026-02-25 15:17:55,131 - US_ETF_Swing_Strategy - INFO - strategyLogger:108 - [L1][signal] [2024-08-26] VGT: ELIGIBLE (Price 574.52 > SMA 547.20). Distance: 4.99% | Threshold: > 0%
2026-02-25 15:17:55,138 - US_ETF_Swing_Strategy - INFO - strategyLogger:108 - [L1][execution] [2024-08-27] SLOTS: 4 Occupied / 4 Total
2026-02-25 15:17:55,150 - US_ETF_Swing_Strategy - INFO - strategyLogger:108 - [L1][signal] [2024-08-27] GLD: ELIGIBLE (Price 233.39 > SMA 219.86). Distance: 6.16% | Threshold: > 0%
2026-02-25 15:17:55,153 - US_ETF_Swing_Strategy - INFO - strategyLogger:108 - [L1][signal] [2024-08-27] IWM: ELIGIBLE (Price 218.74 > SMA 206.27). Distance: 6.05% | Threshold: > 0%
2026-02-25 15:17:55,159 - US_ETF_Swing_Strategy - INFO - strategyLogger:108 - [L1][signal] [2024-08-27] SLV: ELIGIBLE (Price 27.36 > SMA 26.52). Distance: 3.16% | Threshold: > 0%
2026-02-25 15:17:55,169 - US_ETF_Swing_Strategy - INFO - strategyLogger:108 - [L1][signal] [2024-08-27] QQQ: ELIGIBLE (Price 476.76 > SMA 459.74). Distance: 3.70% | Threshold: > 0%
2026-02-25 15:17:55,174 - US_ETF_Swing_Strategy - INFO - strategyLogger:108 - [L1][signal] [2024-08-27] VGT: ELIGIBLE (Price 577.20 > SMA 547.85). Distance: 5.36% | Threshold: > 0%
2026-02-25 15:17:55,186 - US_ETF_Swing_Strategy - INFO - strategyLogger:108 - [L1][execution] [2024-08-28] SLOTS: 4 Occupied / 4 Total
2026-02-25 15:17:55,199 - US_ETF_Swing_Strategy - INFO - strategyLogger:108 - [L1][signal] [2024-08-28] GLD: ELIGIBLE (Price 231.75 > SMA 220.02). Distance: 5.33% | Threshold: > 0%
2026-02-25 15:17:55,203 - US_ETF_Swing_Strategy - INFO - strategyLogger:108 - [L1][signal] [2024-08-28] IWM: ELIGIBLE (Price 217.26 > SMA 206.39). Distance: 5.26% | Threshold: > 0%
2026-02-25 15:17:55,208 - US_ETF_Swing_Strategy - INFO - strategyLogger:108 - [L1][signal] [2024-08-28] SLV: ELIGIBLE (Price 26.69 > SMA 26.54). Distance: 0.58% | Threshold: > 0%
2026-02-25 15:17:55,216 - US_ETF_Swing_Strategy - INFO - strategyLogger:108 - [L1][signal] [2024-08-28] QQQ: ELIGIBLE (Price 471.35 > SMA 460.05). Distance: 2.46% | Threshold: > 0%
2026-02-25 15:17:55,220 - US_ETF_Swing_Strategy - INFO - strategyLogger:108 - [L1][signal] [2024-08-28] VGT: ELIGIBLE (Price 569.59 > SMA 548.36). Distance: 3.87% | Threshold: > 0%
2026-02-25 15:17:55,233 - US_ETF_Swing_Strategy - INFO - strategyLogger:108 - [L1][execution] [2024-08-29] SLOTS: 4 Occupied / 4 Total
2026-02-25 15:17:55,246 - US_ETF_Swing_Strategy - INFO - strategyLogger:108 - [L1][signal] [2024-08-29] GLD: ELIGIBLE (Price 232.95 > SMA 220.19). Distance: 5.80% | Threshold: > 0%
2026-02-25 15:17:55,255 - US_ETF_Swing_Strategy - INFO - strategyLogger:108 - [L1][signal] [2024-08-29] IWM: ELIGIBLE (Price 218.81 > SMA 206.53). Distance: 5.95% | Threshold: > 0%
2026-02-25 15:17:55,258 - US_ETF_Swing_Strategy - INFO - strategyLogger:108 - [L1][signal] [2024-08-29] SLV: ELIGIBLE (Price 26.81 > SMA 26.55). Distance: 0.97% | Threshold: > 0%
2026-02-25 15:17:55,263 - US_ETF_Swing_Strategy - INFO - strategyLogger:108 - [L1][signal] [2024-08-29] QQQ: ELIGIBLE (Price 470.66 > SMA 460.35). Distance: 2.24% | Threshold: > 0%
2026-02-25 15:17:55,270 - US_ETF_Swing_Strategy - INFO - strategyLogger:108 - [L1][signal] [2024-08-29] VGT: ELIGIBLE (Price 568.07 > SMA 548.87). Distance: 3.50% | Threshold: > 0%
2026-02-25 15:17:55,273 - US_ETF_Swing_Strategy - INFO - strategyLogger:108 - [L1][execution] [2024-08-30] SLOTS: 4 Occupied / 4 Total
2026-02-25 15:17:55,284 - US_ETF_Swing_Strategy - INFO - strategyLogger:108 - [L3][signal] VGT: Trend violated (Price < SMA) but Profit (6.49%) below threshold. Holding.
2026-02-25 15:17:55,287 - US_ETF_Swing_Strategy - INFO - strategyLogger:108 - [L1][signal] [2024-08-30] GLD: ELIGIBLE (Price 231.29 > SMA 220.32). Distance: 4.98% | Threshold: > 0%
2026-02-25 15:17:55,290 - US_ETF_Swing_Strategy - INFO - strategyLogger:108 - [L1][signal] [2024-08-30] IWM: ELIGIBLE (Price 220.08 > SMA 206.66). Distance: 6.49% | Threshold: > 0%
2026-02-25 15:17:55,300 - US_ETF_Swing_Strategy - INFO - strategyLogger:108 - [L1][signal] [2024-08-30] QQQ: ELIGIBLE (Price 476.27 > SMA 460.69). Distance: 3.38% | Threshold: > 0%
2026-02-25 15:17:55,304 - US_ETF_Swing_Strategy - INFO - strategyLogger:108 - [L1][signal] [2024-08-30] VGT: ELIGIBLE (Price 573.97 > SMA 549.42). Distance: 4.47% | Threshold: > 0%
2026-02-25 15:17:55,308 - US_ETF_Swing_Strategy - INFO - strategyLogger:108 - [L1][execution] [2024-09-03] SLOTS: 4 Occupied / 4 Total
2026-02-25 15:17:55,322 - US_ETF_Swing_Strategy - INFO - strategyLogger:108 - [L3][signal] QQQ: Trend violated (Price < SMA) but Profit (5.26%) below threshold. Holding.
2026-02-25 15:17:55,323 - US_ETF_Swing_Strategy - INFO - strategyLogger:108 - [L3][signal] VGT: Trend violated (Price < SMA) but Profit (6.26%) below threshold. Holding.
2026-02-25 15:17:55,328 - US_ETF_Swing_Strategy - INFO - strategyLogger:108 - [L1][signal] [2024-09-03] GLD: ELIGIBLE (Price 230.29 > SMA 220.47). Distance: 4.45% | Threshold: > 0%
2026-02-25 15:17:55,335 - US_ETF_Swing_Strategy - INFO - strategyLogger:108 - [L1][signal] [2024-09-03] IWM: ELIGIBLE (Price 213.35 > SMA 206.79). Distance: 3.17% | Threshold: > 0%
2026-02-25 15:17:55,343 - US_ETF_Swing_Strategy - INFO - strategyLogger:108 - [L1][signal] [2024-09-03] QQQ: ELIGIBLE (Price 461.81 > SMA 460.93). Distance: 0.19% | Threshold: > 0%
2026-02-25 15:17:55,356 - US_ETF_Swing_Strategy - INFO - strategyLogger:108 - [L1][execution] [2024-09-04] SLOTS: 4 Occupied / 4 Total
2026-02-25 15:17:55,363 - US_ETF_Swing_Strategy - INFO - strategyLogger:108 - [L3][signal] QQQ: Trend violated (Price < SMA) but Profit (5.36%) below threshold. Holding.
2026-02-25 15:17:55,370 - US_ETF_Swing_Strategy - INFO - strategyLogger:108 - [L3][signal] VGT: Trend violated (Price < SMA) but Profit (6.02%) below threshold. Holding.
2026-02-25 15:17:55,374 - US_ETF_Swing_Strategy - INFO - strategyLogger:108 - [L1][signal] [2024-09-04] GLD: ELIGIBLE (Price 230.43 > SMA 220.58). Distance: 4.47% | Threshold: > 0%
2026-02-25 15:17:55,389 - US_ETF_Swing_Strategy - INFO - strategyLogger:108 - [L1][signal] [2024-09-04] IWM: ELIGIBLE (Price 212.99 > SMA 206.90). Distance: 2.95% | Threshold: > 0%
2026-02-25 15:17:55,406 - US_ETF_Swing_Strategy - INFO - strategyLogger:108 - [L1][execution] [2024-09-05] SLOTS: 4 Occupied / 4 Total
2026-02-25 15:17:55,415 - US_ETF_Swing_Strategy - INFO - strategyLogger:108 - [L3][signal] QQQ: Trend violated (Price < SMA) but Profit (2.53%) below threshold. Holding.
2026-02-25 15:17:55,415 - US_ETF_Swing_Strategy - INFO - strategyLogger:108 - [L3][signal] VGT: Trend violated (Price < SMA) but Profit (3.47%) below threshold. Holding.
2026-02-25 15:17:55,419 - US_ETF_Swing_Strategy - INFO - strategyLogger:108 - [L1][signal] [2024-09-05] GLD: ELIGIBLE (Price 232.35 > SMA 220.73). Distance: 5.26% | Threshold: > 0%
2026-02-25 15:17:55,422 - US_ETF_Swing_Strategy - INFO - strategyLogger:108 - [L1][signal] [2024-09-05] IWM: ELIGIBLE (Price 211.93 > SMA 207.03). Distance: 2.37% | Threshold: > 0%
2026-02-25 15:17:55,434 - US_ETF_Swing_Strategy - INFO - strategyLogger:108 - [L1][execution] [2024-09-06] SLOTS: 4 Occupied / 4 Total
2026-02-25 15:17:55,439 - US_ETF_Swing_Strategy - INFO - strategyLogger:108 - [L3][signal] QQQ: Trend violated (Price < SMA) but Profit (3.85%) below threshold. Holding.
2026-02-25 15:17:55,439 - US_ETF_Swing_Strategy - INFO - strategyLogger:108 - [L3][signal] VGT: Trend violated (Price < SMA) but Profit (4.87%) below threshold. Holding.
2026-02-25 15:17:55,444 - US_ETF_Swing_Strategy - INFO - strategyLogger:108 - [L1][signal] [2024-09-06] GLD: ELIGIBLE (Price 230.63 > SMA 220.83). Distance: 4.44% | Threshold: > 0%
2026-02-25 15:17:55,449 - US_ETF_Swing_Strategy - INFO - strategyLogger:108 - [L1][signal] [2024-09-06] IWM: ELIGIBLE (Price 207.90 > SMA 207.15). Distance: 0.36% | Threshold: > 0%
2026-02-25 15:17:55,456 - US_ETF_Swing_Strategy - INFO - strategyLogger:108 - [L1][execution] [2024-09-09] SLOTS: 4 Occupied / 4 Total
2026-02-25 15:17:55,463 - US_ETF_Swing_Strategy - INFO - strategyLogger:108 - [L3][signal] QQQ: Trend violated (Price < SMA) but Profit (4.81%) below threshold. Holding.
2026-02-25 15:17:55,463 - US_ETF_Swing_Strategy - INFO - strategyLogger:108 - [L3][signal] VGT: Trend violated (Price < SMA) but Profit (5.93%) below threshold. Holding.
2026-02-25 15:17:55,467 - US_ETF_Swing_Strategy - INFO - strategyLogger:108 - [L1][signal] [2024-09-09] GLD: ELIGIBLE (Price 231.60 > SMA 220.93). Distance: 4.83% | Threshold: > 0%
2026-02-25 15:17:55,468 - US_ETF_Swing_Strategy - INFO - strategyLogger:108 - [L1][signal] [2024-09-09] IWM: ELIGIBLE (Price 208.48 > SMA 207.28). Distance: 0.58% | Threshold: > 0%
2026-02-25 15:17:55,473 - US_ETF_Swing_Strategy - INFO - strategyLogger:108 - [L1][execution] [2024-09-10] SLOTS: 4 Occupied / 4 Total
2026-02-25 15:17:55,482 - US_ETF_Swing_Strategy - INFO - strategyLogger:108 - [L1][signal] [2024-09-10] GLD: ELIGIBLE (Price 232.62 > SMA 221.06). Distance: 5.23% | Threshold: > 0%
2026-02-25 15:17:55,485 - US_ETF_Swing_Strategy - INFO - strategyLogger:108 - [L1][signal] [2024-09-10] IWM: ELIGIBLE (Price 208.31 > SMA 207.44). Distance: 0.42% | Threshold: > 0%
2026-02-25 15:17:55,496 - US_ETF_Swing_Strategy - INFO - strategyLogger:108 - [L1][execution] [2024-09-11] SLOTS: 4 Occupied / 4 Total
2026-02-25 15:17:55,502 - US_ETF_Swing_Strategy - INFO - strategyLogger:108 - [L1][signal] [2024-09-11] GLD: ELIGIBLE (Price 232.25 > SMA 221.18). Distance: 5.00% | Threshold: > 0%
2026-02-25 15:17:55,504 - US_ETF_Swing_Strategy - INFO - strategyLogger:108 - [L1][signal] [2024-09-11] IWM: ELIGIBLE (Price 208.92 > SMA 207.60). Distance: 0.64% | Threshold: > 0%
2026-02-25 15:17:55,508 - US_ETF_Swing_Strategy - INFO - strategyLogger:108 - [L1][signal] [2024-09-11] QQQ: ELIGIBLE (Price 468.62 > SMA 462.50). Distance: 1.32% | Threshold: > 0%
2026-02-25 15:17:55,512 - US_ETF_Swing_Strategy - INFO - strategyLogger:108 - [L1][signal] [2024-09-11] VGT: ELIGIBLE (Price 561.58 > SMA 552.12). Distance: 1.71% | Threshold: > 0%
2026-02-25 15:17:55,515 - US_ETF_Swing_Strategy - INFO - strategyLogger:108 - [L1][execution] [2024-09-12] SLOTS: 4 Occupied / 4 Total
2026-02-25 15:17:55,519 - US_ETF_Swing_Strategy - INFO - strategyLogger:108 - [L1][signal] [2024-09-12] GLD: ELIGIBLE (Price 236.33 > SMA 221.33). Distance: 6.78% | Threshold: > 0%
2026-02-25 15:17:55,522 - US_ETF_Swing_Strategy - INFO - strategyLogger:108 - [L1][signal] [2024-09-12] IWM: ELIGIBLE (Price 211.61 > SMA 207.78). Distance: 1.84% | Threshold: > 0%
2026-02-25 15:17:55,525 - US_ETF_Swing_Strategy - INFO - strategyLogger:108 - [L1][signal] [2024-09-12] SLV: ELIGIBLE (Price 27.27 > SMA 26.57). Distance: 2.65% | Threshold: > 0%
2026-02-25 15:17:55,531 - US_ETF_Swing_Strategy - INFO - strategyLogger:108 - [L1][signal] [2024-09-12] QQQ: ELIGIBLE (Price 473.22 > SMA 463.09). Distance: 2.19% | Threshold: > 0%
2026-02-25 15:17:55,535 - US_ETF_Swing_Strategy - INFO - strategyLogger:108 - [L1][signal] [2024-09-12] VGT: ELIGIBLE (Price 565.90 > SMA 552.98). Distance: 2.34% | Threshold: > 0%
2026-02-25 15:17:55,538 - US_ETF_Swing_Strategy - INFO - strategyLogger:108 - [L1][execution] [2024-09-13] SLOTS: 4 Occupied / 4 Total
2026-02-25 15:17:55,547 - US_ETF_Swing_Strategy - INFO - strategyLogger:108 - [L1][signal] [2024-09-13] GLD: ELIGIBLE (Price 238.68 > SMA 221.57). Distance: 7.72% | Threshold: > 0%
2026-02-25 15:17:55,549 - US_ETF_Swing_Strategy - INFO - strategyLogger:108 - [L1][signal] [2024-09-13] IWM: ELIGIBLE (Price 216.83 > SMA 208.00). Distance: 4.25% | Threshold: > 0%
2026-02-25 15:17:55,551 - US_ETF_Swing_Strategy - INFO - strategyLogger:108 - [L1][signal] [2024-09-13] SLV: ELIGIBLE (Price 28.02 > SMA 26.60). Distance: 5.35% | Threshold: > 0%
2026-02-25 15:17:55,554 - US_ETF_Swing_Strategy - INFO - strategyLogger:108 - [L1][signal] [2024-09-13] QQQ: ELIGIBLE (Price 475.34 > SMA 463.65). Distance: 2.52% | Threshold: > 0%
2026-02-25 15:17:55,556 - US_ETF_Swing_Strategy - INFO - strategyLogger:108 - [L1][signal] [2024-09-13] VGT: ELIGIBLE (Price 569.24 > SMA 553.81). Distance: 2.79% | Threshold: > 0%
2026-02-25 15:17:55,558 - US_ETF_Swing_Strategy - INFO - strategyLogger:108 - [L1][execution] [2024-09-16] SLOTS: 4 Occupied / 4 Total
2026-02-25 15:17:55,567 - US_ETF_Swing_Strategy - INFO - strategyLogger:108 - [L1][signal] [2024-09-16] GLD: ELIGIBLE (Price 238.66 > SMA 221.80). Distance: 7.60% | Threshold: > 0%
2026-02-25 15:17:55,569 - US_ETF_Swing_Strategy - INFO - strategyLogger:108 - [L1][signal] [2024-09-16] IWM: ELIGIBLE (Price 217.61 > SMA 208.19). Distance: 4.53% | Threshold: > 0%
2026-02-25 15:17:55,572 - US_ETF_Swing_Strategy - INFO - strategyLogger:108 - [L1][signal] [2024-09-16] SLV: ELIGIBLE (Price 28.07 > SMA 26.63). Distance: 5.41% | Threshold: > 0%
2026-02-25 15:17:55,576 - US_ETF_Swing_Strategy - INFO - strategyLogger:108 - [L1][signal] [2024-09-16] QQQ: ELIGIBLE (Price 473.24 > SMA 464.13). Distance: 1.96% | Threshold: > 0%
2026-02-25 15:17:55,581 - US_ETF_Swing_Strategy - INFO - strategyLogger:108 - [L1][signal] [2024-09-16] VGT: ELIGIBLE (Price 565.90 > SMA 554.52). Distance: 2.05% | Threshold: > 0%
2026-02-25 15:17:55,585 - US_ETF_Swing_Strategy - INFO - strategyLogger:108 - [L1][execution] [2024-09-17] SLOTS: 4 Occupied / 4 Total
2026-02-25 15:17:55,590 - US_ETF_Swing_Strategy - INFO - strategyLogger:108 - [L1][signal] [2024-09-17] GLD: ELIGIBLE (Price 237.34 > SMA 222.03). Distance: 6.90% | Threshold: > 0%
2026-02-25 15:17:55,595 - US_ETF_Swing_Strategy - INFO - strategyLogger:108 - [L1][signal] [2024-09-17] IWM: ELIGIBLE (Price 219.41 > SMA 208.40). Distance: 5.28% | Threshold: > 0%
2026-02-25 15:17:55,599 - US_ETF_Swing_Strategy - INFO - strategyLogger:108 - [L1][signal] [2024-09-17] SLV: ELIGIBLE (Price 27.96 > SMA 26.66). Distance: 4.88% | Threshold: > 0%
2026-02-25 15:17:55,600 - US_ETF_Swing_Strategy - INFO - strategyLogger:108 - [L1][signal] [2024-09-17] QQQ: ELIGIBLE (Price 473.49 > SMA 464.60). Distance: 1.91% | Threshold: > 0%
2026-02-25 15:17:55,602 - US_ETF_Swing_Strategy - INFO - strategyLogger:108 - [L1][signal] [2024-09-17] VGT: ELIGIBLE (Price 565.61 > SMA 555.23). Distance: 1.87% | Threshold: > 0%
2026-02-25 15:17:55,603 - US_ETF_Swing_Strategy - INFO - strategyLogger:108 - [L1][execution] [2024-09-18] SLOTS: 4 Occupied / 4 Total
2026-02-25 15:17:55,608 - US_ETF_Swing_Strategy - INFO - strategyLogger:108 - [L1][signal] [2024-09-18] GLD: ELIGIBLE (Price 235.51 > SMA 222.22). Distance: 5.98% | Threshold: > 0%
2026-02-25 15:17:55,613 - US_ETF_Swing_Strategy - INFO - strategyLogger:108 - [L1][signal] [2024-09-18] IWM: ELIGIBLE (Price 219.45 > SMA 208.63). Distance: 5.18% | Threshold: > 0%
2026-02-25 15:17:55,615 - US_ETF_Swing_Strategy - INFO - strategyLogger:108 - [L1][signal] [2024-09-18] SLV: ELIGIBLE (Price 27.24 > SMA 26.68). Distance: 2.09% | Threshold: > 0%
2026-02-25 15:17:55,617 - US_ETF_Swing_Strategy - INFO - strategyLogger:108 - [L1][signal] [2024-09-18] QQQ: ELIGIBLE (Price 471.44 > SMA 465.07). Distance: 1.37% | Threshold: > 0%
2026-02-25 15:17:55,619 - US_ETF_Swing_Strategy - INFO - strategyLogger:108 - [L1][signal] [2024-09-18] VGT: ELIGIBLE (Price 563.00 > SMA 555.90). Distance: 1.28% | Threshold: > 0%
2026-02-25 15:17:55,621 - US_ETF_Swing_Strategy - INFO - strategyLogger:108 - [L1][execution] [2024-09-19] SLOTS: 4 Occupied / 4 Total
2026-02-25 15:17:55,625 - US_ETF_Swing_Strategy - INFO - strategyLogger:108 - [L1][signal] [2024-09-19] GLD: ELIGIBLE (Price 239.17 > SMA 222.45). Distance: 7.52% | Threshold: > 0%
2026-02-25 15:17:55,630 - US_ETF_Swing_Strategy - INFO - strategyLogger:108 - [L1][signal] [2024-09-19] IWM: ELIGIBLE (Price 223.97 > SMA 208.89). Distance: 7.22% | Threshold: > 0%
2026-02-25 15:17:55,632 - US_ETF_Swing_Strategy - INFO - strategyLogger:108 - [L1][signal] [2024-09-19] SLV: ELIGIBLE (Price 28.09 > SMA 26.71). Distance: 5.15% | Threshold: > 0%
2026-02-25 15:17:55,635 - US_ETF_Swing_Strategy - INFO - strategyLogger:108 - [L1][signal] [2024-09-19] QQQ: ELIGIBLE (Price 483.36 > SMA 465.60). Distance: 3.82% | Threshold: > 0%
2026-02-25 15:17:55,636 - US_ETF_Swing_Strategy - INFO - strategyLogger:108 - [L1][signal] [2024-09-19] VGT: ELIGIBLE (Price 579.65 > SMA 556.66). Distance: 4.13% | Threshold: > 0%
2026-02-25 15:17:55,639 - US_ETF_Swing_Strategy - INFO - strategyLogger:108 - [L1][execution] [2024-09-20] SLOTS: 4 Occupied / 4 Total
2026-02-25 15:17:55,647 - US_ETF_Swing_Strategy - INFO - strategyLogger:108 - [L1][signal] [2024-09-20] GLD: ELIGIBLE (Price 242.21 > SMA 222.71). Distance: 8.76% | Threshold: > 0%
2026-02-25 15:17:55,649 - US_ETF_Swing_Strategy - INFO - strategyLogger:108 - [L1][signal] [2024-09-20] IWM: ELIGIBLE (Price 221.57 > SMA 209.11). Distance: 5.96% | Threshold: > 0%
2026-02-25 15:17:55,650 - US_ETF_Swing_Strategy - INFO - strategyLogger:108 - [L1][signal] [2024-09-20] SLV: ELIGIBLE (Price 28.41 > SMA 26.75). Distance: 6.21% | Threshold: > 0%
2026-02-25 15:17:55,652 - US_ETF_Swing_Strategy - INFO - strategyLogger:108 - [L1][signal] [2024-09-20] QQQ: ELIGIBLE (Price 482.44 > SMA 466.09). Distance: 3.51% | Threshold: > 0%
2026-02-25 15:17:55,653 - US_ETF_Swing_Strategy - INFO - strategyLogger:108 - [L1][signal] [2024-09-20] VGT: ELIGIBLE (Price 577.62 > SMA 557.38). Distance: 3.63% | Threshold: > 0%
2026-02-25 15:17:55,655 - US_ETF_Swing_Strategy - INFO - strategyLogger:108 - [L1][execution] [2024-09-23] SLOTS: 4 Occupied / 4 Total
2026-02-25 15:17:55,661 - US_ETF_Swing_Strategy - INFO - strategyLogger:108 - [L1][signal] [2024-09-23] GLD: ELIGIBLE (Price 242.68 > SMA 223.02). Distance: 8.82% | Threshold: > 0%
2026-02-25 15:17:55,664 - US_ETF_Swing_Strategy - INFO - strategyLogger:108 - [L1][signal] [2024-09-23] IWM: ELIGIBLE (Price 220.76 > SMA 209.36). Distance: 5.45% | Threshold: > 0%
2026-02-25 15:17:55,666 - US_ETF_Swing_Strategy - INFO - strategyLogger:108 - [L1][signal] [2024-09-23] SLV: ELIGIBLE (Price 27.98 > SMA 26.79). Distance: 4.45% | Threshold: > 0%
2026-02-25 15:17:55,669 - US_ETF_Swing_Strategy - INFO - strategyLogger:108 - [L1][signal] [2024-09-23] QQQ: ELIGIBLE (Price 483.04 > SMA 466.68). Distance: 3.51% | Threshold: > 0%
2026-02-25 15:17:55,669 - US_ETF_Swing_Strategy - INFO - strategyLogger:108 - [L1][signal] [2024-09-23] VGT: ELIGIBLE (Price 577.42 > SMA 558.20). Distance: 3.44% | Threshold: > 0%
2026-02-25 15:17:55,672 - US_ETF_Swing_Strategy - INFO - strategyLogger:108 - [L1][execution] [2024-09-24] SLOTS: 4 Occupied / 4 Total
2026-02-25 15:17:55,678 - US_ETF_Swing_Strategy - INFO - strategyLogger:108 - [L1][signal] [2024-09-24] GLD: ELIGIBLE (Price 246.07 > SMA 223.34). Distance: 10.18% | Threshold: > 0%
2026-02-25 15:17:55,681 - US_ETF_Swing_Strategy - INFO - strategyLogger:108 - [L1][signal] [2024-09-24] IWM: ELIGIBLE (Price 221.13 > SMA 209.60). Distance: 5.50% | Threshold: > 0%
2026-02-25 15:17:55,682 - US_ETF_Swing_Strategy - INFO - strategyLogger:108 - [L1][signal] [2024-09-24] SLV: ELIGIBLE (Price 29.38 > SMA 26.84). Distance: 9.47% | Threshold: > 0%
2026-02-25 15:17:55,683 - US_ETF_Swing_Strategy - INFO - strategyLogger:108 - [L1][signal] [2024-09-24] QQQ: ELIGIBLE (Price 485.37 > SMA 467.32). Distance: 3.86% | Threshold: > 0%
2026-02-25 15:17:55,685 - US_ETF_Swing_Strategy - INFO - strategyLogger:108 - [L1][signal] [2024-09-24] VGT: ELIGIBLE (Price 582.63 > SMA 559.14). Distance: 4.20% | Threshold: > 0%
2026-02-25 15:17:55,686 - US_ETF_Swing_Strategy - INFO - strategyLogger:108 - [L1][execution] [2024-09-25] SLOTS: 4 Occupied / 4 Total
2026-02-25 15:17:55,689 - US_ETF_Swing_Strategy - INFO - strategyLogger:108 - [L1][signal] [2024-09-25] GLD: ELIGIBLE (Price 245.73 > SMA 223.67). Distance: 9.86% | Threshold: > 0%
2026-02-25 15:17:55,694 - US_ETF_Swing_Strategy - INFO - strategyLogger:108 - [L1][signal] [2024-09-25] IWM: ELIGIBLE (Price 217.69 > SMA 209.78). Distance: 3.77% | Threshold: > 0%
2026-02-25 15:17:55,699 - US_ETF_Swing_Strategy - INFO - strategyLogger:108 - [L1][signal] [2024-09-25] SLV: ELIGIBLE (Price 29.06 > SMA 26.89). Distance: 8.08% | Threshold: > 0%
2026-02-25 15:17:55,700 - US_ETF_Swing_Strategy - INFO - strategyLogger:108 - [L1][signal] [2024-09-25] QQQ: ELIGIBLE (Price 485.82 > SMA 467.90). Distance: 3.83% | Threshold: > 0%
2026-02-25 15:17:55,702 - US_ETF_Swing_Strategy - INFO - strategyLogger:108 - [L1][signal] [2024-09-25] VGT: ELIGIBLE (Price 583.02 > SMA 560.00). Distance: 4.11% | Threshold: > 0%
2026-02-25 15:17:55,704 - US_ETF_Swing_Strategy - INFO - strategyLogger:108 - [L1][execution] [2024-09-26] SLOTS: 4 Occupied / 4 Total
2026-02-25 15:17:55,708 - US_ETF_Swing_Strategy - INFO - strategyLogger:108 - [L1][signal] [2024-09-26] GLD: ELIGIBLE (Price 246.98 > SMA 224.01). Distance: 10.26% | Threshold: > 0%
2026-02-25 15:17:55,712 - US_ETF_Swing_Strategy - INFO - strategyLogger:108 - [L1][signal] [2024-09-26] IWM: ELIGIBLE (Price 218.85 > SMA 209.95). Distance: 4.24% | Threshold: > 0%
2026-02-25 15:17:55,713 - US_ETF_Swing_Strategy - INFO - strategyLogger:108 - [L1][signal] [2024-09-26] SLV: ELIGIBLE (Price 29.26 > SMA 26.94). Distance: 8.62% | Threshold: > 0%
2026-02-25 15:17:55,716 - US_ETF_Swing_Strategy - INFO - strategyLogger:108 - [L1][signal] [2024-09-26] QQQ: ELIGIBLE (Price 489.47 > SMA 468.44). Distance: 4.49% | Threshold: > 0%
2026-02-25 15:17:55,718 - US_ETF_Swing_Strategy - INFO - strategyLogger:108 - [L1][signal] [2024-09-26] VGT: ELIGIBLE (Price 590.25 > SMA 560.81). Distance: 5.25% | Threshold: > 0%
2026-02-25 15:17:55,719 - US_ETF_Swing_Strategy - INFO - strategyLogger:108 - [L1][execution] [2024-09-27] SLOTS: 4 Occupied / 4 Total
2026-02-25 15:17:55,723 - US_ETF_Swing_Strategy - INFO - strategyLogger:108 - [L1][signal] [2024-09-27] GLD: ELIGIBLE (Price 245.02 > SMA 224.31). Distance: 9.23% | Threshold: > 0%
2026-02-25 15:17:55,724 - US_ETF_Swing_Strategy - INFO - strategyLogger:108 - [L1][signal] [2024-09-27] IWM: ELIGIBLE (Price 220.33 > SMA 210.11). Distance: 4.86% | Threshold: > 0%
2026-02-25 15:17:55,730 - US_ETF_Swing_Strategy - INFO - strategyLogger:108 - [L1][signal] [2024-09-27] SLV: ELIGIBLE (Price 28.86 > SMA 26.97). Distance: 6.99% | Threshold: > 0%
2026-02-25 15:17:55,731 - US_ETF_Swing_Strategy - INFO - strategyLogger:108 - [L1][signal] [2024-09-27] QQQ: ELIGIBLE (Price 486.75 > SMA 468.91). Distance: 3.80% | Threshold: > 0%
2026-02-25 15:17:55,734 - US_ETF_Swing_Strategy - INFO - strategyLogger:108 - [L1][signal] [2024-09-27] VGT: ELIGIBLE (Price 584.96 > SMA 561.49). Distance: 4.18% | Threshold: > 0%
2026-02-25 15:17:55,736 - US_ETF_Swing_Strategy - INFO - strategyLogger:108 - [L1][execution] [2024-09-30] SLOTS: 4 Occupied / 4 Total
2026-02-25 15:17:55,740 - US_ETF_Swing_Strategy - INFO - strategyLogger:108 - [L1][signal] [2024-09-30] GLD: ELIGIBLE (Price 243.06 > SMA 224.59). Distance: 8.22% | Threshold: > 0%
2026-02-25 15:17:55,745 - US_ETF_Swing_Strategy - INFO - strategyLogger:108 - [L1][signal] [2024-09-30] IWM: ELIGIBLE (Price 220.89 > SMA 210.27). Distance: 5.05% | Threshold: > 0%
2026-02-25 15:17:55,748 - US_ETF_Swing_Strategy - INFO - strategyLogger:108 - [L1][signal] [2024-09-30] SLV: ELIGIBLE (Price 28.41 > SMA 27.01). Distance: 5.18% | Threshold: > 0%
2026-02-25 15:17:55,750 - US_ETF_Swing_Strategy - INFO - strategyLogger:108 - [L1][signal] [2024-09-30] QQQ: ELIGIBLE (Price 488.07 > SMA 469.39). Distance: 3.98% | Threshold: > 0%
2026-02-25 15:17:55,751 - US_ETF_Swing_Strategy - INFO - strategyLogger:108 - [L1][signal] [2024-09-30] VGT: ELIGIBLE (Price 586.52 > SMA 562.21). Distance: 4.32% | Threshold: > 0%
2026-02-25 15:17:55,753 - US_ETF_Swing_Strategy - INFO - strategyLogger:108 - [L1][execution] [2024-10-01] SLOTS: 4 Occupied / 4 Total
2026-02-25 15:17:55,756 - US_ETF_Swing_Strategy - INFO - strategyLogger:108 - [L1][signal] [2024-10-01] GLD: ELIGIBLE (Price 245.61 > SMA 224.91). Distance: 9.20% | Threshold: > 0%
2026-02-25 15:17:55,758 - US_ETF_Swing_Strategy - INFO - strategyLogger:108 - [L1][signal] [2024-10-01] IWM: ELIGIBLE (Price 217.89 > SMA 210.41). Distance: 3.56% | Threshold: > 0%
2026-02-25 15:17:55,763 - US_ETF_Swing_Strategy - INFO - strategyLogger:108 - [L1][signal] [2024-10-01] SLV: ELIGIBLE (Price 28.58 > SMA 27.05). Distance: 5.67% | Threshold: > 0%
2026-02-25 15:17:55,765 - US_ETF_Swing_Strategy - INFO - strategyLogger:108 - [L1][signal] [2024-10-01] QQQ: ELIGIBLE (Price 481.27 > SMA 469.80). Distance: 2.44% | Threshold: > 0%
2026-02-25 15:17:55,768 - US_ETF_Swing_Strategy - INFO - strategyLogger:108 - [L1][signal] [2024-10-01] VGT: ELIGIBLE (Price 571.78 > SMA 562.78). Distance: 1.60% | Threshold: > 0%
2026-02-25 15:17:55,769 - US_ETF_Swing_Strategy - INFO - strategyLogger:108 - [L1][execution] [2024-10-02] SLOTS: 4 Occupied / 4 Total
2026-02-25 15:17:55,773 - US_ETF_Swing_Strategy - INFO - strategyLogger:108 - [L1][signal] [2024-10-02] GLD: ELIGIBLE (Price 245.66 > SMA 225.20). Distance: 9.08% | Threshold: > 0%
2026-02-25 15:17:55,775 - US_ETF_Swing_Strategy - INFO - strategyLogger:108 - [L1][signal] [2024-10-02] IWM: ELIGIBLE (Price 217.59 > SMA 210.53). Distance: 3.36% | Threshold: > 0%
2026-02-25 15:17:55,781 - US_ETF_Swing_Strategy - INFO - strategyLogger:108 - [L1][signal] [2024-10-02] SLV: ELIGIBLE (Price 29.00 > SMA 27.08). Distance: 7.10% | Threshold: > 0%
2026-02-25 15:17:55,784 - US_ETF_Swing_Strategy - INFO - strategyLogger:108 - [L1][signal] [2024-10-02] QQQ: ELIGIBLE (Price 481.95 > SMA 470.21). Distance: 2.50% | Threshold: > 0%
2026-02-25 15:17:55,786 - US_ETF_Swing_Strategy - INFO - strategyLogger:108 - [L1][signal] [2024-10-02] VGT: ELIGIBLE (Price 575.38 > SMA 563.38). Distance: 2.13% | Threshold: > 0%
2026-02-25 15:17:55,788 - US_ETF_Swing_Strategy - INFO - strategyLogger:108 - [L1][execution] [2024-10-03] SLOTS: 4 Occupied / 4 Total
2026-02-25 15:17:55,791 - US_ETF_Swing_Strategy - INFO - strategyLogger:108 - [L1][signal] [2024-10-03] GLD: ELIGIBLE (Price 245.49 > SMA 225.47). Distance: 8.88% | Threshold: > 0%
2026-02-25 15:17:55,795 - US_ETF_Swing_Strategy - INFO - strategyLogger:108 - [L1][signal] [2024-10-03] IWM: ELIGIBLE (Price 216.13 > SMA 210.64). Distance: 2.60% | Threshold: > 0%
2026-02-25 15:17:55,798 - US_ETF_Swing_Strategy - INFO - strategyLogger:108 - [L1][signal] [2024-10-03] SLV: ELIGIBLE (Price 29.23 > SMA 27.11). Distance: 7.81% | Threshold: > 0%
2026-02-25 15:17:55,800 - US_ETF_Swing_Strategy - INFO - strategyLogger:108 - [L1][signal] [2024-10-03] QQQ: ELIGIBLE (Price 481.59 > SMA 470.60). Distance: 2.33% | Threshold: > 0%
2026-02-25 15:17:55,801 - US_ETF_Swing_Strategy - INFO - strategyLogger:108 - [L1][signal] [2024-10-03] VGT: ELIGIBLE (Price 577.64 > SMA 563.99). Distance: 2.42% | Threshold: > 0%
2026-02-25 15:17:55,803 - US_ETF_Swing_Strategy - INFO - strategyLogger:108 - [L1][execution] [2024-10-04] SLOTS: 4 Occupied / 4 Total
2026-02-25 15:17:55,808 - US_ETF_Swing_Strategy - INFO - strategyLogger:108 - [L1][signal] [2024-10-04] GLD: ELIGIBLE (Price 245.00 > SMA 225.76). Distance: 8.52% | Threshold: > 0%
2026-02-25 15:17:55,812 - US_ETF_Swing_Strategy - INFO - strategyLogger:108 - [L1][signal] [2024-10-04] IWM: ELIGIBLE (Price 219.15 > SMA 210.79). Distance: 3.97% | Threshold: > 0%
2026-02-25 15:17:55,815 - US_ETF_Swing_Strategy - INFO - strategyLogger:108 - [L1][signal] [2024-10-04] SLV: ELIGIBLE (Price 29.36 > SMA 27.15). Distance: 8.15% | Threshold: > 0%
2026-02-25 15:17:55,817 - US_ETF_Swing_Strategy - INFO - strategyLogger:108 - [L1][signal] [2024-10-04] QQQ: ELIGIBLE (Price 487.32 > SMA 471.05). Distance: 3.45% | Threshold: > 0%
2026-02-25 15:17:55,819 - US_ETF_Swing_Strategy - INFO - strategyLogger:108 - [L1][signal] [2024-10-04] VGT: ELIGIBLE (Price 585.04 > SMA 564.66). Distance: 3.61% | Threshold: > 0%
2026-02-25 15:17:55,821 - US_ETF_Swing_Strategy - INFO - strategyLogger:108 - [L1][execution] [2024-10-07] SLOTS: 4 Occupied / 4 Total
2026-02-25 15:17:55,825 - US_ETF_Swing_Strategy - INFO - strategyLogger:108 - [L1][signal] [2024-10-07] GLD: ELIGIBLE (Price 244.17 > SMA 226.02). Distance: 8.03% | Threshold: > 0%
2026-02-25 15:17:55,831 - US_ETF_Swing_Strategy - INFO - strategyLogger:108 - [L1][signal] [2024-10-07] IWM: ELIGIBLE (Price 217.43 > SMA 210.89). Distance: 3.10% | Threshold: > 0%
2026-02-25 15:17:55,833 - US_ETF_Swing_Strategy - INFO - strategyLogger:108 - [L1][signal] [2024-10-07] SLV: ELIGIBLE (Price 28.93 > SMA 27.18). Distance: 6.46% | Threshold: > 0%
2026-02-25 15:17:55,835 - US_ETF_Swing_Strategy - INFO - strategyLogger:108 - [L1][signal] [2024-10-07] QQQ: ELIGIBLE (Price 482.10 > SMA 471.41). Distance: 2.27% | Threshold: > 0%
2026-02-25 15:17:55,836 - US_ETF_Swing_Strategy - INFO - strategyLogger:108 - [L1][signal] [2024-10-07] VGT: ELIGIBLE (Price 580.84 > SMA 565.22). Distance: 2.76% | Threshold: > 0%
2026-02-25 15:17:55,837 - US_ETF_Swing_Strategy - INFO - strategyLogger:108 - [L1][execution] [2024-10-08] SLOTS: 4 Occupied / 4 Total
2026-02-25 15:17:55,842 - US_ETF_Swing_Strategy - INFO - strategyLogger:108 - [L1][signal] [2024-10-08] GLD: ELIGIBLE (Price 242.37 > SMA 226.23). Distance: 7.13% | Threshold: > 0%
2026-02-25 15:17:55,846 - US_ETF_Swing_Strategy - INFO - strategyLogger:108 - [L1][signal] [2024-10-08] IWM: ELIGIBLE (Price 217.58 > SMA 210.98). Distance: 3.13% | Threshold: > 0%
2026-02-25 15:17:55,849 - US_ETF_Swing_Strategy - INFO - strategyLogger:108 - [L1][signal] [2024-10-08] SLV: ELIGIBLE (Price 28.01 > SMA 27.18). Distance: 3.04% | Threshold: > 0%
2026-02-25 15:17:55,851 - US_ETF_Swing_Strategy - INFO - strategyLogger:108 - [L1][signal] [2024-10-08] QQQ: ELIGIBLE (Price 489.30 > SMA 471.77). Distance: 3.72% | Threshold: > 0%
2026-02-25 15:17:55,853 - US_ETF_Swing_Strategy - INFO - strategyLogger:108 - [L1][signal] [2024-10-08] VGT: ELIGIBLE (Price 591.43 > SMA 565.78). Distance: 4.53% | Threshold: > 0%
2026-02-25 15:17:55,854 - US_ETF_Swing_Strategy - INFO - strategyLogger:108 - [L1][execution] [2024-10-09] SLOTS: 4 Occupied / 4 Total
2026-02-25 15:17:55,858 - US_ETF_Swing_Strategy - INFO - strategyLogger:108 - [L1][signal] [2024-10-09] GLD: ELIGIBLE (Price 241.05 > SMA 226.44). Distance: 6.45% | Threshold: > 0%
2026-02-25 15:17:55,863 - US_ETF_Swing_Strategy - INFO - strategyLogger:108 - [L1][signal] [2024-10-09] IWM: ELIGIBLE (Price 218.06 > SMA 211.08). Distance: 3.31% | Threshold: > 0%
2026-02-25 15:17:55,865 - US_ETF_Swing_Strategy - INFO - strategyLogger:108 - [L1][signal] [2024-10-09] SLV: ELIGIBLE (Price 27.86 > SMA 27.19). Distance: 2.45% | Threshold: > 0%
2026-02-25 15:17:55,868 - US_ETF_Swing_Strategy - INFO - strategyLogger:108 - [L1][signal] [2024-10-09] QQQ: ELIGIBLE (Price 493.15 > SMA 472.18). Distance: 4.44% | Threshold: > 0%
2026-02-25 15:17:55,869 - US_ETF_Swing_Strategy - INFO - strategyLogger:108 - [L1][signal] [2024-10-09] VGT: ELIGIBLE (Price 598.05 > SMA 566.42). Distance: 5.58% | Threshold: > 0%
2026-02-25 15:17:55,871 - US_ETF_Swing_Strategy - INFO - strategyLogger:108 - [L1][execution] [2024-10-10] SLOTS: 4 Occupied / 4 Total
2026-02-25 15:17:55,879 - US_ETF_Swing_Strategy - INFO - strategyLogger:108 - [L1][signal] [2024-10-10] GLD: ELIGIBLE (Price 242.82 > SMA 226.63). Distance: 7.14% | Threshold: > 0%
2026-02-25 15:17:55,881 - US_ETF_Swing_Strategy - INFO - strategyLogger:108 - [L1][signal] [2024-10-10] IWM: ELIGIBLE (Price 216.85 > SMA 211.17). Distance: 2.69% | Threshold: > 0%
2026-02-25 15:17:55,884 - US_ETF_Swing_Strategy - INFO - strategyLogger:108 - [L1][signal] [2024-10-10] SLV: ELIGIBLE (Price 28.38 > SMA 27.19). Distance: 4.38% | Threshold: > 0%
2026-02-25 15:17:55,885 - US_ETF_Swing_Strategy - INFO - strategyLogger:108 - [L1][signal] [2024-10-10] QQQ: ELIGIBLE (Price 492.59 > SMA 472.59). Distance: 4.23% | Threshold: > 0%
2026-02-25 15:17:55,887 - US_ETF_Swing_Strategy - INFO - strategyLogger:108 - [L1][signal] [2024-10-10] VGT: ELIGIBLE (Price 598.59 > SMA 567.08). Distance: 5.56% | Threshold: > 0%
2026-02-25 15:17:55,889 - US_ETF_Swing_Strategy - INFO - strategyLogger:108 - [L1][execution] [2024-10-11] SLOTS: 4 Occupied / 4 Total
2026-02-25 15:17:55,900 - US_ETF_Swing_Strategy - INFO - strategyLogger:108 - [L1][signal] [2024-10-11] GLD: ELIGIBLE (Price 245.47 > SMA 226.84). Distance: 8.21% | Threshold: > 0%
2026-02-25 15:17:55,902 - US_ETF_Swing_Strategy - INFO - strategyLogger:108 - [L1][signal] [2024-10-11] IWM: ELIGIBLE (Price 221.26 > SMA 211.29). Distance: 4.72% | Threshold: > 0%
2026-02-25 15:17:55,904 - US_ETF_Swing_Strategy - INFO - strategyLogger:108 - [L1][signal] [2024-10-11] SLV: ELIGIBLE (Price 28.80 > SMA 27.19). Distance: 5.93% | Threshold: > 0%
2026-02-25 15:17:55,906 - US_ETF_Swing_Strategy - INFO - strategyLogger:108 - [L1][signal] [2024-10-11] QQQ: ELIGIBLE (Price 493.36 > SMA 472.98). Distance: 4.31% | Threshold: > 0%
2026-02-25 15:17:55,911 - US_ETF_Swing_Strategy - INFO - strategyLogger:108 - [L1][signal] [2024-10-11] VGT: ELIGIBLE (Price 600.44 > SMA 567.69). Distance: 5.77% | Threshold: > 0%
2026-02-25 15:17:55,914 - US_ETF_Swing_Strategy - INFO - strategyLogger:108 - [L1][execution] [2024-10-14] SLOTS: 4 Occupied / 4 Total
2026-02-25 15:17:55,918 - US_ETF_Swing_Strategy - INFO - strategyLogger:108 - [L1][signal] [2024-10-14] GLD: ELIGIBLE (Price 245.07 > SMA 227.05). Distance: 7.94% | Threshold: > 0%
2026-02-25 15:17:55,919 - US_ETF_Swing_Strategy - INFO - strategyLogger:108 - [L1][signal] [2024-10-14] IWM: ELIGIBLE (Price 222.89 > SMA 211.44). Distance: 5.42% | Threshold: > 0%
2026-02-25 15:17:55,922 - US_ETF_Swing_Strategy - INFO - strategyLogger:108 - [L1][signal] [2024-10-14] SLV: ELIGIBLE (Price 28.54 > SMA 27.18). Distance: 5.01% | Threshold: > 0%
2026-02-25 15:17:55,925 - US_ETF_Swing_Strategy - INFO - strategyLogger:108 - [L1][signal] [2024-10-14] QQQ: ELIGIBLE (Price 497.50 > SMA 473.39). Distance: 5.09% | Threshold: > 0%
2026-02-25 15:17:55,931 - US_ETF_Swing_Strategy - INFO - strategyLogger:108 - [L1][signal] [2024-10-14] VGT: ELIGIBLE (Price 607.88 > SMA 568.37). Distance: 6.95% | Threshold: > 0%
2026-02-25 15:17:55,934 - US_ETF_Swing_Strategy - INFO - strategyLogger:108 - [L1][execution] [2024-10-15] SLOTS: 4 Occupied / 4 Total
2026-02-25 15:17:55,939 - US_ETF_Swing_Strategy - INFO - strategyLogger:108 - [L1][signal] [2024-10-15] GLD: ELIGIBLE (Price 245.92 > SMA 227.31). Distance: 8.19% | Threshold: > 0%
2026-02-25 15:17:55,944 - US_ETF_Swing_Strategy - INFO - strategyLogger:108 - [L1][signal] [2024-10-15] IWM: ELIGIBLE (Price 223.07 > SMA 211.60). Distance: 5.42% | Threshold: > 0%
2026-02-25 15:17:55,950 - US_ETF_Swing_Strategy - INFO - strategyLogger:108 - [L1][signal] [2024-10-15] SLV: ELIGIBLE (Price 28.71 > SMA 27.18). Distance: 5.61% | Threshold: > 0%
2026-02-25 15:17:55,953 - US_ETF_Swing_Strategy - INFO - strategyLogger:108 - [L1][signal] [2024-10-15] QQQ: ELIGIBLE (Price 490.85 > SMA 473.74). Distance: 3.61% | Threshold: > 0%
2026-02-25 15:17:55,955 - US_ETF_Swing_Strategy - INFO - strategyLogger:108 - [L1][signal] [2024-10-15] VGT: ELIGIBLE (Price 596.92 > SMA 568.94). Distance: 4.92% | Threshold: > 0%
2026-02-25 15:17:55,958 - US_ETF_Swing_Strategy - INFO - strategyLogger:108 - [L1][execution] [2024-10-16] SLOTS: 4 Occupied / 4 Total
2026-02-25 15:17:55,967 - US_ETF_Swing_Strategy - INFO - strategyLogger:108 - [L1][signal] [2024-10-16] GLD: ELIGIBLE (Price 247.15 > SMA 227.62). Distance: 8.58% | Threshold: > 0%
2026-02-25 15:17:55,969 - US_ETF_Swing_Strategy - INFO - strategyLogger:108 - [L1][signal] [2024-10-16] IWM: ELIGIBLE (Price 226.74 > SMA 211.84). Distance: 7.03% | Threshold: > 0%
2026-02-25 15:17:55,972 - US_ETF_Swing_Strategy - INFO - strategyLogger:108 - [L1][signal] [2024-10-16] SLV: ELIGIBLE (Price 28.91 > SMA 27.20). Distance: 6.30% | Threshold: > 0%
2026-02-25 15:17:55,974 - US_ETF_Swing_Strategy - INFO - strategyLogger:108 - [L1][signal] [2024-10-16] QQQ: ELIGIBLE (Price 490.91 > SMA 474.12). Distance: 3.54% | Threshold: > 0%
2026-02-25 15:17:55,981 - US_ETF_Swing_Strategy - INFO - strategyLogger:108 - [L1][signal] [2024-10-16] VGT: ELIGIBLE (Price 599.13 > SMA 569.53). Distance: 5.20% | Threshold: > 0%
2026-02-25 15:17:55,984 - US_ETF_Swing_Strategy - INFO - strategyLogger:108 - [L1][execution] [2024-10-17] SLOTS: 4 Occupied / 4 Total
2026-02-25 15:17:55,988 - US_ETF_Swing_Strategy - INFO - strategyLogger:108 - [L1][signal] [2024-10-17] GLD: ELIGIBLE (Price 248.63 > SMA 227.95). Distance: 9.07% | Threshold: > 0%
2026-02-25 15:17:55,989 - US_ETF_Swing_Strategy - INFO - strategyLogger:108 - [L1][signal] [2024-10-17] IWM: ELIGIBLE (Price 226.12 > SMA 212.04). Distance: 6.64% | Threshold: > 0%
2026-02-25 15:17:55,992 - US_ETF_Swing_Strategy - INFO - strategyLogger:108 - [L1][signal] [2024-10-17] SLV: ELIGIBLE (Price 28.89 > SMA 27.21). Distance: 6.18% | Threshold: > 0%
2026-02-25 15:17:55,998 - US_ETF_Swing_Strategy - INFO - strategyLogger:108 - [L1][signal] [2024-10-17] QQQ: ELIGIBLE (Price 491.25 > SMA 474.45). Distance: 3.54% | Threshold: > 0%
2026-02-25 15:17:55,999 - US_ETF_Swing_Strategy - INFO - strategyLogger:108 - [L1][signal] [2024-10-17] VGT: ELIGIBLE (Price 601.49 > SMA 570.10). Distance: 5.51% | Threshold: > 0%
2026-02-25 15:17:56,001 - US_ETF_Swing_Strategy - INFO - strategyLogger:108 - [L1][execution] [2024-10-18] SLOTS: 4 Occupied / 4 Total
2026-02-25 15:17:56,006 - US_ETF_Swing_Strategy - INFO - strategyLogger:108 - [L1][signal] [2024-10-18] GLD: ELIGIBLE (Price 251.27 > SMA 228.28). Distance: 10.07% | Threshold: > 0%
2026-02-25 15:17:56,009 - US_ETF_Swing_Strategy - INFO - strategyLogger:108 - [L1][signal] [2024-10-18] IWM: ELIGIBLE (Price 225.65 > SMA 212.25). Distance: 6.31% | Threshold: > 0%
2026-02-25 15:17:56,014 - US_ETF_Swing_Strategy - INFO - strategyLogger:108 - [L1][signal] [2024-10-18] SLV: ELIGIBLE (Price 30.64 > SMA 27.22). Distance: 12.55% | Threshold: > 0%
2026-02-25 15:17:56,015 - US_ETF_Swing_Strategy - INFO - strategyLogger:108 - [L1][signal] [2024-10-18] QQQ: ELIGIBLE (Price 494.47 > SMA 474.80). Distance: 4.14% | Threshold: > 0%
2026-02-25 15:17:56,018 - US_ETF_Swing_Strategy - INFO - strategyLogger:108 - [L1][signal] [2024-10-18] VGT: ELIGIBLE (Price 603.56 > SMA 570.63). Distance: 5.77% | Threshold: > 0%
2026-02-25 15:17:56,019 - US_ETF_Swing_Strategy - INFO - strategyLogger:108 - [L1][execution] [2024-10-21] SLOTS: 4 Occupied / 4 Total
2026-02-25 15:17:56,023 - US_ETF_Swing_Strategy - INFO - strategyLogger:108 - [L1][signal] [2024-10-21] GLD: ELIGIBLE (Price 251.22 > SMA 228.63). Distance: 9.88% | Threshold: > 0%
2026-02-25 15:17:56,026 - US_ETF_Swing_Strategy - INFO - strategyLogger:108 - [L1][signal] [2024-10-21] IWM: ELIGIBLE (Price 222.10 > SMA 212.45). Distance: 4.54% | Threshold: > 0%
2026-02-25 15:17:56,030 - US_ETF_Swing_Strategy - INFO - strategyLogger:108 - [L1][signal] [2024-10-21] SLV: ELIGIBLE (Price 30.85 > SMA 27.24). Distance: 13.25% | Threshold: > 0%
2026-02-25 15:17:56,032 - US_ETF_Swing_Strategy - INFO - strategyLogger:108 - [L1][signal] [2024-10-21] QQQ: ELIGIBLE (Price 495.42 > SMA 475.19). Distance: 4.26% | Threshold: > 0%
2026-02-25 15:17:56,035 - US_ETF_Swing_Strategy - INFO - strategyLogger:108 - [L1][signal] [2024-10-21] VGT: ELIGIBLE (Price 606.93 > SMA 571.22). Distance: 6.25% | Threshold: > 0%
2026-02-25 15:17:56,036 - US_ETF_Swing_Strategy - INFO - strategyLogger:108 - [L1][execution] [2024-10-22] SLOTS: 4 Occupied / 4 Total
2026-02-25 15:17:56,041 - US_ETF_Swing_Strategy - INFO - strategyLogger:108 - [L1][signal] [2024-10-22] GLD: ELIGIBLE (Price 253.93 > SMA 229.01). Distance: 10.88% | Threshold: > 0%
2026-02-25 15:17:56,043 - US_ETF_Swing_Strategy - INFO - strategyLogger:108 - [L1][signal] [2024-10-22] IWM: ELIGIBLE (Price 221.26 > SMA 212.62). Distance: 4.06% | Threshold: > 0%
2026-02-25 15:17:56,047 - US_ETF_Swing_Strategy - INFO - strategyLogger:108 - [L1][signal] [2024-10-22] SLV: ELIGIBLE (Price 31.74 > SMA 27.27). Distance: 16.38% | Threshold: > 0%
2026-02-25 15:17:56,050 - US_ETF_Swing_Strategy - INFO - strategyLogger:108 - [L1][signal] [2024-10-22] QQQ: ELIGIBLE (Price 495.96 > SMA 475.63). Distance: 4.27% | Threshold: > 0%
2026-02-25 15:17:56,051 - US_ETF_Swing_Strategy - INFO - strategyLogger:108 - [L1][signal] [2024-10-22] VGT: ELIGIBLE (Price 606.51 > SMA 571.94). Distance: 6.05% | Threshold: > 0%
2026-02-25 15:17:56,053 - US_ETF_Swing_Strategy - INFO - strategyLogger:108 - [L1][execution] [2024-10-23] SLOTS: 4 Occupied / 4 Total
2026-02-25 15:17:56,057 - US_ETF_Swing_Strategy - INFO - strategyLogger:108 - [L1][signal] [2024-10-23] GLD: ELIGIBLE (Price 250.87 > SMA 229.36). Distance: 9.38% | Threshold: > 0%
2026-02-25 15:17:56,060 - US_ETF_Swing_Strategy - INFO - strategyLogger:108 - [L1][signal] [2024-10-23] IWM: ELIGIBLE (Price 219.24 > SMA 212.76). Distance: 3.05% | Threshold: > 0%
2026-02-25 15:17:56,063 - US_ETF_Swing_Strategy - INFO - strategyLogger:108 - [L1][signal] [2024-10-23] SLV: ELIGIBLE (Price 30.71 > SMA 27.30). Distance: 12.48% | Threshold: > 0%
2026-02-25 15:17:56,066 - US_ETF_Swing_Strategy - INFO - strategyLogger:108 - [L1][signal] [2024-10-23] QQQ: ELIGIBLE (Price 488.36 > SMA 476.01). Distance: 2.59% | Threshold: > 0%
2026-02-25 15:17:56,067 - US_ETF_Swing_Strategy - INFO - strategyLogger:108 - [L1][signal] [2024-10-23] VGT: ELIGIBLE (Price 597.09 > SMA 572.56). Distance: 4.28% | Threshold: > 0%
2026-02-25 15:17:56,069 - US_ETF_Swing_Strategy - INFO - strategyLogger:108 - [L1][execution] [2024-10-24] SLOTS: 4 Occupied / 4 Total
2026-02-25 15:17:56,073 - US_ETF_Swing_Strategy - INFO - strategyLogger:108 - [L1][signal] [2024-10-24] GLD: ELIGIBLE (Price 252.80 > SMA 229.72). Distance: 10.05% | Threshold: > 0%
2026-02-25 15:17:56,076 - US_ETF_Swing_Strategy - INFO - strategyLogger:108 - [L1][signal] [2024-10-24] IWM: ELIGIBLE (Price 219.72 > SMA 212.91). Distance: 3.20% | Threshold: > 0%
2026-02-25 15:17:56,081 - US_ETF_Swing_Strategy - INFO - strategyLogger:108 - [L1][signal] [2024-10-24] SLV: ELIGIBLE (Price 30.69 > SMA 27.33). Distance: 12.29% | Threshold: > 0%
2026-02-25 15:17:56,082 - US_ETF_Swing_Strategy - INFO - strategyLogger:108 - [L1][signal] [2024-10-24] QQQ: ELIGIBLE (Price 492.32 > SMA 476.40). Distance: 3.34% | Threshold: > 0%
2026-02-25 15:17:56,084 - US_ETF_Swing_Strategy - INFO - strategyLogger:108 - [L1][signal] [2024-10-24] VGT: ELIGIBLE (Price 599.12 > SMA 573.18). Distance: 4.53% | Threshold: > 0%
2026-02-25 15:17:56,085 - US_ETF_Swing_Strategy - INFO - strategyLogger:108 - [L1][execution] [2024-10-25] SLOTS: 4 Occupied / 4 Total
2026-02-25 15:17:56,089 - US_ETF_Swing_Strategy - INFO - strategyLogger:108 - [L1][signal] [2024-10-25] GLD: ELIGIBLE (Price 253.32 > SMA 230.10). Distance: 10.09% | Threshold: > 0%
2026-02-25 15:17:56,092 - US_ETF_Swing_Strategy - INFO - strategyLogger:108 - [L1][signal] [2024-10-25] IWM: ELIGIBLE (Price 218.89 > SMA 213.08). Distance: 2.73% | Threshold: > 0%
2026-02-25 15:17:56,096 - US_ETF_Swing_Strategy - INFO - strategyLogger:108 - [L1][signal] [2024-10-25] SLV: ELIGIBLE (Price 30.63 > SMA 27.37). Distance: 11.92% | Threshold: > 0%
2026-02-25 15:17:56,099 - US_ETF_Swing_Strategy - INFO - strategyLogger:108 - [L1][signal] [2024-10-25] QQQ: ELIGIBLE (Price 495.32 > SMA 476.81). Distance: 3.88% | Threshold: > 0%
2026-02-25 15:17:56,100 - US_ETF_Swing_Strategy - INFO - strategyLogger:108 - [L1][signal] [2024-10-25] VGT: ELIGIBLE (Price 601.96 > SMA 573.82). Distance: 4.90% | Threshold: > 0%
2026-02-25 15:17:56,102 - US_ETF_Swing_Strategy - INFO - strategyLogger:108 - [L1][execution] [2024-10-28] SLOTS: 4 Occupied / 4 Total
2026-02-25 15:17:56,105 - US_ETF_Swing_Strategy - INFO - strategyLogger:108 - [L1][signal] [2024-10-28] GLD: ELIGIBLE (Price 253.33 > SMA 230.45). Distance: 9.93% | Threshold: > 0%
2026-02-25 15:17:56,108 - US_ETF_Swing_Strategy - INFO - strategyLogger:108 - [L1][signal] [2024-10-28] IWM: ELIGIBLE (Price 222.46 > SMA 213.25). Distance: 4.32% | Threshold: > 0%
2026-02-25 15:17:56,113 - US_ETF_Swing_Strategy - INFO - strategyLogger:108 - [L1][signal] [2024-10-28] SLV: ELIGIBLE (Price 30.73 > SMA 27.40). Distance: 12.15% | Threshold: > 0%
2026-02-25 15:17:56,113 - US_ETF_Swing_Strategy - INFO - strategyLogger:108 - [L1][signal] [2024-10-28] QQQ: ELIGIBLE (Price 495.40 > SMA 477.13). Distance: 3.83% | Threshold: > 0%
2026-02-25 15:17:56,116 - US_ETF_Swing_Strategy - INFO - strategyLogger:108 - [L1][signal] [2024-10-28] VGT: ELIGIBLE (Price 603.19 > SMA 574.34). Distance: 5.02% | Threshold: > 0%
2026-02-25 15:17:56,118 - US_ETF_Swing_Strategy - INFO - strategyLogger:108 - [L1][execution] [2024-10-29] SLOTS: 4 Occupied / 4 Total
2026-02-25 15:17:56,122 - US_ETF_Swing_Strategy - INFO - strategyLogger:108 - [L1][signal] [2024-10-29] GLD: ELIGIBLE (Price 256.09 > SMA 230.82). Distance: 10.95% | Threshold: > 0%
2026-02-25 15:17:56,124 - US_ETF_Swing_Strategy - INFO - strategyLogger:108 - [L1][signal] [2024-10-29] IWM: ELIGIBLE (Price 221.74 > SMA 213.43). Distance: 3.89% | Threshold: > 0%
2026-02-25 15:17:56,128 - US_ETF_Swing_Strategy - INFO - strategyLogger:108 - [L1][signal] [2024-10-29] SLV: ELIGIBLE (Price 31.39 > SMA 27.43). Distance: 14.44% | Threshold: > 0%
2026-02-25 15:17:56,131 - US_ETF_Swing_Strategy - INFO - strategyLogger:108 - [L1][signal] [2024-10-29] QQQ: ELIGIBLE (Price 500.16 > SMA 477.50). Distance: 4.75% | Threshold: > 0%
2026-02-25 15:17:56,132 - US_ETF_Swing_Strategy - INFO - strategyLogger:108 - [L1][signal] [2024-10-29] VGT: ELIGIBLE (Price 610.32 > SMA 574.94). Distance: 6.15% | Threshold: > 0%
2026-02-25 15:17:56,135 - US_ETF_Swing_Strategy - INFO - strategyLogger:108 - [L1][execution] [2024-10-30] SLOTS: 4 Occupied / 4 Total
2026-02-25 15:17:56,139 - US_ETF_Swing_Strategy - INFO - strategyLogger:108 - [L1][signal] [2024-10-30] GLD: ELIGIBLE (Price 257.50 > SMA 231.28). Distance: 11.34% | Threshold: > 0%
2026-02-25 15:17:56,141 - US_ETF_Swing_Strategy - INFO - strategyLogger:108 - [L1][signal] [2024-10-30] IWM: ELIGIBLE (Price 221.44 > SMA 213.63). Distance: 3.65% | Threshold: > 0%
2026-02-25 15:17:56,147 - US_ETF_Swing_Strategy - INFO - strategyLogger:108 - [L1][signal] [2024-10-30] SLV: ELIGIBLE (Price 30.81 > SMA 27.47). Distance: 12.16% | Threshold: > 0%
2026-02-25 15:17:56,150 - US_ETF_Swing_Strategy - INFO - strategyLogger:108 - [L1][signal] [2024-10-30] QQQ: ELIGIBLE (Price 496.38 > SMA 477.83). Distance: 3.88% | Threshold: > 0%
2026-02-25 15:17:56,151 - US_ETF_Swing_Strategy - INFO - strategyLogger:108 - [L1][signal] [2024-10-30] VGT: ELIGIBLE (Price 602.32 > SMA 575.47). Distance: 4.67% | Threshold: > 0%
2026-02-25 15:17:56,153 - US_ETF_Swing_Strategy - INFO - strategyLogger:108 - [L1][execution] [2024-10-31] SLOTS: 4 Occupied / 4 Total
2026-02-25 15:17:56,156 - US_ETF_Swing_Strategy - INFO - strategyLogger:108 - [L1][signal] [2024-10-31] GLD: ELIGIBLE (Price 253.51 > SMA 231.68). Distance: 9.42% | Threshold: > 0%
2026-02-25 15:17:56,158 - US_ETF_Swing_Strategy - INFO - strategyLogger:108 - [L1][signal] [2024-10-31] IWM: ELIGIBLE (Price 217.76 > SMA 213.79). Distance: 1.86% | Threshold: > 0%
2026-02-25 15:17:56,163 - US_ETF_Swing_Strategy - INFO - strategyLogger:108 - [L1][signal] [2024-10-31] SLV: ELIGIBLE (Price 29.81 > SMA 27.50). Distance: 8.41% | Threshold: > 0%
2026-02-25 15:17:56,165 - US_ETF_Swing_Strategy - INFO - strategyLogger:108 - [L1][signal] [2024-10-31] QQQ: ELIGIBLE (Price 483.85 > SMA 478.02). Distance: 1.22% | Threshold: > 0%
2026-02-25 15:17:56,167 - US_ETF_Swing_Strategy - INFO - strategyLogger:108 - [L1][signal] [2024-10-31] VGT: ELIGIBLE (Price 582.30 > SMA 575.77). Distance: 1.13% | Threshold: > 0%
2026-02-25 15:17:56,169 - US_ETF_Swing_Strategy - INFO - strategyLogger:108 - [L1][execution] [2024-11-01] SLOTS: 4 Occupied / 4 Total
2026-02-25 15:17:56,174 - US_ETF_Swing_Strategy - INFO - strategyLogger:108 - [L1][signal] [2024-11-01] GLD: ELIGIBLE (Price 252.47 > SMA 232.06). Distance: 8.79% | Threshold: > 0%
2026-02-25 15:17:56,180 - US_ETF_Swing_Strategy - INFO - strategyLogger:108 - [L1][signal] [2024-11-01] IWM: ELIGIBLE (Price 218.98 > SMA 213.98). Distance: 2.34% | Threshold: > 0%
2026-02-25 15:17:56,181 - US_ETF_Swing_Strategy - INFO - strategyLogger:108 - [L1][signal] [2024-11-01] SLV: ELIGIBLE (Price 29.54 > SMA 27.53). Distance: 7.32% | Threshold: > 0%
2026-02-25 15:17:56,184 - US_ETF_Swing_Strategy - INFO - strategyLogger:108 - [L1][signal] [2024-11-01] QQQ: ELIGIBLE (Price 487.43 > SMA 478.21). Distance: 1.93% | Threshold: > 0%
2026-02-25 15:17:56,185 - US_ETF_Swing_Strategy - INFO - strategyLogger:108 - [L1][signal] [2024-11-01] VGT: ELIGIBLE (Price 586.47 > SMA 576.04). Distance: 1.81% | Threshold: > 0%
2026-02-25 15:17:56,188 - US_ETF_Swing_Strategy - INFO - strategyLogger:108 - [L1][execution] [2024-11-04] SLOTS: 4 Occupied / 4 Total
2026-02-25 15:17:56,192 - US_ETF_Swing_Strategy - INFO - strategyLogger:108 - [L1][signal] [2024-11-04] GLD: ELIGIBLE (Price 252.83 > SMA 232.44). Distance: 8.77% | Threshold: > 0%
2026-02-25 15:17:56,196 - US_ETF_Swing_Strategy - INFO - strategyLogger:108 - [L1][signal] [2024-11-04] IWM: ELIGIBLE (Price 220.09 > SMA 214.14). Distance: 2.78% | Threshold: > 0%
2026-02-25 15:17:56,197 - US_ETF_Swing_Strategy - INFO - strategyLogger:108 - [L1][signal] [2024-11-04] SLV: ELIGIBLE (Price 29.63 > SMA 27.55). Distance: 7.54% | Threshold: > 0%
2026-02-25 15:17:56,200 - US_ETF_Swing_Strategy - INFO - strategyLogger:108 - [L1][signal] [2024-11-04] QQQ: ELIGIBLE (Price 486.01 > SMA 478.33). Distance: 1.60% | Threshold: > 0%
2026-02-25 15:17:56,202 - US_ETF_Swing_Strategy - INFO - strategyLogger:108 - [L1][signal] [2024-11-04] VGT: ELIGIBLE (Price 585.90 > SMA 576.19). Distance: 1.69% | Threshold: > 0%
2026-02-25 15:17:56,203 - US_ETF_Swing_Strategy - INFO - strategyLogger:108 - [L1][execution] [2024-11-05] SLOTS: 4 Occupied / 4 Total
2026-02-25 15:17:56,206 - US_ETF_Swing_Strategy - INFO - strategyLogger:108 - [L1][signal] [2024-11-05] GLD: ELIGIBLE (Price 253.40 > SMA 232.85). Distance: 8.83% | Threshold: > 0%
2026-02-25 15:17:56,208 - US_ETF_Swing_Strategy - INFO - strategyLogger:108 - [L1][signal] [2024-11-05] IWM: ELIGIBLE (Price 224.23 > SMA 214.36). Distance: 4.60% | Threshold: > 0%
2026-02-25 15:17:56,212 - US_ETF_Swing_Strategy - INFO - strategyLogger:108 - [L1][signal] [2024-11-05] SLV: ELIGIBLE (Price 29.75 > SMA 27.58). Distance: 7.85% | Threshold: > 0%
2026-02-25 15:17:56,215 - US_ETF_Swing_Strategy - INFO - strategyLogger:108 - [L1][signal] [2024-11-05] QQQ: ELIGIBLE (Price 492.21 > SMA 478.49). Distance: 2.87% | Threshold: > 0%
2026-02-25 15:17:56,217 - US_ETF_Swing_Strategy - INFO - strategyLogger:108 - [L1][signal] [2024-11-05] VGT: ELIGIBLE (Price 594.39 > SMA 576.36). Distance: 3.13% | Threshold: > 0%
2026-02-25 15:17:56,218 - US_ETF_Swing_Strategy - INFO - strategyLogger:108 - [L1][execution] [2024-11-06] SLOTS: 4 Occupied / 4 Total
2026-02-25 15:17:56,221 - US_ETF_Swing_Strategy - INFO - strategyLogger:108 - [L1][signal] [2024-11-06] GLD: ELIGIBLE (Price 245.70 > SMA 233.15). Distance: 5.38% | Threshold: > 0%
2026-02-25 15:17:56,223 - US_ETF_Swing_Strategy - INFO - strategyLogger:108 - [L1][signal] [2024-11-06] IWM: ELIGIBLE (Price 237.22 > SMA 214.75). Distance: 10.46% | Threshold: > 0%
2026-02-25 15:17:56,226 - US_ETF_Swing_Strategy - INFO - strategyLogger:108 - [L1][signal] [2024-11-06] SLV: ELIGIBLE (Price 28.43 > SMA 27.60). Distance: 3.01% | Threshold: > 0%
2026-02-25 15:17:56,229 - US_ETF_Swing_Strategy - INFO - strategyLogger:108 - [L1][signal] [2024-11-06] QQQ: ELIGIBLE (Price 505.58 > SMA 478.75). Distance: 5.60% | Threshold: > 0%
2026-02-25 15:17:56,231 - US_ETF_Swing_Strategy - INFO - strategyLogger:108 - [L1][signal] [2024-11-06] VGT: ELIGIBLE (Price 613.01 > SMA 576.69). Distance: 6.30% | Threshold: > 0%
2026-02-25 15:17:56,233 - US_ETF_Swing_Strategy - INFO - strategyLogger:108 - [L1][execution] [2024-11-07] SLOTS: 4 Occupied / 4 Total
2026-02-25 15:17:56,238 - US_ETF_Swing_Strategy - INFO - strategyLogger:108 - [L1][signal] [2024-11-07] GLD: ELIGIBLE (Price 249.65 > SMA 233.50). Distance: 6.92% | Threshold: > 0%
2026-02-25 15:17:56,244 - US_ETF_Swing_Strategy - INFO - strategyLogger:108 - [L1][signal] [2024-11-07] IWM: ELIGIBLE (Price 236.38 > SMA 215.11). Distance: 9.89% | Threshold: > 0%
2026-02-25 15:17:56,248 - US_ETF_Swing_Strategy - INFO - strategyLogger:108 - [L1][signal] [2024-11-07] SLV: ELIGIBLE (Price 29.11 > SMA 27.62). Distance: 5.39% | Threshold: > 0%
2026-02-25 15:17:56,250 - US_ETF_Swing_Strategy - INFO - strategyLogger:108 - [L1][signal] [2024-11-07] QQQ: ELIGIBLE (Price 513.54 > SMA 479.04). Distance: 7.20% | Threshold: > 0%
2026-02-25 15:17:56,250 - US_ETF_Swing_Strategy - INFO - strategyLogger:108 - [L1][signal] [2024-11-07] VGT: ELIGIBLE (Price 625.57 > SMA 577.08). Distance: 8.40% | Threshold: > 0%
2026-02-25 15:17:56,253 - US_ETF_Swing_Strategy - INFO - strategyLogger:108 - [L1][execution] [2024-11-08] SLOTS: 4 Occupied / 4 Total
2026-02-25 15:17:56,256 - US_ETF_Swing_Strategy - INFO - strategyLogger:108 - [L1][signal] [2024-11-08] GLD: ELIGIBLE (Price 247.96 > SMA 233.82). Distance: 6.05% | Threshold: > 0%
2026-02-25 15:17:56,261 - US_ETF_Swing_Strategy - INFO - strategyLogger:108 - [L1][signal] [2024-11-08] IWM: ELIGIBLE (Price 238.12 > SMA 215.48). Distance: 10.51% | Threshold: > 0%
2026-02-25 15:17:56,263 - US_ETF_Swing_Strategy - INFO - strategyLogger:108 - [L1][signal] [2024-11-08] SLV: ELIGIBLE (Price 28.48 > SMA 27.64). Distance: 3.05% | Threshold: > 0%
2026-02-25 15:17:56,265 - US_ETF_Swing_Strategy - INFO - strategyLogger:108 - [L1][signal] [2024-11-08] QQQ: ELIGIBLE (Price 514.14 > SMA 479.33). Distance: 7.26% | Threshold: > 0%
2026-02-25 15:17:56,267 - US_ETF_Swing_Strategy - INFO - strategyLogger:108 - [L1][signal] [2024-11-08] VGT: ELIGIBLE (Price 624.47 > SMA 577.44). Distance: 8.14% | Threshold: > 0%
2026-02-25 15:17:56,268 - US_ETF_Swing_Strategy - INFO - strategyLogger:108 - [L1][execution] [2024-11-11] SLOTS: 4 Occupied / 4 Total
2026-02-25 15:17:56,272 - US_ETF_Swing_Strategy - INFO - strategyLogger:108 - [L1][signal] [2024-11-11] GLD: ELIGIBLE (Price 242.14 > SMA 234.06). Distance: 3.45% | Threshold: > 0%
2026-02-25 15:17:56,274 - US_ETF_Swing_Strategy - INFO - strategyLogger:108 - [L1][signal] [2024-11-11] IWM: ELIGIBLE (Price 241.70 > SMA 215.90). Distance: 11.95% | Threshold: > 0%
2026-02-25 15:17:56,279 - US_ETF_Swing_Strategy - INFO - strategyLogger:108 - [L1][signal] [2024-11-11] SLV: ELIGIBLE (Price 27.97 > SMA 27.64). Distance: 1.21% | Threshold: > 0%
2026-02-25 15:17:56,281 - US_ETF_Swing_Strategy - INFO - strategyLogger:108 - [L1][signal] [2024-11-11] QQQ: ELIGIBLE (Price 513.84 > SMA 479.65). Distance: 7.13% | Threshold: > 0%
2026-02-25 15:17:56,284 - US_ETF_Swing_Strategy - INFO - strategyLogger:108 - [L1][signal] [2024-11-11] VGT: ELIGIBLE (Price 621.92 > SMA 577.85). Distance: 7.63% | Threshold: > 0%
2026-02-25 15:17:56,286 - US_ETF_Swing_Strategy - INFO - strategyLogger:108 - [L1][execution] [2024-11-12] SLOTS: 4 Occupied / 4 Total
2026-02-25 15:17:56,290 - US_ETF_Swing_Strategy - INFO - strategyLogger:108 - [L1][signal] [2024-11-12] GLD: ELIGIBLE (Price 240.05 > SMA 234.31). Distance: 2.45% | Threshold: > 0%
2026-02-25 15:17:56,293 - US_ETF_Swing_Strategy - INFO - strategyLogger:108 - [L1][signal] [2024-11-12] IWM: ELIGIBLE (Price 237.46 > SMA 216.27). Distance: 9.80% | Threshold: > 0%
2026-02-25 15:17:56,297 - US_ETF_Swing_Strategy - INFO - strategyLogger:108 - [L1][signal] [2024-11-12] SLV: ELIGIBLE (Price 28.07 > SMA 27.65). Distance: 1.53% | Threshold: > 0%
2026-02-25 15:17:56,299 - US_ETF_Swing_Strategy - INFO - strategyLogger:108 - [L1][signal] [2024-11-12] QQQ: ELIGIBLE (Price 512.91 > SMA 479.98). Distance: 6.86% | Threshold: > 0%
2026-02-25 15:17:56,301 - US_ETF_Swing_Strategy - INFO - strategyLogger:108 - [L1][signal] [2024-11-12] VGT: ELIGIBLE (Price 623.01 > SMA 578.31). Distance: 7.73% | Threshold: > 0%
2026-02-25 15:17:56,303 - US_ETF_Swing_Strategy - INFO - strategyLogger:108 - [L1][execution] [2024-11-13] SLOTS: 4 Occupied / 4 Total
2026-02-25 15:17:56,309 - US_ETF_Swing_Strategy - INFO - strategyLogger:108 - [L1][signal] [2024-11-13] GLD: ELIGIBLE (Price 237.63 > SMA 234.53). Distance: 1.32% | Threshold: > 0%
2026-02-25 15:17:56,312 - US_ETF_Swing_Strategy - INFO - strategyLogger:108 - [L1][signal] [2024-11-13] IWM: ELIGIBLE (Price 235.11 > SMA 216.61). Distance: 8.54% | Threshold: > 0%
2026-02-25 15:17:56,315 - US_ETF_Swing_Strategy - INFO - strategyLogger:108 - [L1][signal] [2024-11-13] QQQ: ELIGIBLE (Price 512.25 > SMA 480.36). Distance: 6.64% | Threshold: > 0%
2026-02-25 15:17:56,317 - US_ETF_Swing_Strategy - INFO - strategyLogger:108 - [L1][signal] [2024-11-13] VGT: ELIGIBLE (Price 620.50 > SMA 578.84). Distance: 7.20% | Threshold: > 0%
2026-02-25 15:17:56,319 - US_ETF_Swing_Strategy - INFO - strategyLogger:108 - [L1][execution] [2024-11-14] SLOTS: 4 Occupied / 4 Total
2026-02-25 15:17:56,322 - US_ETF_Swing_Strategy - INFO - strategyLogger:108 - [L1][signal] [2024-11-14] GLD: ELIGIBLE (Price 237.01 > SMA 234.76). Distance: 0.96% | Threshold: > 0%
2026-02-25 15:17:56,324 - US_ETF_Swing_Strategy - INFO - strategyLogger:108 - [L1][signal] [2024-11-14] IWM: ELIGIBLE (Price 231.94 > SMA 216.92). Distance: 6.92% | Threshold: > 0%
2026-02-25 15:17:56,329 - US_ETF_Swing_Strategy - INFO - strategyLogger:108 - [L1][signal] [2024-11-14] SLV: ELIGIBLE (Price 27.81 > SMA 27.67). Distance: 0.52% | Threshold: > 0%
2026-02-25 15:17:56,331 - US_ETF_Swing_Strategy - INFO - strategyLogger:108 - [L1][signal] [2024-11-14] QQQ: ELIGIBLE (Price 508.69 > SMA 480.65). Distance: 5.83% | Threshold: > 0%
2026-02-25 15:17:56,333 - US_ETF_Swing_Strategy - INFO - strategyLogger:108 - [L1][signal] [2024-11-14] VGT: ELIGIBLE (Price 617.98 > SMA 579.27). Distance: 6.68% | Threshold: > 0%
2026-02-25 15:17:56,334 - US_ETF_Swing_Strategy - INFO - strategyLogger:108 - [L1][execution] [2024-11-15] SLOTS: 4 Occupied / 4 Total
2026-02-25 15:17:56,337 - US_ETF_Swing_Strategy - INFO - strategyLogger:108 - [L1][signal] [2024-11-15] GLD: ELIGIBLE (Price 236.59 > SMA 235.00). Distance: 0.68% | Threshold: > 0%
2026-02-25 15:17:56,339 - US_ETF_Swing_Strategy - INFO - strategyLogger:108 - [L1][signal] [2024-11-15] IWM: ELIGIBLE (Price 228.48 > SMA 217.21). Distance: 5.19% | Threshold: > 0%
2026-02-25 15:17:56,345 - US_ETF_Swing_Strategy - INFO - strategyLogger:108 - [L1][signal] [2024-11-15] QQQ: ELIGIBLE (Price 496.57 > SMA 480.82). Distance: 3.28% | Threshold: > 0%
2026-02-25 15:17:56,348 - US_ETF_Swing_Strategy - INFO - strategyLogger:108 - [L1][signal] [2024-11-15] VGT: ELIGIBLE (Price 602.95 > SMA 579.53). Distance: 4.04% | Threshold: > 0%
2026-02-25 15:17:56,350 - US_ETF_Swing_Strategy - INFO - strategyLogger:108 - [L1][execution] [2024-11-18] SLOTS: 4 Occupied / 4 Total
2026-02-25 15:17:56,353 - US_ETF_Swing_Strategy - INFO - strategyLogger:108 - [L1][signal] [2024-11-18] GLD: ELIGIBLE (Price 241.09 > SMA 235.26). Distance: 2.48% | Threshold: > 0%
2026-02-25 15:17:56,354 - US_ETF_Swing_Strategy - INFO - strategyLogger:108 - [L1][signal] [2024-11-18] IWM: ELIGIBLE (Price 228.93 > SMA 217.48). Distance: 5.27% | Threshold: > 0%
2026-02-25 15:17:56,356 - US_ETF_Swing_Strategy - INFO - strategyLogger:108 - [L1][signal] [2024-11-18] SLV: ELIGIBLE (Price 28.38 > SMA 27.70). Distance: 2.46% | Threshold: > 0%
2026-02-25 15:17:56,360 - US_ETF_Swing_Strategy - INFO - strategyLogger:108 - [L1][signal] [2024-11-18] QQQ: ELIGIBLE (Price 500.02 > SMA 481.00). Distance: 3.95% | Threshold: > 0%
2026-02-25 15:17:56,365 - US_ETF_Swing_Strategy - INFO - strategyLogger:108 - [L1][signal] [2024-11-18] VGT: ELIGIBLE (Price 604.72 > SMA 579.80). Distance: 4.30% | Threshold: > 0%
2026-02-25 15:17:56,366 - US_ETF_Swing_Strategy - INFO - strategyLogger:108 - [L1][execution] [2024-11-19] SLOTS: 4 Occupied / 4 Total
2026-02-25 15:17:56,369 - US_ETF_Swing_Strategy - INFO - strategyLogger:108 - [L1][signal] [2024-11-19] GLD: ELIGIBLE (Price 243.25 > SMA 235.54). Distance: 3.27% | Threshold: > 0%
2026-02-25 15:17:56,371 - US_ETF_Swing_Strategy - INFO - strategyLogger:108 - [L1][signal] [2024-11-19] IWM: ELIGIBLE (Price 230.63 > SMA 217.75). Distance: 5.91% | Threshold: > 0%
2026-02-25 15:17:56,373 - US_ETF_Swing_Strategy - INFO - strategyLogger:108 - [L1][signal] [2024-11-19] SLV: ELIGIBLE (Price 28.50 > SMA 27.72). Distance: 2.82% | Threshold: > 0%
2026-02-25 15:17:56,375 - US_ETF_Swing_Strategy - INFO - strategyLogger:108 - [L1][signal] [2024-11-19] QQQ: ELIGIBLE (Price 503.46 > SMA 481.24). Distance: 4.62% | Threshold: > 0%
2026-02-25 15:17:56,380 - US_ETF_Swing_Strategy - INFO - strategyLogger:108 - [L1][signal] [2024-11-19] VGT: ELIGIBLE (Price 612.17 > SMA 580.16). Distance: 5.52% | Threshold: > 0%
2026-02-25 15:17:56,381 - US_ETF_Swing_Strategy - INFO - strategyLogger:108 - [L1][execution] [2024-11-20] SLOTS: 4 Occupied / 4 Total
2026-02-25 15:17:56,391 - US_ETF_Swing_Strategy - INFO - strategyLogger:108 - [L1][signal] [2024-11-20] GLD: ELIGIBLE (Price 244.62 > SMA 235.83). Distance: 3.73% | Threshold: > 0%
2026-02-25 15:17:56,396 - US_ETF_Swing_Strategy - INFO - strategyLogger:108 - [L1][signal] [2024-11-20] IWM: ELIGIBLE (Price 230.93 > SMA 218.05). Distance: 5.91% | Threshold: > 0%
2026-02-25 15:17:56,399 - US_ETF_Swing_Strategy - INFO - strategyLogger:108 - [L1][signal] [2024-11-20] SLV: ELIGIBLE (Price 28.10 > SMA 27.73). Distance: 1.33% | Threshold: > 0%
2026-02-25 15:17:56,401 - US_ETF_Swing_Strategy - INFO - strategyLogger:108 - [L1][signal] [2024-11-20] QQQ: ELIGIBLE (Price 503.17 > SMA 481.46). Distance: 4.51% | Threshold: > 0%
2026-02-25 15:17:56,403 - US_ETF_Swing_Strategy - INFO - strategyLogger:108 - [L1][signal] [2024-11-20] VGT: ELIGIBLE (Price 612.82 > SMA 580.46). Distance: 5.57% | Threshold: > 0%
2026-02-25 15:17:56,406 - US_ETF_Swing_Strategy - INFO - strategyLogger:108 - [L1][execution] [2024-11-21] SLOTS: 4 Occupied / 4 Total
2026-02-25 15:17:56,414 - US_ETF_Swing_Strategy - INFO - strategyLogger:108 - [L1][signal] [2024-11-21] GLD: ELIGIBLE (Price 246.66 > SMA 236.14). Distance: 4.45% | Threshold: > 0%
2026-02-25 15:17:56,417 - US_ETF_Swing_Strategy - INFO - strategyLogger:108 - [L1][signal] [2024-11-21] IWM: ELIGIBLE (Price 234.44 > SMA 218.38). Distance: 7.36% | Threshold: > 0%
2026-02-25 15:17:56,419 - US_ETF_Swing_Strategy - INFO - strategyLogger:108 - [L1][signal] [2024-11-21] SLV: ELIGIBLE (Price 28.04 > SMA 27.74). Distance: 1.08% | Threshold: > 0%
2026-02-25 15:17:56,420 - US_ETF_Swing_Strategy - INFO - strategyLogger:108 - [L1][signal] [2024-11-21] QQQ: ELIGIBLE (Price 504.98 > SMA 481.64). Distance: 4.85% | Threshold: > 0%
2026-02-25 15:17:56,421 - US_ETF_Swing_Strategy - INFO - strategyLogger:108 - [L1][signal] [2024-11-21] VGT: ELIGIBLE (Price 619.28 > SMA 580.80). Distance: 6.63% | Threshold: > 0%
2026-02-25 15:17:56,423 - US_ETF_Swing_Strategy - INFO - strategyLogger:108 - [L1][execution] [2024-11-22] SLOTS: 4 Occupied / 4 Total
2026-02-25 15:17:56,430 - US_ETF_Swing_Strategy - INFO - strategyLogger:108 - [L1][signal] [2024-11-22] GLD: ELIGIBLE (Price 249.84 > SMA 236.46). Distance: 5.66% | Threshold: > 0%
2026-02-25 15:17:56,431 - US_ETF_Swing_Strategy - INFO - strategyLogger:108 - [L1][signal] [2024-11-22] IWM: ELIGIBLE (Price 238.77 > SMA 218.75). Distance: 9.15% | Threshold: > 0%
2026-02-25 15:17:56,433 - US_ETF_Swing_Strategy - INFO - strategyLogger:108 - [L1][signal] [2024-11-22] SLV: ELIGIBLE (Price 28.47 > SMA 27.75). Distance: 2.60% | Threshold: > 0%
2026-02-25 15:17:56,435 - US_ETF_Swing_Strategy - INFO - strategyLogger:108 - [L1][signal] [2024-11-22] QQQ: ELIGIBLE (Price 505.79 > SMA 481.78). Distance: 4.98% | Threshold: > 0%
2026-02-25 15:17:56,436 - US_ETF_Swing_Strategy - INFO - strategyLogger:108 - [L1][signal] [2024-11-22] VGT: ELIGIBLE (Price 621.58 > SMA 581.08). Distance: 6.97% | Threshold: > 0%
2026-02-25 15:17:56,438 - US_ETF_Swing_Strategy - INFO - strategyLogger:108 - [L1][execution] [2024-11-25] SLOTS: 4 Occupied / 4 Total
2026-02-25 15:17:56,446 - US_ETF_Swing_Strategy - INFO - strategyLogger:108 - [L1][signal] [2024-11-25] GLD: ELIGIBLE (Price 242.48 > SMA 236.68). Distance: 2.45% | Threshold: > 0%
2026-02-25 15:17:56,449 - US_ETF_Swing_Strategy - INFO - strategyLogger:108 - [L1][signal] [2024-11-25] IWM: ELIGIBLE (Price 242.40 > SMA 219.16). Distance: 10.60% | Threshold: > 0%
2026-02-25 15:17:56,451 - US_ETF_Swing_Strategy - INFO - strategyLogger:108 - [L1][signal] [2024-11-25] QQQ: ELIGIBLE (Price 506.59 > SMA 481.89). Distance: 5.13% | Threshold: > 0%
2026-02-25 15:17:56,453 - US_ETF_Swing_Strategy - INFO - strategyLogger:108 - [L1][signal] [2024-11-25] VGT: ELIGIBLE (Price 621.29 > SMA 581.34). Distance: 6.87% | Threshold: > 0%
2026-02-25 15:17:56,455 - US_ETF_Swing_Strategy - INFO - strategyLogger:108 - [L1][execution] [2024-11-26] SLOTS: 4 Occupied / 4 Total
2026-02-25 15:17:56,459 - US_ETF_Swing_Strategy - INFO - strategyLogger:108 - [L1][signal] [2024-11-26] GLD: ELIGIBLE (Price 242.95 > SMA 236.93). Distance: 2.54% | Threshold: > 0%
2026-02-25 15:17:56,463 - US_ETF_Swing_Strategy - INFO - strategyLogger:108 - [L1][signal] [2024-11-26] IWM: ELIGIBLE (Price 240.62 > SMA 219.55). Distance: 9.60% | Threshold: > 0%
2026-02-25 15:17:56,465 - US_ETF_Swing_Strategy - INFO - strategyLogger:108 - [L1][signal] [2024-11-26] SLV: ELIGIBLE (Price 27.80 > SMA 27.74). Distance: 0.23% | Threshold: > 0%
2026-02-25 15:17:56,467 - US_ETF_Swing_Strategy - INFO - strategyLogger:108 - [L1][signal] [2024-11-26] QQQ: ELIGIBLE (Price 509.31 > SMA 482.01). Distance: 5.66% | Threshold: > 0%
2026-02-25 15:17:56,469 - US_ETF_Swing_Strategy - INFO - strategyLogger:108 - [L1][signal] [2024-11-26] VGT: ELIGIBLE (Price 623.17 > SMA 581.57). Distance: 7.15% | Threshold: > 0%
2026-02-25 15:17:56,472 - US_ETF_Swing_Strategy - INFO - strategyLogger:108 - [L1][execution] [2024-11-27] SLOTS: 4 Occupied / 4 Total
2026-02-25 15:17:56,480 - US_ETF_Swing_Strategy - INFO - strategyLogger:108 - [L1][signal] [2024-11-27] GLD: ELIGIBLE (Price 243.49 > SMA 237.18). Distance: 2.66% | Threshold: > 0%
2026-02-25 15:17:56,481 - US_ETF_Swing_Strategy - INFO - strategyLogger:108 - [L1][signal] [2024-11-27] IWM: ELIGIBLE (Price 240.95 > SMA 219.94). Distance: 9.55% | Threshold: > 0%
2026-02-25 15:17:56,486 - US_ETF_Swing_Strategy - INFO - strategyLogger:108 - [L1][signal] [2024-11-27] QQQ: ELIGIBLE (Price 505.30 > SMA 482.08). Distance: 4.82% | Threshold: > 0%
2026-02-25 15:17:56,488 - US_ETF_Swing_Strategy - INFO - strategyLogger:108 - [L1][signal] [2024-11-27] VGT: ELIGIBLE (Price 616.76 > SMA 581.75). Distance: 6.02% | Threshold: > 0%
2026-02-25 15:17:56,490 - US_ETF_Swing_Strategy - INFO - strategyLogger:108 - [L1][execution] [2024-11-29] SLOTS: 4 Occupied / 4 Total
2026-02-25 15:17:56,499 - US_ETF_Swing_Strategy - INFO - strategyLogger:108 - [L1][signal] [2024-11-29] GLD: ELIGIBLE (Price 245.59 > SMA 237.44). Distance: 3.43% | Threshold: > 0%
2026-02-25 15:17:56,502 - US_ETF_Swing_Strategy - INFO - strategyLogger:108 - [L1][signal] [2024-11-29] IWM: ELIGIBLE (Price 241.87 > SMA 220.33). Distance: 9.78% | Threshold: > 0%
2026-02-25 15:17:56,504 - US_ETF_Swing_Strategy - INFO - strategyLogger:108 - [L1][signal] [2024-11-29] SLV: ELIGIBLE (Price 27.92 > SMA 27.73). Distance: 0.70% | Threshold: > 0%
2026-02-25 15:17:56,507 - US_ETF_Swing_Strategy - INFO - strategyLogger:108 - [L1][signal] [2024-11-29] QQQ: ELIGIBLE (Price 509.74 > SMA 482.15). Distance: 5.72% | Threshold: > 0%
2026-02-25 15:17:56,510 - US_ETF_Swing_Strategy - INFO - strategyLogger:108 - [L1][signal] [2024-11-29] VGT: ELIGIBLE (Price 622.25 > SMA 581.91). Distance: 6.93% | Threshold: > 0%
2026-02-25 15:17:56,513 - US_ETF_Swing_Strategy - INFO - strategyLogger:108 - [L1][execution] [2024-12-02] SLOTS: 4 Occupied / 4 Total
2026-02-25 15:17:56,517 - US_ETF_Swing_Strategy - INFO - strategyLogger:108 - [L1][signal] [2024-12-02] GLD: ELIGIBLE (Price 243.44 > SMA 237.64). Distance: 2.44% | Threshold: > 0%
2026-02-25 15:17:56,519 - US_ETF_Swing_Strategy - INFO - strategyLogger:108 - [L1][signal] [2024-12-02] IWM: ELIGIBLE (Price 241.75 > SMA 220.64). Distance: 9.57% | Threshold: > 0%
2026-02-25 15:17:56,519 - US_ETF_Swing_Strategy - INFO - strategyLogger:108 - [L1][signal] [2024-12-02] SLV: ELIGIBLE (Price 27.79 > SMA 27.72). Distance: 0.26% | Threshold: > 0%
2026-02-25 15:17:56,522 - US_ETF_Swing_Strategy - INFO - strategyLogger:108 - [L1][signal] [2024-12-02] QQQ: ELIGIBLE (Price 515.29 > SMA 482.38). Distance: 6.82% | Threshold: > 0%
2026-02-25 15:17:56,523 - US_ETF_Swing_Strategy - INFO - strategyLogger:108 - [L1][signal] [2024-12-02] VGT: ELIGIBLE (Price 628.37 > SMA 582.24). Distance: 7.92% | Threshold: > 0%
2026-02-25 15:17:56,528 - US_ETF_Swing_Strategy - INFO - strategyLogger:108 - [L1][execution] [2024-12-03] SLOTS: 4 Occupied / 4 Total
2026-02-25 15:17:56,532 - US_ETF_Swing_Strategy - INFO - strategyLogger:108 - [L1][signal] [2024-12-03] GLD: ELIGIBLE (Price 243.93 > SMA 237.85). Distance: 2.56% | Threshold: > 0%
2026-02-25 15:17:56,534 - US_ETF_Swing_Strategy - INFO - strategyLogger:108 - [L1][signal] [2024-12-03] IWM: ELIGIBLE (Price 240.03 > SMA 220.91). Distance: 8.66% | Threshold: > 0%
2026-02-25 15:17:56,536 - US_ETF_Swing_Strategy - INFO - strategyLogger:108 - [L1][signal] [2024-12-03] SLV: ELIGIBLE (Price 28.28 > SMA 27.72). Distance: 2.02% | Threshold: > 0%
2026-02-25 15:17:56,538 - US_ETF_Swing_Strategy - INFO - strategyLogger:108 - [L1][signal] [2024-12-03] QQQ: ELIGIBLE (Price 516.87 > SMA 482.60). Distance: 7.10% | Threshold: > 0%
2026-02-25 15:17:56,541 - US_ETF_Swing_Strategy - INFO - strategyLogger:108 - [L1][signal] [2024-12-03] VGT: ELIGIBLE (Price 631.63 > SMA 582.55). Distance: 8.43% | Threshold: > 0%
2026-02-25 15:17:56,547 - US_ETF_Swing_Strategy - INFO - strategyLogger:108 - [L1][execution] [2024-12-04] SLOTS: 4 Occupied / 4 Total
2026-02-25 15:17:56,552 - US_ETF_Swing_Strategy - INFO - strategyLogger:108 - [L1][signal] [2024-12-04] GLD: ELIGIBLE (Price 244.67 > SMA 238.06). Distance: 2.78% | Threshold: > 0%
2026-02-25 15:17:56,553 - US_ETF_Swing_Strategy - INFO - strategyLogger:108 - [L1][signal] [2024-12-04] IWM: ELIGIBLE (Price 240.89 > SMA 221.14). Distance: 8.93% | Threshold: > 0%
2026-02-25 15:17:56,555 - US_ETF_Swing_Strategy - INFO - strategyLogger:108 - [L1][signal] [2024-12-04] SLV: ELIGIBLE (Price 28.53 > SMA 27.72). Distance: 2.91% | Threshold: > 0%
2026-02-25 15:17:56,557 - US_ETF_Swing_Strategy - INFO - strategyLogger:108 - [L1][signal] [2024-12-04] QQQ: ELIGIBLE (Price 523.26 > SMA 482.88). Distance: 8.36% | Threshold: > 0%
2026-02-25 15:17:56,560 - US_ETF_Swing_Strategy - INFO - strategyLogger:108 - [L1][signal] [2024-12-04] VGT: ELIGIBLE (Price 644.43 > SMA 582.95). Distance: 10.55% | Threshold: > 0%
2026-02-25 15:17:56,563 - US_ETF_Swing_Strategy - INFO - strategyLogger:108 - [L1][execution] [2024-12-05] SLOTS: 4 Occupied / 4 Total
2026-02-25 15:17:56,567 - US_ETF_Swing_Strategy - INFO - strategyLogger:108 - [L1][signal] [2024-12-05] GLD: ELIGIBLE (Price 242.86 > SMA 238.20). Distance: 1.96% | Threshold: > 0%
2026-02-25 15:17:56,569 - US_ETF_Swing_Strategy - INFO - strategyLogger:108 - [L1][signal] [2024-12-05] IWM: ELIGIBLE (Price 238.08 > SMA 221.28). Distance: 7.59% | Threshold: > 0%
2026-02-25 15:17:56,571 - US_ETF_Swing_Strategy - INFO - strategyLogger:108 - [L1][signal] [2024-12-05] SLV: ELIGIBLE (Price 28.56 > SMA 27.72). Distance: 3.02% | Threshold: > 0%
2026-02-25 15:17:56,573 - US_ETF_Swing_Strategy - INFO - strategyLogger:108 - [L1][signal] [2024-12-05] QQQ: ELIGIBLE (Price 521.81 > SMA 483.13). Distance: 8.01% | Threshold: > 0%
2026-02-25 15:17:56,579 - US_ETF_Swing_Strategy - INFO - strategyLogger:108 - [L1][signal] [2024-12-05] VGT: ELIGIBLE (Price 641.21 > SMA 583.32). Distance: 9.92% | Threshold: > 0%
2026-02-25 15:17:56,582 - US_ETF_Swing_Strategy - INFO - strategyLogger:108 - [L1][execution] [2024-12-06] SLOTS: 4 Occupied / 4 Total
2026-02-25 15:17:56,588 - US_ETF_Swing_Strategy - INFO - strategyLogger:108 - [L1][signal] [2024-12-06] GLD: ELIGIBLE (Price 242.95 > SMA 238.36). Distance: 1.93% | Threshold: > 0%
2026-02-25 15:17:56,590 - US_ETF_Swing_Strategy - INFO - strategyLogger:108 - [L1][signal] [2024-12-06] IWM: ELIGIBLE (Price 238.93 > SMA 221.44). Distance: 7.90% | Threshold: > 0%
2026-02-25 15:17:56,596 - US_ETF_Swing_Strategy - INFO - strategyLogger:108 - [L1][signal] [2024-12-06] SLV: ELIGIBLE (Price 28.25 > SMA 27.73). Distance: 1.88% | Threshold: > 0%
2026-02-25 15:17:56,598 - US_ETF_Swing_Strategy - INFO - strategyLogger:108 - [L1][signal] [2024-12-06] QQQ: ELIGIBLE (Price 526.48 > SMA 483.58). Distance: 8.87% | Threshold: > 0%
2026-02-25 15:17:56,600 - US_ETF_Swing_Strategy - INFO - strategyLogger:108 - [L1][signal] [2024-12-06] VGT: ELIGIBLE (Price 644.54 > SMA 583.94). Distance: 10.38% | Threshold: > 0%
2026-02-25 15:17:56,603 - US_ETF_Swing_Strategy - INFO - strategyLogger:108 - [L1][execution] [2024-12-09] SLOTS: 4 Occupied / 4 Total
2026-02-25 15:17:56,608 - US_ETF_Swing_Strategy - INFO - strategyLogger:108 - [L1][signal] [2024-12-09] GLD: ELIGIBLE (Price 245.36 > SMA 238.55). Distance: 2.85% | Threshold: > 0%
2026-02-25 15:17:56,612 - US_ETF_Swing_Strategy - INFO - strategyLogger:108 - [L1][signal] [2024-12-09] IWM: ELIGIBLE (Price 237.73 > SMA 221.64). Distance: 7.26% | Threshold: > 0%
2026-02-25 15:17:56,613 - US_ETF_Swing_Strategy - INFO - strategyLogger:108 - [L1][signal] [2024-12-09] SLV: ELIGIBLE (Price 28.98 > SMA 27.75). Distance: 4.44% | Threshold: > 0%
2026-02-25 15:17:56,615 - US_ETF_Swing_Strategy - INFO - strategyLogger:108 - [L1][signal] [2024-12-09] QQQ: ELIGIBLE (Price 522.38 > SMA 484.01). Distance: 7.93% | Threshold: > 0%
2026-02-25 15:17:56,618 - US_ETF_Swing_Strategy - INFO - strategyLogger:108 - [L1][signal] [2024-12-09] VGT: ELIGIBLE (Price 639.73 > SMA 584.54). Distance: 9.44% | Threshold: > 0%
2026-02-25 15:17:56,619 - US_ETF_Swing_Strategy - INFO - strategyLogger:108 - [L1][execution] [2024-12-10] SLOTS: 4 Occupied / 4 Total
2026-02-25 15:17:56,624 - US_ETF_Swing_Strategy - INFO - strategyLogger:108 - [L1][signal] [2024-12-10] GLD: ELIGIBLE (Price 248.59 > SMA 238.82). Distance: 4.09% | Threshold: > 0%
2026-02-25 15:17:56,628 - US_ETF_Swing_Strategy - INFO - strategyLogger:108 - [L1][signal] [2024-12-10] IWM: ELIGIBLE (Price 236.70 > SMA 221.84). Distance: 6.70% | Threshold: > 0%
2026-02-25 15:17:56,630 - US_ETF_Swing_Strategy - INFO - strategyLogger:108 - [L1][signal] [2024-12-10] SLV: ELIGIBLE (Price 28.99 > SMA 27.77). Distance: 4.39% | Threshold: > 0%
2026-02-25 15:17:56,632 - US_ETF_Swing_Strategy - INFO - strategyLogger:108 - [L1][signal] [2024-12-10] QQQ: ELIGIBLE (Price 520.60 > SMA 484.46). Distance: 7.46% | Threshold: > 0%
2026-02-25 15:17:56,634 - US_ETF_Swing_Strategy - INFO - strategyLogger:108 - [L1][signal] [2024-12-10] VGT: ELIGIBLE (Price 630.55 > SMA 585.12). Distance: 7.77% | Threshold: > 0%
2026-02-25 15:17:56,636 - US_ETF_Swing_Strategy - INFO - strategyLogger:108 - [L1][execution] [2024-12-11] SLOTS: 4 Occupied / 4 Total
2026-02-25 15:17:56,640 - US_ETF_Swing_Strategy - INFO - strategyLogger:108 - [L1][signal] [2024-12-11] GLD: ELIGIBLE (Price 250.96 > SMA 239.11). Distance: 4.95% | Threshold: > 0%
2026-02-25 15:17:56,642 - US_ETF_Swing_Strategy - INFO - strategyLogger:108 - [L1][signal] [2024-12-11] IWM: ELIGIBLE (Price 237.77 > SMA 222.02). Distance: 7.10% | Threshold: > 0%
2026-02-25 15:17:56,646 - US_ETF_Swing_Strategy - INFO - strategyLogger:108 - [L1][signal] [2024-12-11] SLV: ELIGIBLE (Price 29.04 > SMA 27.79). Distance: 4.48% | Threshold: > 0%
2026-02-25 15:17:56,648 - US_ETF_Swing_Strategy - INFO - strategyLogger:108 - [L1][signal] [2024-12-11] QQQ: ELIGIBLE (Price 529.92 > SMA 484.94). Distance: 9.28% | Threshold: > 0%
2026-02-25 15:17:56,650 - US_ETF_Swing_Strategy - INFO - strategyLogger:108 - [L1][signal] [2024-12-11] VGT: ELIGIBLE (Price 640.20 > SMA 585.68). Distance: 9.31% | Threshold: > 0%
2026-02-25 15:17:56,651 - US_ETF_Swing_Strategy - INFO - strategyLogger:108 - [L1][execution] [2024-12-12] SLOTS: 4 Occupied / 4 Total
2026-02-25 15:17:56,654 - US_ETF_Swing_Strategy - INFO - strategyLogger:108 - [L1][signal] [2024-12-12] GLD: ELIGIBLE (Price 247.28 > SMA 239.36). Distance: 3.31% | Threshold: > 0%
2026-02-25 15:17:56,655 - US_ETF_Swing_Strategy - INFO - strategyLogger:108 - [L1][signal] [2024-12-12] IWM: ELIGIBLE (Price 234.68 > SMA 222.14). Distance: 5.65% | Threshold: > 0%
2026-02-25 15:17:56,658 - US_ETF_Swing_Strategy - INFO - strategyLogger:108 - [L1][signal] [2024-12-12] SLV: ELIGIBLE (Price 28.20 > SMA 27.81). Distance: 1.40% | Threshold: > 0%
2026-02-25 15:17:56,661 - US_ETF_Swing_Strategy - INFO - strategyLogger:108 - [L1][signal] [2024-12-12] QQQ: ELIGIBLE (Price 526.50 > SMA 485.39). Distance: 8.47% | Threshold: > 0%
2026-02-25 15:17:56,663 - US_ETF_Swing_Strategy - INFO - strategyLogger:108 - [L1][signal] [2024-12-12] VGT: ELIGIBLE (Price 637.42 > SMA 586.22). Distance: 8.73% | Threshold: > 0%
2026-02-25 15:17:56,665 - US_ETF_Swing_Strategy - INFO - strategyLogger:108 - [L1][execution] [2024-12-13] SLOTS: 4 Occupied / 4 Total
2026-02-25 15:17:56,668 - US_ETF_Swing_Strategy - INFO - strategyLogger:108 - [L1][signal] [2024-12-13] GLD: ELIGIBLE (Price 244.29 > SMA 239.59). Distance: 1.96% | Threshold: > 0%
2026-02-25 15:17:56,669 - US_ETF_Swing_Strategy - INFO - strategyLogger:108 - [L1][signal] [2024-12-13] IWM: ELIGIBLE (Price 233.07 > SMA 222.29). Distance: 4.85% | Threshold: > 0%
2026-02-25 15:17:56,672 - US_ETF_Swing_Strategy - INFO - strategyLogger:108 - [L1][signal] [2024-12-13] QQQ: ELIGIBLE (Price 530.53 > SMA 486.07). Distance: 9.15% | Threshold: > 0%
2026-02-25 15:17:56,674 - US_ETF_Swing_Strategy - INFO - strategyLogger:108 - [L1][signal] [2024-12-13] VGT: ELIGIBLE (Price 640.43 > SMA 587.02). Distance: 9.10% | Threshold: > 0%
2026-02-25 15:17:56,679 - US_ETF_Swing_Strategy - INFO - strategyLogger:108 - [L1][execution] [2024-12-16] SLOTS: 4 Occupied / 4 Total
2026-02-25 15:17:56,686 - US_ETF_Swing_Strategy - INFO - strategyLogger:108 - [L1][signal] [2024-12-16] GLD: ELIGIBLE (Price 244.88 > SMA 239.85). Distance: 2.10% | Threshold: > 0%
2026-02-25 15:17:56,687 - US_ETF_Swing_Strategy - INFO - strategyLogger:108 - [L1][signal] [2024-12-16] IWM: ELIGIBLE (Price 234.44 > SMA 222.43). Distance: 5.40% | Threshold: > 0%
2026-02-25 15:17:56,691 - US_ETF_Swing_Strategy - INFO - strategyLogger:108 - [L1][signal] [2024-12-16] QQQ: ELIGIBLE (Price 538.17 > SMA 486.86). Distance: 10.54% | Threshold: > 0%
2026-02-25 15:17:56,696 - US_ETF_Swing_Strategy - INFO - strategyLogger:108 - [L1][signal] [2024-12-16] VGT: ELIGIBLE (Price 647.97 > SMA 587.95). Distance: 10.21% | Threshold: > 0%
2026-02-25 15:17:56,698 - US_ETF_Swing_Strategy - INFO - strategyLogger:108 - [L1][execution] [2024-12-17] SLOTS: 4 Occupied / 4 Total
2026-02-25 15:17:56,701 - US_ETF_Swing_Strategy - INFO - strategyLogger:108 - [L1][execution] PROFIT EXIT TRIGGERED: GLD at 239.26 (Profit: 27.27%)
2026-02-25 15:17:56,701 - US_ETF_Swing_Strategy - INFO - strategyLogger:108 - [L1][execution] [2024-12-18] [EXIT - SELL] Sold GLD. Qty: 13.2979, Price: $239.26, Buy Price: $188.00, PnL: $681.65 (27.27%)
2026-02-25 15:17:56,702 - US_ETF_Swing_Strategy - INFO - strategyLogger:108 - [L1][execution] Transaction Costs for GLD (SELL): Brokerage=$6.36, Taxes=$0.00, Total Costs=$6.36. Net Proceeds: $3,175.29
2026-02-25 15:17:56,703 - US_ETF_Swing_Strategy - INFO - strategyLogger:108 - [L3][signal] IWM: Trend violated (Price < SMA) but Profit (8.25%) below threshold. Holding.
2026-02-25 15:17:56,705 - US_ETF_Swing_Strategy - INFO - strategyLogger:108 - [L1][signal] [2024-12-17] GLD: ELIGIBLE (Price 243.94 > SMA 240.09). Distance: 1.61% | Threshold: > 0%
2026-02-25 15:17:56,707 - US_ETF_Swing_Strategy - INFO - strategyLogger:108 - [L1][signal] [2024-12-17] IWM: ELIGIBLE (Price 231.07 > SMA 222.49). Distance: 3.85% | Threshold: > 0%
2026-02-25 15:17:56,713 - US_ETF_Swing_Strategy - INFO - strategyLogger:108 - [L1][signal] [2024-12-17] QQQ: ELIGIBLE (Price 535.80 > SMA 487.59). Distance: 9.89% | Threshold: > 0%
2026-02-25 15:17:56,715 - US_ETF_Swing_Strategy - INFO - strategyLogger:108 - [L1][signal] [2024-12-17] VGT: ELIGIBLE (Price 643.98 > SMA 588.77). Distance: 9.38% | Threshold: > 0%
2026-02-25 15:17:56,715 - US_ETF_Swing_Strategy - INFO - strategyLogger:108 - [L2][execution] RECALCULATING: Available Cash: $3,170.32. New Slot Capital: $3,170.32
2026-02-25 15:17:56,717 - US_ETF_Swing_Strategy - INFO - strategyLogger:108 - [L1][execution] [2024-12-18] SLOTS: 3 Occupied / 4 Total
2026-02-25 15:17:56,719 - US_ETF_Swing_Strategy - INFO - strategyLogger:108 - [L3][signal] IWM: Trend violated (Price < SMA) but Profit (7.77%) below threshold. Holding.
2026-02-25 15:17:56,724 - US_ETF_Swing_Strategy - INFO - strategyLogger:108 - [L1][signal] [2024-12-18] QQQ: ELIGIBLE (Price 516.47 > SMA 488.12). Distance: 5.81% | Threshold: > 0%
2026-02-25 15:17:56,729 - US_ETF_Swing_Strategy - INFO - strategyLogger:108 - [L1][signal] [2024-12-18] VGT: ELIGIBLE (Price 621.26 > SMA 589.39). Distance: 5.41% | Threshold: > 0%
2026-02-25 15:17:56,731 - US_ETF_Swing_Strategy - INFO - strategyLogger:108 - [L1][execution] [2024-12-19] SLOTS: 3 Occupied / 4 Total
2026-02-25 15:17:56,733 - US_ETF_Swing_Strategy - INFO - strategyLogger:108 - [L3][signal] IWM: Trend violated (Price < SMA) but Profit (8.78%) below threshold. Holding.
2026-02-25 15:17:56,740 - US_ETF_Swing_Strategy - INFO - strategyLogger:108 - [L1][signal] [2024-12-19] QQQ: ELIGIBLE (Price 514.17 > SMA 488.69). Distance: 5.21% | Threshold: > 0%
2026-02-25 15:17:56,744 - US_ETF_Swing_Strategy - INFO - strategyLogger:108 - [L1][signal] [2024-12-19] VGT: ELIGIBLE (Price 621.79 > SMA 590.12). Distance: 5.37% | Threshold: > 0%
2026-02-25 15:17:56,746 - US_ETF_Swing_Strategy - INFO - strategyLogger:108 - [L1][execution] [2024-12-20] SLOTS: 3 Occupied / 4 Total
2026-02-25 15:17:56,749 - US_ETF_Swing_Strategy - INFO - strategyLogger:108 - [L3][signal] IWM: Trend violated (Price < SMA) but Profit (8.53%) below threshold. Holding.
2026-02-25 15:17:56,750 - US_ETF_Swing_Strategy - INFO - strategyLogger:108 - [L1][signal] [2024-12-20] GLD: ELIGIBLE (Price 242.10 > SMA 240.60). Distance: 0.62% | Threshold: > 0%
2026-02-25 15:17:56,753 - US_ETF_Swing_Strategy - INFO - strategyLogger:108 - [L1][signal] [2024-12-20] QQQ: ELIGIBLE (Price 518.66 > SMA 489.16). Distance: 6.03% | Threshold: > 0%
2026-02-25 15:17:56,756 - US_ETF_Swing_Strategy - INFO - strategyLogger:108 - [L1][signal] [2024-12-20] VGT: ELIGIBLE (Price 631.61 > SMA 590.76). Distance: 6.92% | Threshold: > 0%
2026-02-25 15:17:56,757 - US_ETF_Swing_Strategy - INFO - strategyLogger:108 - [L1][execution] [2024-12-23] [ENTRY - BUY] Bought GLD. Qty: 13.157, Price: $240.96, Amount: $3,170.31
2026-02-25 15:17:56,757 - US_ETF_Swing_Strategy - INFO - strategyLogger:108 - [L1][execution] Transaction Costs for GLD (BUY): Brokerage=$6.34, Taxes=$0.00, Total Costs=$6.34. Net Outflow: $3,176.65
2026-02-25 15:17:56,762 - US_ETF_Swing_Strategy - INFO - strategyLogger:108 - [L1][execution] [2024-12-23] SLOTS: 4 Occupied / 4 Total
2026-02-25 15:17:56,765 - US_ETF_Swing_Strategy - INFO - strategyLogger:108 - [L1][signal] [2024-12-23] GLD: ELIGIBLE (Price 240.96 > SMA 240.75). Distance: 0.09% | Threshold: > 0%
2026-02-25 15:17:56,769 - US_ETF_Swing_Strategy - INFO - strategyLogger:108 - [L1][signal] [2024-12-23] QQQ: ELIGIBLE (Price 522.87 > SMA 489.79). Distance: 6.75% | Threshold: > 0%
2026-02-25 15:17:56,771 - US_ETF_Swing_Strategy - INFO - strategyLogger:108 - [L1][signal] [2024-12-23] VGT: ELIGIBLE (Price 637.45 > SMA 591.66). Distance: 7.74% | Threshold: > 0%
2026-02-25 15:17:56,773 - US_ETF_Swing_Strategy - INFO - strategyLogger:108 - [L1][execution] [2024-12-24] SLOTS: 4 Occupied / 4 Total
2026-02-25 15:17:56,781 - US_ETF_Swing_Strategy - INFO - strategyLogger:108 - [L1][signal] [2024-12-24] GLD: ELIGIBLE (Price 241.44 > SMA 240.91). Distance: 0.22% | Threshold: > 0%
2026-02-25 15:17:56,784 - US_ETF_Swing_Strategy - INFO - strategyLogger:108 - [L1][signal] [2024-12-24] IWM: ELIGIBLE (Price 223.39 > SMA 222.63). Distance: 0.34% | Threshold: > 0%
2026-02-25 15:17:56,788 - US_ETF_Swing_Strategy - INFO - strategyLogger:108 - [L1][signal] [2024-12-24] QQQ: ELIGIBLE (Price 529.96 > SMA 490.61). Distance: 8.02% | Threshold: > 0%
2026-02-25 15:17:56,791 - US_ETF_Swing_Strategy - INFO - strategyLogger:108 - [L1][signal] [2024-12-24] VGT: ELIGIBLE (Price 644.45 > SMA 592.76). Distance: 8.72% | Threshold: > 0%
2026-02-25 15:17:56,797 - US_ETF_Swing_Strategy - INFO - strategyLogger:108 - [L1][execution] [2024-12-26] SLOTS: 4 Occupied / 4 Total
2026-02-25 15:17:56,803 - US_ETF_Swing_Strategy - INFO - strategyLogger:108 - [L3][signal] IWM: Trend violated (Price < SMA) but Profit (9.01%) below threshold. Holding.
2026-02-25 15:17:56,806 - US_ETF_Swing_Strategy - INFO - strategyLogger:108 - [L1][signal] [2024-12-26] GLD: ELIGIBLE (Price 243.07 > SMA 241.12). Distance: 0.81% | Threshold: > 0%
2026-02-25 15:17:56,811 - US_ETF_Swing_Strategy - INFO - strategyLogger:108 - [L1][signal] [2024-12-26] IWM: ELIGIBLE (Price 225.68 > SMA 222.87). Distance: 1.26% | Threshold: > 0%
2026-02-25 15:17:56,815 - US_ETF_Swing_Strategy - INFO - strategyLogger:108 - [L1][signal] [2024-12-26] QQQ: ELIGIBLE (Price 529.60 > SMA 491.55). Distance: 7.74% | Threshold: > 0%
2026-02-25 15:17:56,819 - US_ETF_Swing_Strategy - INFO - strategyLogger:108 - [L1][signal] [2024-12-26] VGT: ELIGIBLE (Price 645.57 > SMA 594.06). Distance: 8.67% | Threshold: > 0%
2026-02-25 15:17:56,821 - US_ETF_Swing_Strategy - INFO - strategyLogger:108 - [L1][execution] [2024-12-27] SLOTS: 4 Occupied / 4 Total
2026-02-25 15:17:56,829 - US_ETF_Swing_Strategy - INFO - strategyLogger:108 - [L3][signal] GLD: Trend violated (Price < SMA) but Profit (-0.14%) below threshold. Holding.
2026-02-25 15:17:56,829 - US_ETF_Swing_Strategy - INFO - strategyLogger:108 - [L3][signal] IWM: Trend violated (Price < SMA) but Profit (8.18%) below threshold. Holding.
2026-02-25 15:17:56,831 - US_ETF_Swing_Strategy - INFO - strategyLogger:108 - [L1][signal] [2024-12-27] GLD: ELIGIBLE (Price 241.40 > SMA 241.33). Distance: 0.03% | Threshold: > 0%
2026-02-25 15:17:56,835 - US_ETF_Swing_Strategy - INFO - strategyLogger:108 - [L1][signal] [2024-12-27] QQQ: ELIGIBLE (Price 522.56 > SMA 492.38). Distance: 6.13% | Threshold: > 0%
2026-02-25 15:17:56,837 - US_ETF_Swing_Strategy - INFO - strategyLogger:108 - [L1][signal] [2024-12-27] VGT: ELIGIBLE (Price 635.50 > SMA 595.21). Distance: 6.77% | Threshold: > 0%
2026-02-25 15:17:56,839 - US_ETF_Swing_Strategy - INFO - strategyLogger:108 - [L1][execution] [2024-12-30] SLOTS: 4 Occupied / 4 Total
2026-02-25 15:17:56,846 - US_ETF_Swing_Strategy - INFO - strategyLogger:108 - [L3][signal] IWM: Trend violated (Price < SMA) but Profit (8.31%) below threshold. Holding.
2026-02-25 15:17:56,850 - US_ETF_Swing_Strategy - INFO - strategyLogger:108 - [L1][signal] [2024-12-30] QQQ: ELIGIBLE (Price 515.61 > SMA 493.19). Distance: 4.55% | Threshold: > 0%
2026-02-25 15:17:56,852 - US_ETF_Swing_Strategy - INFO - strategyLogger:108 - [L1][signal] [2024-12-30] VGT: ELIGIBLE (Price 627.57 > SMA 596.34). Distance: 5.24% | Threshold: > 0%
2026-02-25 15:17:56,854 - US_ETF_Swing_Strategy - INFO - strategyLogger:108 - [L1][execution] [2024-12-31] SLOTS: 4 Occupied / 4 Total
2026-02-25 15:17:56,859 - US_ETF_Swing_Strategy - INFO - strategyLogger:108 - [L3][signal] IWM: Trend violated (Price < SMA) but Profit (8.40%) below threshold. Holding.
2026-02-25 15:17:56,863 - US_ETF_Swing_Strategy - INFO - strategyLogger:108 - [L1][signal] [2024-12-31] GLD: ELIGIBLE (Price 242.13 > SMA 241.71). Distance: 0.17% | Threshold: > 0%
2026-02-25 15:17:56,866 - US_ETF_Swing_Strategy - INFO - strategyLogger:108 - [L1][signal] [2024-12-31] QQQ: ELIGIBLE (Price 511.23 > SMA 493.82). Distance: 3.53% | Threshold: > 0%
2026-02-25 15:17:56,868 - US_ETF_Swing_Strategy - INFO - strategyLogger:108 - [L1][signal] [2024-12-31] VGT: ELIGIBLE (Price 621.80 > SMA 597.24). Distance: 4.11% | Threshold: > 0%
2026-02-25 15:17:56,869 - US_ETF_Swing_Strategy - INFO - strategyLogger:108 - [L1][execution] [2025-01-02] SLOTS: 4 Occupied / 4 Total
2026-02-25 15:17:56,872 - US_ETF_Swing_Strategy - INFO - strategyLogger:108 - [L1][signal] [2025-01-02] GLD: ELIGIBLE (Price 245.42 > SMA 241.92). Distance: 1.45% | Threshold: > 0%
2026-02-25 15:17:56,880 - US_ETF_Swing_Strategy - INFO - strategyLogger:108 - [L1][signal] [2025-01-02] QQQ: ELIGIBLE (Price 510.23 > SMA 494.42). Distance: 3.20% | Threshold: > 0%
2026-02-25 15:17:56,881 - US_ETF_Swing_Strategy - INFO - strategyLogger:108 - [L1][signal] [2025-01-02] VGT: ELIGIBLE (Price 621.34 > SMA 598.10). Distance: 3.89% | Threshold: > 0%
2026-02-25 15:17:56,883 - US_ETF_Swing_Strategy - INFO - strategyLogger:108 - [L1][execution] [2025-01-03] SLOTS: 4 Occupied / 4 Total
2026-02-25 15:17:56,886 - US_ETF_Swing_Strategy - INFO - strategyLogger:108 - [L1][signal] [2025-01-03] GLD: ELIGIBLE (Price 243.49 > SMA 242.07). Distance: 0.59% | Threshold: > 0%
2026-02-25 15:17:56,888 - US_ETF_Swing_Strategy - INFO - strategyLogger:108 - [L1][signal] [2025-01-03] IWM: ELIGIBLE (Price 224.43 > SMA 223.72). Distance: 0.32% | Threshold: > 0%
2026-02-25 15:17:56,894 - US_ETF_Swing_Strategy - INFO - strategyLogger:108 - [L1][signal] [2025-01-03] QQQ: ELIGIBLE (Price 518.58 > SMA 495.09). Distance: 4.74% | Threshold: > 0%
2026-02-25 15:17:56,897 - US_ETF_Swing_Strategy - INFO - strategyLogger:108 - [L1][signal] [2025-01-03] VGT: ELIGIBLE (Price 632.90 > SMA 599.04). Distance: 5.65% | Threshold: > 0%
2026-02-25 15:17:56,899 - US_ETF_Swing_Strategy - INFO - strategyLogger:108 - [L1][execution] [2025-01-06] SLOTS: 4 Occupied / 4 Total
2026-02-25 15:17:56,902 - US_ETF_Swing_Strategy - INFO - strategyLogger:108 - [L3][signal] IWM: Trend violated (Price < SMA) but Profit (9.18%) below threshold. Holding.
2026-02-25 15:17:56,905 - US_ETF_Swing_Strategy - INFO - strategyLogger:108 - [L1][signal] [2025-01-06] GLD: ELIGIBLE (Price 243.19 > SMA 242.22). Distance: 0.40% | Threshold: > 0%
2026-02-25 15:17:56,907 - US_ETF_Swing_Strategy - INFO - strategyLogger:108 - [L1][signal] [2025-01-06] IWM: ELIGIBLE (Price 224.52 > SMA 223.89). Distance: 0.28% | Threshold: > 0%
2026-02-25 15:17:56,913 - US_ETF_Swing_Strategy - INFO - strategyLogger:108 - [L1][signal] [2025-01-06] QQQ: ELIGIBLE (Price 524.54 > SMA 495.71). Distance: 5.82% | Threshold: > 0%
2026-02-25 15:17:56,915 - US_ETF_Swing_Strategy - INFO - strategyLogger:108 - [L1][signal] [2025-01-06] VGT: ELIGIBLE (Price 641.58 > SMA 599.92). Distance: 6.94% | Threshold: > 0%
2026-02-25 15:17:56,917 - US_ETF_Swing_Strategy - INFO - strategyLogger:108 - [L1][execution] [2025-01-07] SLOTS: 4 Occupied / 4 Total
2026-02-25 15:17:56,919 - US_ETF_Swing_Strategy - INFO - strategyLogger:108 - [L3][signal] IWM: Trend violated (Price < SMA) but Profit (8.68%) below threshold. Holding.
2026-02-25 15:17:56,920 - US_ETF_Swing_Strategy - INFO - strategyLogger:108 - [L1][signal] [2025-01-07] GLD: ELIGIBLE (Price 244.56 > SMA 242.40). Distance: 0.89% | Threshold: > 0%
2026-02-25 15:17:56,923 - US_ETF_Swing_Strategy - INFO - strategyLogger:108 - [L1][signal] [2025-01-07] QQQ: ELIGIBLE (Price 515.18 > SMA 496.23). Distance: 3.82% | Threshold: > 0%
2026-02-25 15:17:56,929 - US_ETF_Swing_Strategy - INFO - strategyLogger:108 - [L1][signal] [2025-01-07] VGT: ELIGIBLE (Price 627.47 > SMA 600.63). Distance: 4.47% | Threshold: > 0%
2026-02-25 15:17:56,931 - US_ETF_Swing_Strategy - INFO - strategyLogger:108 - [L1][execution] [2025-01-08] SLOTS: 4 Occupied / 4 Total
2026-02-25 15:17:56,935 - US_ETF_Swing_Strategy - INFO - strategyLogger:108 - [L3][signal] IWM: Trend violated (Price < SMA) but Profit (6.29%) below threshold. Holding.
2026-02-25 15:17:56,938 - US_ETF_Swing_Strategy - INFO - strategyLogger:108 - [L1][signal] [2025-01-08] GLD: ELIGIBLE (Price 245.86 > SMA 242.59). Distance: 1.35% | Threshold: > 0%
2026-02-25 15:17:56,946 - US_ETF_Swing_Strategy - INFO - strategyLogger:108 - [L1][signal] [2025-01-08] QQQ: ELIGIBLE (Price 515.27 > SMA 496.64). Distance: 3.75% | Threshold: > 0%
2026-02-25 15:17:56,949 - US_ETF_Swing_Strategy - INFO - strategyLogger:108 - [L1][signal] [2025-01-08] VGT: ELIGIBLE (Price 626.80 > SMA 601.18). Distance: 4.26% | Threshold: > 0%
2026-02-25 15:17:56,951 - US_ETF_Swing_Strategy - INFO - strategyLogger:108 - [L1][execution] [2025-01-10] SLOTS: 4 Occupied / 4 Total
2026-02-25 15:17:56,953 - US_ETF_Swing_Strategy - INFO - strategyLogger:108 - [L3][signal] IWM: Trend violated (Price < SMA) but Profit (6.50%) below threshold. Holding.
2026-02-25 15:17:56,955 - US_ETF_Swing_Strategy - INFO - strategyLogger:108 - [L1][signal] [2025-01-10] GLD: ELIGIBLE (Price 248.21 > SMA 242.75). Distance: 2.25% | Threshold: > 0%
2026-02-25 15:17:56,963 - US_ETF_Swing_Strategy - INFO - strategyLogger:108 - [L1][signal] [2025-01-10] QQQ: ELIGIBLE (Price 507.19 > SMA 496.96). Distance: 2.06% | Threshold: > 0%
2026-02-25 15:17:56,963 - US_ETF_Swing_Strategy - INFO - strategyLogger:108 - [L1][signal] [2025-01-10] VGT: ELIGIBLE (Price 613.44 > SMA 601.59). Distance: 1.97% | Threshold: > 0%
2026-02-25 15:17:56,967 - US_ETF_Swing_Strategy - INFO - strategyLogger:108 - [L1][execution] [2025-01-13] SLOTS: 4 Occupied / 4 Total
2026-02-25 15:17:56,969 - US_ETF_Swing_Strategy - INFO - strategyLogger:108 - [L3][signal] IWM: Trend violated (Price < SMA) but Profit (7.71%) below threshold. Holding.
2026-02-25 15:17:56,971 - US_ETF_Swing_Strategy - INFO - strategyLogger:108 - [L1][signal] [2025-01-13] GLD: ELIGIBLE (Price 245.74 > SMA 242.90). Distance: 1.17% | Threshold: > 0%
2026-02-25 15:17:56,975 - US_ETF_Swing_Strategy - INFO - strategyLogger:108 - [L1][signal] [2025-01-13] QQQ: ELIGIBLE (Price 505.56 > SMA 497.21). Distance: 1.68% | Threshold: > 0%
2026-02-25 15:17:56,979 - US_ETF_Swing_Strategy - INFO - strategyLogger:108 - [L1][signal] [2025-01-13] VGT: ELIGIBLE (Price 608.42 > SMA 601.87). Distance: 1.09% | Threshold: > 0%
2026-02-25 15:17:56,981 - US_ETF_Swing_Strategy - INFO - strategyLogger:108 - [L1][execution] [2025-01-14] SLOTS: 4 Occupied / 4 Total
2026-02-25 15:17:56,983 - US_ETF_Swing_Strategy - INFO - strategyLogger:108 - [L3][signal] IWM: Trend violated (Price < SMA) but Profit (9.82%) below threshold. Holding.
2026-02-25 15:17:56,984 - US_ETF_Swing_Strategy - INFO - strategyLogger:108 - [L1][signal] [2025-01-14] GLD: ELIGIBLE (Price 247.03 > SMA 243.04). Distance: 1.64% | Threshold: > 0%
2026-02-25 15:17:56,988 - US_ETF_Swing_Strategy - INFO - strategyLogger:108 - [L1][signal] [2025-01-14] QQQ: ELIGIBLE (Price 505.08 > SMA 497.45). Distance: 1.53% | Threshold: > 0%
2026-02-25 15:17:56,991 - US_ETF_Swing_Strategy - INFO - strategyLogger:108 - [L1][signal] [2025-01-14] VGT: ELIGIBLE (Price 609.87 > SMA 602.18). Distance: 1.28% | Threshold: > 0%
2026-02-25 15:17:56,996 - US_ETF_Swing_Strategy - INFO - strategyLogger:108 - [L1][execution] [2025-01-15] SLOTS: 4 Occupied / 4 Total
2026-02-25 15:17:57,000 - US_ETF_Swing_Strategy - INFO - strategyLogger:108 - [L1][signal] [2025-01-15] GLD: ELIGIBLE (Price 248.88 > SMA 243.21). Distance: 2.33% | Threshold: > 0%
2026-02-25 15:17:57,005 - US_ETF_Swing_Strategy - INFO - strategyLogger:108 - [L1][signal] [2025-01-15] QQQ: ELIGIBLE (Price 516.70 > SMA 497.80). Distance: 3.80% | Threshold: > 0%
2026-02-25 15:17:57,007 - US_ETF_Swing_Strategy - INFO - strategyLogger:108 - [L1][signal] [2025-01-15] VGT: ELIGIBLE (Price 623.39 > SMA 602.59). Distance: 3.45% | Threshold: > 0%
2026-02-25 15:17:57,011 - US_ETF_Swing_Strategy - INFO - strategyLogger:108 - [L1][execution] [2025-01-16] SLOTS: 4 Occupied / 4 Total
2026-02-25 15:17:57,015 - US_ETF_Swing_Strategy - INFO - strategyLogger:108 - [L1][signal] [2025-01-16] GLD: ELIGIBLE (Price 250.60 > SMA 243.42). Distance: 2.95% | Threshold: > 0%
2026-02-25 15:17:57,017 - US_ETF_Swing_Strategy - INFO - strategyLogger:108 - [L1][signal] [2025-01-16] IWM: ELIGIBLE (Price 224.49 > SMA 224.47). Distance: 0.01% | Threshold: > 0%
2026-02-25 15:17:57,019 - US_ETF_Swing_Strategy - INFO - strategyLogger:108 - [L1][signal] [2025-01-16] QQQ: ELIGIBLE (Price 513.08 > SMA 498.18). Distance: 2.99% | Threshold: > 0%
2026-02-25 15:17:57,021 - US_ETF_Swing_Strategy - INFO - strategyLogger:108 - [L1][signal] [2025-01-16] VGT: ELIGIBLE (Price 618.16 > SMA 603.07). Distance: 2.50% | Threshold: > 0%
2026-02-25 15:17:57,022 - US_ETF_Swing_Strategy - INFO - strategyLogger:108 - [L1][execution] [2025-01-17] SLOTS: 4 Occupied / 4 Total
2026-02-25 15:17:57,029 - US_ETF_Swing_Strategy - INFO - strategyLogger:108 - [L1][signal] [2025-01-17] GLD: ELIGIBLE (Price 249.27 > SMA 243.59). Distance: 2.33% | Threshold: > 0%
2026-02-25 15:17:57,031 - US_ETF_Swing_Strategy - INFO - strategyLogger:108 - [L1][signal] [2025-01-17] IWM: ELIGIBLE (Price 225.46 > SMA 224.52). Distance: 0.42% | Threshold: > 0%
2026-02-25 15:17:57,035 - US_ETF_Swing_Strategy - INFO - strategyLogger:108 - [L1][signal] [2025-01-17] QQQ: ELIGIBLE (Price 521.74 > SMA 498.60). Distance: 4.64% | Threshold: > 0%
2026-02-25 15:17:57,037 - US_ETF_Swing_Strategy - INFO - strategyLogger:108 - [L1][signal] [2025-01-17] VGT: ELIGIBLE (Price 627.47 > SMA 603.55). Distance: 3.96% | Threshold: > 0%
2026-02-25 15:17:57,039 - US_ETF_Swing_Strategy - INFO - strategyLogger:108 - [L1][execution] [2025-01-21] SLOTS: 4 Occupied / 4 Total
2026-02-25 15:17:57,048 - US_ETF_Swing_Strategy - INFO - strategyLogger:108 - [L1][signal] [2025-01-21] GLD: ELIGIBLE (Price 253.13 > SMA 243.80). Distance: 3.83% | Threshold: > 0%
2026-02-25 15:17:57,049 - US_ETF_Swing_Strategy - INFO - strategyLogger:108 - [L1][signal] [2025-01-21] IWM: ELIGIBLE (Price 229.79 > SMA 224.62). Distance: 2.30% | Threshold: > 0%
2026-02-25 15:17:57,053 - US_ETF_Swing_Strategy - INFO - strategyLogger:108 - [L1][signal] [2025-01-21] QQQ: ELIGIBLE (Price 524.80 > SMA 499.09). Distance: 5.15% | Threshold: > 0%
2026-02-25 15:17:57,055 - US_ETF_Swing_Strategy - INFO - strategyLogger:108 - [L1][signal] [2025-01-21] VGT: ELIGIBLE (Price 632.60 > SMA 604.13). Distance: 4.71% | Threshold: > 0%
2026-02-25 15:17:57,061 - US_ETF_Swing_Strategy - INFO - strategyLogger:108 - [L1][execution] [2025-01-22] SLOTS: 4 Occupied / 4 Total
2026-02-25 15:17:57,065 - US_ETF_Swing_Strategy - INFO - strategyLogger:108 - [L1][signal] [2025-01-22] GLD: ELIGIBLE (Price 254.43 > SMA 244.01). Distance: 4.27% | Threshold: > 0%
2026-02-25 15:17:57,067 - US_ETF_Swing_Strategy - INFO - strategyLogger:108 - [L1][signal] [2025-01-22] IWM: ELIGIBLE (Price 228.29 > SMA 224.71). Distance: 1.59% | Threshold: > 0%
2026-02-25 15:17:57,069 - US_ETF_Swing_Strategy - INFO - strategyLogger:108 - [L1][signal] [2025-01-22] QQQ: ELIGIBLE (Price 531.51 > SMA 499.64). Distance: 6.38% | Threshold: > 0%
2026-02-25 15:17:57,072 - US_ETF_Swing_Strategy - INFO - strategyLogger:108 - [L1][signal] [2025-01-22] VGT: ELIGIBLE (Price 645.27 > SMA 604.81). Distance: 6.69% | Threshold: > 0%
2026-02-25 15:17:57,073 - US_ETF_Swing_Strategy - INFO - strategyLogger:108 - [L1][execution] [2025-01-23] SLOTS: 4 Occupied / 4 Total
2026-02-25 15:17:57,080 - US_ETF_Swing_Strategy - INFO - strategyLogger:108 - [L1][signal] [2025-01-23] GLD: ELIGIBLE (Price 254.07 > SMA 244.23). Distance: 4.03% | Threshold: > 0%
2026-02-25 15:17:57,082 - US_ETF_Swing_Strategy - INFO - strategyLogger:108 - [L1][signal] [2025-01-23] IWM: ELIGIBLE (Price 229.33 > SMA 224.83). Distance: 2.00% | Threshold: > 0%
2026-02-25 15:17:57,085 - US_ETF_Swing_Strategy - INFO - strategyLogger:108 - [L1][signal] [2025-01-23] QQQ: ELIGIBLE (Price 532.64 > SMA 500.25). Distance: 6.47% | Threshold: > 0%
2026-02-25 15:17:57,088 - US_ETF_Swing_Strategy - INFO - strategyLogger:108 - [L1][signal] [2025-01-23] VGT: ELIGIBLE (Price 646.34 > SMA 605.58). Distance: 6.73% | Threshold: > 0%
2026-02-25 15:17:57,094 - US_ETF_Swing_Strategy - INFO - strategyLogger:108 - [L1][execution] [2025-01-24] SLOTS: 4 Occupied / 4 Total
2026-02-25 15:17:57,102 - US_ETF_Swing_Strategy - INFO - strategyLogger:108 - [L1][signal] [2025-01-24] GLD: ELIGIBLE (Price 255.65 > SMA 244.46). Distance: 4.58% | Threshold: > 0%
2026-02-25 15:17:57,104 - US_ETF_Swing_Strategy - INFO - strategyLogger:108 - [L1][signal] [2025-01-24] IWM: ELIGIBLE (Price 228.69 > SMA 224.93). Distance: 1.67% | Threshold: > 0%
2026-02-25 15:17:57,107 - US_ETF_Swing_Strategy - INFO - strategyLogger:108 - [L1][signal] [2025-01-24] QQQ: ELIGIBLE (Price 529.63 > SMA 500.84). Distance: 5.75% | Threshold: > 0%
2026-02-25 15:17:57,112 - US_ETF_Swing_Strategy - INFO - strategyLogger:108 - [L1][signal] [2025-01-24] VGT: ELIGIBLE (Price 640.13 > SMA 606.30). Distance: 5.58% | Threshold: > 0%
2026-02-25 15:17:57,115 - US_ETF_Swing_Strategy - INFO - strategyLogger:108 - [L1][execution] [2025-01-27] SLOTS: 4 Occupied / 4 Total
2026-02-25 15:17:57,118 - US_ETF_Swing_Strategy - INFO - strategyLogger:108 - [L1][signal] [2025-01-27] GLD: ELIGIBLE (Price 252.99 > SMA 244.68). Distance: 3.40% | Threshold: > 0%
2026-02-25 15:17:57,119 - US_ETF_Swing_Strategy - INFO - strategyLogger:108 - [L1][signal] [2025-01-27] IWM: ELIGIBLE (Price 226.50 > SMA 224.99). Distance: 0.67% | Threshold: > 0%
2026-02-25 15:17:57,122 - US_ETF_Swing_Strategy - INFO - strategyLogger:108 - [L1][signal] [2025-01-27] QQQ: ELIGIBLE (Price 514.21 > SMA 501.22). Distance: 2.59% | Threshold: > 0%
2026-02-25 15:17:57,123 - US_ETF_Swing_Strategy - INFO - strategyLogger:108 - [L1][signal] [2025-01-27] VGT: ELIGIBLE (Price 606.78 > SMA 606.63). Distance: 0.03% | Threshold: > 0%
2026-02-25 15:17:57,128 - US_ETF_Swing_Strategy - INFO - strategyLogger:108 - [L1][execution] [2025-01-28] SLOTS: 4 Occupied / 4 Total
2026-02-25 15:17:57,131 - US_ETF_Swing_Strategy - INFO - strategyLogger:108 - [L1][signal] [2025-01-28] GLD: ELIGIBLE (Price 255.18 > SMA 244.92). Distance: 4.19% | Threshold: > 0%
2026-02-25 15:17:57,135 - US_ETF_Swing_Strategy - INFO - strategyLogger:108 - [L1][signal] [2025-01-28] IWM: ELIGIBLE (Price 226.75 > SMA 225.13). Distance: 0.72% | Threshold: > 0%
2026-02-25 15:17:57,138 - US_ETF_Swing_Strategy - INFO - strategyLogger:108 - [L1][signal] [2025-01-28] QQQ: ELIGIBLE (Price 521.81 > SMA 501.82). Distance: 3.98% | Threshold: > 0%
2026-02-25 15:17:57,141 - US_ETF_Swing_Strategy - INFO - strategyLogger:108 - [L1][signal] [2025-01-28] VGT: ELIGIBLE (Price 625.71 > SMA 607.40). Distance: 3.01% | Threshold: > 0%
2026-02-25 15:17:57,147 - US_ETF_Swing_Strategy - INFO - strategyLogger:108 - [L1][execution] [2025-01-29] SLOTS: 4 Occupied / 4 Total
2026-02-25 15:17:57,153 - US_ETF_Swing_Strategy - INFO - strategyLogger:108 - [L1][signal] [2025-01-29] GLD: ELIGIBLE (Price 254.20 > SMA 245.16). Distance: 3.69% | Threshold: > 0%
2026-02-25 15:17:57,155 - US_ETF_Swing_Strategy - INFO - strategyLogger:108 - [L1][signal] [2025-01-29] IWM: ELIGIBLE (Price 226.23 > SMA 225.26). Distance: 0.43% | Threshold: > 0%
2026-02-25 15:17:57,162 - US_ETF_Swing_Strategy - INFO - strategyLogger:108 - [L1][signal] [2025-01-29] QQQ: ELIGIBLE (Price 520.83 > SMA 502.42). Distance: 3.66% | Threshold: > 0%
2026-02-25 15:17:57,163 - US_ETF_Swing_Strategy - INFO - strategyLogger:108 - [L1][signal] [2025-01-29] VGT: ELIGIBLE (Price 619.84 > SMA 608.12). Distance: 1.93% | Threshold: > 0%
2026-02-25 15:17:57,166 - US_ETF_Swing_Strategy - INFO - strategyLogger:108 - [L1][execution] [2025-01-30] SLOTS: 4 Occupied / 4 Total
2026-02-25 15:17:57,169 - US_ETF_Swing_Strategy - INFO - strategyLogger:108 - [L1][signal] [2025-01-30] GLD: ELIGIBLE (Price 258.05 > SMA 245.42). Distance: 5.15% | Threshold: > 0%
2026-02-25 15:17:57,171 - US_ETF_Swing_Strategy - INFO - strategyLogger:108 - [L1][signal] [2025-01-30] IWM: ELIGIBLE (Price 228.53 > SMA 225.43). Distance: 1.38% | Threshold: > 0%
2026-02-25 15:17:57,172 - US_ETF_Swing_Strategy - INFO - strategyLogger:108 - [L1][signal] [2025-01-30] SLV: ELIGIBLE (Price 28.72 > SMA 28.25). Distance: 1.68% | Threshold: > 0%
2026-02-25 15:17:57,178 - US_ETF_Swing_Strategy - INFO - strategyLogger:108 - [L1][signal] [2025-01-30] QQQ: ELIGIBLE (Price 523.05 > SMA 503.04). Distance: 3.98% | Threshold: > 0%
2026-02-25 15:17:57,180 - US_ETF_Swing_Strategy - INFO - strategyLogger:108 - [L1][signal] [2025-01-30] VGT: ELIGIBLE (Price 619.90 > SMA 608.86). Distance: 1.81% | Threshold: > 0%
2026-02-25 15:17:57,181 - US_ETF_Swing_Strategy - INFO - strategyLogger:108 - [L1][execution] [2025-01-31] SLOTS: 4 Occupied / 4 Total
2026-02-25 15:17:57,185 - US_ETF_Swing_Strategy - INFO - strategyLogger:108 - [L3][signal] IWM: Trend violated (Price < SMA) but Profit (9.72%) below threshold. Holding.
2026-02-25 15:17:57,185 - US_ETF_Swing_Strategy - INFO - strategyLogger:108 - [L1][execution] PROFIT EXIT TRIGGERED: VGT at 607.85 (Profit: 17.97%)
2026-02-25 15:17:57,186 - US_ETF_Swing_Strategy - INFO - strategyLogger:108 - [L1][execution] [2025-02-03] [EXIT - SELL] Sold VGT. Qty: 4.8227, Price: $607.85, Buy Price: $515.27, PnL: $446.49 (17.97%)
2026-02-25 15:17:57,186 - US_ETF_Swing_Strategy - INFO - strategyLogger:108 - [L1][execution] Transaction Costs for VGT (SELL): Brokerage=$5.86, Taxes=$0.00, Total Costs=$5.86. Net Proceeds: $2,925.62
2026-02-25 15:17:57,189 - US_ETF_Swing_Strategy - INFO - strategyLogger:108 - [L1][signal] [2025-01-31] GLD: ELIGIBLE (Price 258.56 > SMA 245.70). Distance: 5.23% | Threshold: > 0%
2026-02-25 15:17:57,191 - US_ETF_Swing_Strategy - INFO - strategyLogger:108 - [L1][signal] [2025-01-31] IWM: ELIGIBLE (Price 226.48 > SMA 225.61). Distance: 0.38% | Threshold: > 0%
2026-02-25 15:17:57,195 - US_ETF_Swing_Strategy - INFO - strategyLogger:108 - [L1][signal] [2025-01-31] SLV: ELIGIBLE (Price 28.51 > SMA 28.28). Distance: 0.83% | Threshold: > 0%
2026-02-25 15:17:57,197 - US_ETF_Swing_Strategy - INFO - strategyLogger:108 - [L1][signal] [2025-01-31] QQQ: ELIGIBLE (Price 522.29 > SMA 503.78). Distance: 3.67% | Threshold: > 0%
2026-02-25 15:17:57,199 - US_ETF_Swing_Strategy - INFO - strategyLogger:108 - [L1][signal] [2025-01-31] VGT: ELIGIBLE (Price 616.61 > SMA 609.69). Distance: 1.13% | Threshold: > 0%
2026-02-25 15:17:57,200 - US_ETF_Swing_Strategy - INFO - strategyLogger:108 - [L2][execution] RECALCULATING: Available Cash: $2,919.28. New Slot Capital: $2,919.28
2026-02-25 15:17:57,201 - US_ETF_Swing_Strategy - INFO - strategyLogger:108 - [L1][execution] [2025-02-03] SLOTS: 3 Occupied / 4 Total
2026-02-25 15:17:57,207 - US_ETF_Swing_Strategy - INFO - strategyLogger:108 - [L1][signal] [2025-02-03] GLD: ELIGIBLE (Price 259.94 > SMA 245.98). Distance: 5.67% | Threshold: > 0%
2026-02-25 15:17:57,213 - US_ETF_Swing_Strategy - INFO - strategyLogger:108 - [L1][signal] [2025-02-03] SLV: ELIGIBLE (Price 28.67 > SMA 28.30). Distance: 1.29% | Threshold: > 0%
2026-02-25 15:17:57,215 - US_ETF_Swing_Strategy - INFO - strategyLogger:108 - [L1][signal] [2025-02-03] QQQ: ELIGIBLE (Price 518.11 > SMA 504.41). Distance: 2.72% | Threshold: > 0%
2026-02-25 15:17:57,217 - US_ETF_Swing_Strategy - INFO - strategyLogger:108 - [L1][execution] [2025-02-04] [ENTRY - BUY] Bought SLV. Qty: 99.9069, Price: $29.22, Amount: $2,919.28
2026-02-25 15:17:57,218 - US_ETF_Swing_Strategy - INFO - strategyLogger:108 - [L1][execution] Transaction Costs for SLV (BUY): Brokerage=$5.84, Taxes=$0.00, Total Costs=$5.84. Net Outflow: $2,925.12
2026-02-25 15:17:57,219 - US_ETF_Swing_Strategy - INFO - strategyLogger:108 - [L1][execution] [2025-02-04] SLOTS: 4 Occupied / 4 Total
2026-02-25 15:17:57,223 - US_ETF_Swing_Strategy - INFO - strategyLogger:108 - [L1][signal] [2025-02-04] GLD: ELIGIBLE (Price 262.50 > SMA 246.28). Distance: 6.59% | Threshold: > 0%
2026-02-25 15:17:57,229 - US_ETF_Swing_Strategy - INFO - strategyLogger:108 - [L1][signal] [2025-02-04] IWM: ELIGIBLE (Price 226.93 > SMA 225.95). Distance: 0.43% | Threshold: > 0%
2026-02-25 15:17:57,231 - US_ETF_Swing_Strategy - INFO - strategyLogger:108 - [L1][signal] [2025-02-04] SLV: ELIGIBLE (Price 29.22 > SMA 28.34). Distance: 3.11% | Threshold: > 0%
2026-02-25 15:17:57,233 - US_ETF_Swing_Strategy - INFO - strategyLogger:108 - [L1][signal] [2025-02-04] QQQ: ELIGIBLE (Price 524.47 > SMA 505.07). Distance: 3.84% | Threshold: > 0%
2026-02-25 15:17:57,236 - US_ETF_Swing_Strategy - INFO - strategyLogger:108 - [L1][signal] [2025-02-04] VGT: ELIGIBLE (Price 616.00 > SMA 611.07). Distance: 0.81% | Threshold: > 0%
2026-02-25 15:17:57,238 - US_ETF_Swing_Strategy - INFO - strategyLogger:108 - [L1][execution] [2025-02-05] SLOTS: 4 Occupied / 4 Total
2026-02-25 15:17:57,246 - US_ETF_Swing_Strategy - INFO - strategyLogger:108 - [L1][signal] [2025-02-05] GLD: ELIGIBLE (Price 264.13 > SMA 246.60). Distance: 7.11% | Threshold: > 0%
2026-02-25 15:17:57,248 - US_ETF_Swing_Strategy - INFO - strategyLogger:108 - [L1][signal] [2025-02-05] IWM: ELIGIBLE (Price 229.40 > SMA 226.16). Distance: 1.43% | Threshold: > 0%
2026-02-25 15:17:57,249 - US_ETF_Swing_Strategy - INFO - strategyLogger:108 - [L1][signal] [2025-02-05] SLV: ELIGIBLE (Price 29.35 > SMA 28.37). Distance: 3.45% | Threshold: > 0%
2026-02-25 15:17:57,253 - US_ETF_Swing_Strategy - INFO - strategyLogger:108 - [L1][signal] [2025-02-05] QQQ: ELIGIBLE (Price 526.85 > SMA 505.65). Distance: 4.19% | Threshold: > 0%
2026-02-25 15:17:57,255 - US_ETF_Swing_Strategy - INFO - strategyLogger:108 - [L1][signal] [2025-02-05] VGT: ELIGIBLE (Price 624.69 > SMA 611.70). Distance: 2.12% | Threshold: > 0%
2026-02-25 15:17:57,260 - US_ETF_Swing_Strategy - INFO - strategyLogger:108 - [L1][execution] [2025-02-06] SLOTS: 4 Occupied / 4 Total
2026-02-25 15:17:57,263 - US_ETF_Swing_Strategy - INFO - strategyLogger:108 - [L3][signal] IWM: Trend violated (Price < SMA) but Profit (10.78%) below threshold. Holding.
2026-02-25 15:17:57,267 - US_ETF_Swing_Strategy - INFO - strategyLogger:108 - [L1][signal] [2025-02-06] GLD: ELIGIBLE (Price 263.43 > SMA 246.87). Distance: 6.71% | Threshold: > 0%
2026-02-25 15:17:57,269 - US_ETF_Swing_Strategy - INFO - strategyLogger:108 - [L1][signal] [2025-02-06] IWM: ELIGIBLE (Price 228.65 > SMA 226.33). Distance: 1.03% | Threshold: > 0%
2026-02-25 15:17:57,271 - US_ETF_Swing_Strategy - INFO - strategyLogger:108 - [L1][signal] [2025-02-06] SLV: ELIGIBLE (Price 29.38 > SMA 28.39). Distance: 3.48% | Threshold: > 0%
2026-02-25 15:17:57,273 - US_ETF_Swing_Strategy - INFO - strategyLogger:108 - [L1][signal] [2025-02-06] QQQ: ELIGIBLE (Price 529.60 > SMA 506.22). Distance: 4.62% | Threshold: > 0%
2026-02-25 15:17:57,278 - US_ETF_Swing_Strategy - INFO - strategyLogger:108 - [L1][signal] [2025-02-06] VGT: ELIGIBLE (Price 627.03 > SMA 612.31). Distance: 2.40% | Threshold: > 0%
2026-02-25 15:17:57,280 - US_ETF_Swing_Strategy - INFO - strategyLogger:108 - [L1][execution] [2025-02-07] SLOTS: 4 Occupied / 4 Total
2026-02-25 15:17:57,284 - US_ETF_Swing_Strategy - INFO - strategyLogger:108 - [L1][signal] [2025-02-07] GLD: ELIGIBLE (Price 263.90 > SMA 247.12). Distance: 6.79% | Threshold: > 0%
2026-02-25 15:17:57,286 - US_ETF_Swing_Strategy - INFO - strategyLogger:108 - [L1][signal] [2025-02-07] SLV: ELIGIBLE (Price 29.03 > SMA 28.40). Distance: 2.21% | Threshold: > 0%
2026-02-25 15:17:57,288 - US_ETF_Swing_Strategy - INFO - strategyLogger:108 - [L1][signal] [2025-02-07] QQQ: ELIGIBLE (Price 522.92 > SMA 506.69). Distance: 3.20% | Threshold: > 0%
2026-02-25 15:17:57,290 - US_ETF_Swing_Strategy - INFO - strategyLogger:108 - [L1][signal] [2025-02-07] VGT: ELIGIBLE (Price 621.05 > SMA 612.83). Distance: 1.34% | Threshold: > 0%
2026-02-25 15:17:57,295 - US_ETF_Swing_Strategy - INFO - strategyLogger:108 - [L1][execution] [2025-02-10] SLOTS: 4 Occupied / 4 Total
2026-02-25 15:17:57,298 - US_ETF_Swing_Strategy - INFO - strategyLogger:108 - [L3][signal] IWM: Trend violated (Price < SMA) but Profit (10.64%) below threshold. Holding.
2026-02-25 15:17:57,301 - US_ETF_Swing_Strategy - INFO - strategyLogger:108 - [L1][signal] [2025-02-10] GLD: ELIGIBLE (Price 268.37 > SMA 247.42). Distance: 8.47% | Threshold: > 0%
2026-02-25 15:17:57,303 - US_ETF_Swing_Strategy - INFO - strategyLogger:108 - [L1][signal] [2025-02-10] IWM: ELIGIBLE (Price 227.02 > SMA 226.51). Distance: 0.22% | Threshold: > 0%
2026-02-25 15:17:57,305 - US_ETF_Swing_Strategy - INFO - strategyLogger:108 - [L1][signal] [2025-02-10] SLV: ELIGIBLE (Price 29.20 > SMA 28.41). Distance: 2.77% | Threshold: > 0%
2026-02-25 15:17:57,307 - US_ETF_Swing_Strategy - INFO - strategyLogger:108 - [L1][signal] [2025-02-10] QQQ: ELIGIBLE (Price 529.25 > SMA 507.25). Distance: 4.34% | Threshold: > 0%
2026-02-25 15:17:57,312 - US_ETF_Swing_Strategy - INFO - strategyLogger:108 - [L1][signal] [2025-02-10] VGT: ELIGIBLE (Price 628.86 > SMA 613.46). Distance: 2.51% | Threshold: > 0%
2026-02-25 15:17:57,313 - US_ETF_Swing_Strategy - INFO - strategyLogger:108 - [L1][execution] [2025-02-11] SLOTS: 4 Occupied / 4 Total
2026-02-25 15:17:57,317 - US_ETF_Swing_Strategy - INFO - strategyLogger:108 - [L3][signal] IWM: Trend violated (Price < SMA) but Profit (9.62%) below threshold. Holding.
2026-02-25 15:17:57,319 - US_ETF_Swing_Strategy - INFO - strategyLogger:108 - [L1][signal] [2025-02-11] GLD: ELIGIBLE (Price 267.39 > SMA 247.72). Distance: 7.94% | Threshold: > 0%
2026-02-25 15:17:57,322 - US_ETF_Swing_Strategy - INFO - strategyLogger:108 - [L1][signal] [2025-02-11] SLV: ELIGIBLE (Price 29.00 > SMA 28.42). Distance: 2.03% | Threshold: > 0%
2026-02-25 15:17:57,328 - US_ETF_Swing_Strategy - INFO - strategyLogger:108 - [L1][signal] [2025-02-11] QQQ: ELIGIBLE (Price 527.99 > SMA 507.80). Distance: 3.98% | Threshold: > 0%
2026-02-25 15:17:57,331 - US_ETF_Swing_Strategy - INFO - strategyLogger:108 - [L1][signal] [2025-02-11] VGT: ELIGIBLE (Price 628.04 > SMA 614.08). Distance: 2.27% | Threshold: > 0%
2026-02-25 15:17:57,334 - US_ETF_Swing_Strategy - INFO - strategyLogger:108 - [L1][execution] [2025-02-12] SLOTS: 4 Occupied / 4 Total
2026-02-25 15:17:57,336 - US_ETF_Swing_Strategy - INFO - strategyLogger:108 - [L3][signal] IWM: Trend violated (Price < SMA) but Profit (10.85%) below threshold. Holding.
2026-02-25 15:17:57,339 - US_ETF_Swing_Strategy - INFO - strategyLogger:108 - [L1][signal] [2025-02-12] GLD: ELIGIBLE (Price 267.67 > SMA 248.04). Distance: 7.91% | Threshold: > 0%
2026-02-25 15:17:57,348 - US_ETF_Swing_Strategy - INFO - strategyLogger:108 - [L1][signal] [2025-02-12] SLV: ELIGIBLE (Price 29.34 > SMA 28.44). Distance: 3.15% | Threshold: > 0%
2026-02-25 15:17:57,350 - US_ETF_Swing_Strategy - INFO - strategyLogger:108 - [L1][signal] [2025-02-12] QQQ: ELIGIBLE (Price 528.30 > SMA 508.37). Distance: 3.92% | Threshold: > 0%
2026-02-25 15:17:57,351 - US_ETF_Swing_Strategy - INFO - strategyLogger:108 - [L1][signal] [2025-02-12] VGT: ELIGIBLE (Price 627.22 > SMA 614.72). Distance: 2.03% | Threshold: > 0%
2026-02-25 15:17:57,353 - US_ETF_Swing_Strategy - INFO - strategyLogger:108 - [L1][execution] [2025-02-13] SLOTS: 4 Occupied / 4 Total
2026-02-25 15:17:57,357 - US_ETF_Swing_Strategy - INFO - strategyLogger:108 - [L3][signal] IWM: Trend violated (Price < SMA) but Profit (10.77%) below threshold. Holding.
2026-02-25 15:17:57,362 - US_ETF_Swing_Strategy - INFO - strategyLogger:108 - [L1][signal] [2025-02-13] GLD: ELIGIBLE (Price 270.31 > SMA 248.35). Distance: 8.84% | Threshold: > 0%
2026-02-25 15:17:57,368 - US_ETF_Swing_Strategy - INFO - strategyLogger:108 - [L1][signal] [2025-02-13] SLV: ELIGIBLE (Price 29.46 > SMA 28.46). Distance: 3.52% | Threshold: > 0%
2026-02-25 15:17:57,370 - US_ETF_Swing_Strategy - INFO - strategyLogger:108 - [L1][signal] [2025-02-13] QQQ: ELIGIBLE (Price 535.90 > SMA 508.89). Distance: 5.31% | Threshold: > 0%
2026-02-25 15:17:57,373 - US_ETF_Swing_Strategy - INFO - strategyLogger:108 - [L1][signal] [2025-02-13] VGT: ELIGIBLE (Price 636.95 > SMA 615.30). Distance: 3.52% | Threshold: > 0%
2026-02-25 15:17:57,378 - US_ETF_Swing_Strategy - INFO - strategyLogger:108 - [L1][execution] [2025-02-14] SLOTS: 4 Occupied / 4 Total
2026-02-25 15:17:57,388 - US_ETF_Swing_Strategy - INFO - strategyLogger:108 - [L1][signal] [2025-02-14] GLD: ELIGIBLE (Price 266.29 > SMA 248.59). Distance: 7.12% | Threshold: > 0%
2026-02-25 15:17:57,401 - US_ETF_Swing_Strategy - INFO - strategyLogger:108 - [L1][signal] [2025-02-14] SLV: ELIGIBLE (Price 29.31 > SMA 28.47). Distance: 2.96% | Threshold: > 0%
2026-02-25 15:17:57,403 - US_ETF_Swing_Strategy - INFO - strategyLogger:108 - [L1][signal] [2025-02-14] QQQ: ELIGIBLE (Price 538.15 > SMA 509.45). Distance: 5.63% | Threshold: > 0%
2026-02-25 15:17:57,407 - US_ETF_Swing_Strategy - INFO - strategyLogger:108 - [L1][signal] [2025-02-14] VGT: ELIGIBLE (Price 639.87 > SMA 615.92). Distance: 3.89% | Threshold: > 0%
2026-02-25 15:17:57,413 - US_ETF_Swing_Strategy - INFO - strategyLogger:108 - [L1][execution] [2025-02-18] SLOTS: 4 Occupied / 4 Total
2026-02-25 15:17:57,417 - US_ETF_Swing_Strategy - INFO - strategyLogger:108 - [L3][signal] IWM: Trend violated (Price < SMA) but Profit (11.00%) below threshold. Holding.
2026-02-25 15:17:57,419 - US_ETF_Swing_Strategy - INFO - strategyLogger:108 - [L1][signal] [2025-02-18] GLD: ELIGIBLE (Price 270.70 > SMA 248.87). Distance: 8.77% | Threshold: > 0%
2026-02-25 15:17:57,423 - US_ETF_Swing_Strategy - INFO - strategyLogger:108 - [L1][signal] [2025-02-18] IWM: ELIGIBLE (Price 227.21 > SMA 226.75). Distance: 0.20% | Threshold: > 0%
2026-02-25 15:17:57,428 - US_ETF_Swing_Strategy - INFO - strategyLogger:108 - [L1][signal] [2025-02-18] SLV: ELIGIBLE (Price 29.91 > SMA 28.49). Distance: 5.00% | Threshold: > 0%
2026-02-25 15:17:57,430 - US_ETF_Swing_Strategy - INFO - strategyLogger:108 - [L1][signal] [2025-02-18] QQQ: ELIGIBLE (Price 539.37 > SMA 510.01). Distance: 5.76% | Threshold: > 0%
2026-02-25 15:17:57,432 - US_ETF_Swing_Strategy - INFO - strategyLogger:108 - [L1][signal] [2025-02-18] VGT: ELIGIBLE (Price 644.10 > SMA 616.59). Distance: 4.46% | Threshold: > 0%
2026-02-25 15:17:57,435 - US_ETF_Swing_Strategy - INFO - strategyLogger:108 - [L1][execution] [2025-02-19] SLOTS: 4 Occupied / 4 Total
2026-02-25 15:17:57,437 - US_ETF_Swing_Strategy - INFO - strategyLogger:108 - [L3][signal] IWM: Trend violated (Price < SMA) but Profit (9.93%) below threshold. Holding.
2026-02-25 15:17:57,439 - US_ETF_Swing_Strategy - INFO - strategyLogger:108 - [L1][signal] [2025-02-19] GLD: ELIGIBLE (Price 270.85 > SMA 249.12). Distance: 8.72% | Threshold: > 0%
2026-02-25 15:17:57,445 - US_ETF_Swing_Strategy - INFO - strategyLogger:108 - [L1][signal] [2025-02-19] SLV: ELIGIBLE (Price 29.81 > SMA 28.49). Distance: 4.63% | Threshold: > 0%
2026-02-25 15:17:57,447 - US_ETF_Swing_Strategy - INFO - strategyLogger:108 - [L1][signal] [2025-02-19] QQQ: ELIGIBLE (Price 539.52 > SMA 510.56). Distance: 5.67% | Threshold: > 0%
2026-02-25 15:17:57,449 - US_ETF_Swing_Strategy - INFO - strategyLogger:108 - [L1][signal] [2025-02-19] VGT: ELIGIBLE (Price 643.66 > SMA 617.20). Distance: 4.29% | Threshold: > 0%
2026-02-25 15:17:57,452 - US_ETF_Swing_Strategy - INFO - strategyLogger:108 - [L1][execution] [2025-02-20] SLOTS: 4 Occupied / 4 Total
2026-02-25 15:17:57,453 - US_ETF_Swing_Strategy - INFO - strategyLogger:108 - [L3][signal] IWM: Trend violated (Price < SMA) but Profit (6.76%) below threshold. Holding.
2026-02-25 15:17:57,456 - US_ETF_Swing_Strategy - INFO - strategyLogger:108 - [L1][signal] [2025-02-20] GLD: ELIGIBLE (Price 270.99 > SMA 249.37). Distance: 8.67% | Threshold: > 0%
2026-02-25 15:17:57,461 - US_ETF_Swing_Strategy - INFO - strategyLogger:108 - [L1][signal] [2025-02-20] SLV: ELIGIBLE (Price 29.95 > SMA 28.50). Distance: 5.09% | Threshold: > 0%
2026-02-25 15:17:57,463 - US_ETF_Swing_Strategy - INFO - strategyLogger:108 - [L1][signal] [2025-02-20] QQQ: ELIGIBLE (Price 537.23 > SMA 511.07). Distance: 5.12% | Threshold: > 0%
2026-02-25 15:17:57,466 - US_ETF_Swing_Strategy - INFO - strategyLogger:108 - [L1][signal] [2025-02-20] VGT: ELIGIBLE (Price 641.51 > SMA 617.78). Distance: 3.84% | Threshold: > 0%
2026-02-25 15:17:57,469 - US_ETF_Swing_Strategy - INFO - strategyLogger:108 - [L1][execution] [2025-02-21] SLOTS: 4 Occupied / 4 Total
2026-02-25 15:17:57,471 - US_ETF_Swing_Strategy - INFO - strategyLogger:108 - [L3][signal] IWM: Trend violated (Price < SMA) but Profit (6.00%) below threshold. Holding.
2026-02-25 15:17:57,474 - US_ETF_Swing_Strategy - INFO - strategyLogger:108 - [L1][signal] [2025-02-21] GLD: ELIGIBLE (Price 270.74 > SMA 249.61). Distance: 8.46% | Threshold: > 0%
2026-02-25 15:17:57,480 - US_ETF_Swing_Strategy - INFO - strategyLogger:108 - [L1][signal] [2025-02-21] SLV: ELIGIBLE (Price 29.59 > SMA 28.50). Distance: 3.82% | Threshold: > 0%
2026-02-25 15:17:57,482 - US_ETF_Swing_Strategy - INFO - strategyLogger:108 - [L1][signal] [2025-02-21] QQQ: ELIGIBLE (Price 526.08 > SMA 511.44). Distance: 2.86% | Threshold: > 0%
2026-02-25 15:17:57,485 - US_ETF_Swing_Strategy - INFO - strategyLogger:108 - [L1][signal] [2025-02-21] VGT: ELIGIBLE (Price 624.14 > SMA 618.12). Distance: 0.97% | Threshold: > 0%
2026-02-25 15:17:57,487 - US_ETF_Swing_Strategy - INFO - strategyLogger:108 - [L1][execution] [2025-02-24] SLOTS: 4 Occupied / 4 Total
2026-02-25 15:17:57,496 - US_ETF_Swing_Strategy - INFO - strategyLogger:108 - [L3][signal] IWM: Trend violated (Price < SMA) but Profit (5.59%) below threshold. Holding.
2026-02-25 15:17:57,499 - US_ETF_Swing_Strategy - INFO - strategyLogger:108 - [L1][signal] [2025-02-24] GLD: ELIGIBLE (Price 272.21 > SMA 249.88). Distance: 8.93% | Threshold: > 0%
2026-02-25 15:17:57,503 - US_ETF_Swing_Strategy - INFO - strategyLogger:108 - [L1][signal] [2025-02-24] SLV: ELIGIBLE (Price 29.44 > SMA 28.51). Distance: 3.27% | Threshold: > 0%
2026-02-25 15:17:57,506 - US_ETF_Swing_Strategy - INFO - strategyLogger:108 - [L1][signal] [2025-02-24] QQQ: ELIGIBLE (Price 519.87 > SMA 511.77). Distance: 1.58% | Threshold: > 0%
2026-02-25 15:17:57,513 - US_ETF_Swing_Strategy - INFO - strategyLogger:108 - [L1][execution] [2025-02-25] SLOTS: 4 Occupied / 4 Total
2026-02-25 15:17:57,517 - US_ETF_Swing_Strategy - INFO - strategyLogger:108 - [L3][signal] IWM: Trend violated (Price < SMA) but Profit (5.73%) below threshold. Holding.
2026-02-25 15:17:57,519 - US_ETF_Swing_Strategy - INFO - strategyLogger:108 - [L1][signal] [2025-02-25] GLD: ELIGIBLE (Price 268.62 > SMA 250.14). Distance: 7.39% | Threshold: > 0%
2026-02-25 15:17:57,526 - US_ETF_Swing_Strategy - INFO - strategyLogger:108 - [L1][signal] [2025-02-25] SLV: ELIGIBLE (Price 28.83 > SMA 28.51). Distance: 1.11% | Threshold: > 0%
2026-02-25 15:17:57,530 - US_ETF_Swing_Strategy - INFO - strategyLogger:108 - [L1][signal] [2025-02-25] QQQ: ELIGIBLE (Price 513.32 > SMA 512.02). Distance: 0.25% | Threshold: > 0%
2026-02-25 15:17:57,534 - US_ETF_Swing_Strategy - INFO - strategyLogger:108 - [L1][execution] [2025-02-26] SLOTS: 4 Occupied / 4 Total
2026-02-25 15:17:57,539 - US_ETF_Swing_Strategy - INFO - strategyLogger:108 - [L3][signal] IWM: Trend violated (Price < SMA) but Profit (4.11%) below threshold. Holding.
2026-02-25 15:17:57,539 - US_ETF_Swing_Strategy - INFO - strategyLogger:108 - [L3][signal] QQQ: Trend violated (Price < SMA) but Profit (14.32%) below threshold. Holding.
2026-02-25 15:17:57,540 - US_ETF_Swing_Strategy - INFO - strategyLogger:108 - [L3][signal] SLV: Trend violated (Price < SMA) but Profit (-2.81%) below threshold. Holding.
2026-02-25 15:17:57,547 - US_ETF_Swing_Strategy - INFO - strategyLogger:108 - [L1][signal] [2025-02-26] GLD: ELIGIBLE (Price 269.03 > SMA 250.37). Distance: 7.45% | Threshold: > 0%
2026-02-25 15:17:57,550 - US_ETF_Swing_Strategy - INFO - strategyLogger:108 - [L1][signal] [2025-02-26] SLV: ELIGIBLE (Price 28.94 > SMA 28.52). Distance: 1.49% | Threshold: > 0%
2026-02-25 15:17:57,551 - US_ETF_Swing_Strategy - INFO - strategyLogger:108 - [L1][signal] [2025-02-26] QQQ: ELIGIBLE (Price 514.56 > SMA 512.35). Distance: 0.43% | Threshold: > 0%
2026-02-25 15:17:57,555 - US_ETF_Swing_Strategy - INFO - strategyLogger:108 - [L1][execution] [2025-02-27] SLOTS: 4 Occupied / 4 Total
2026-02-25 15:17:57,563 - US_ETF_Swing_Strategy - INFO - strategyLogger:108 - [L3][signal] IWM: Trend violated (Price < SMA) but Profit (5.22%) below threshold. Holding.
2026-02-25 15:17:57,563 - US_ETF_Swing_Strategy - INFO - strategyLogger:108 - [L1][execution] PROFIT EXIT TRIGGERED: QQQ at 508.17 (Profit: 16.13%)
2026-02-25 15:17:57,564 - US_ETF_Swing_Strategy - INFO - strategyLogger:108 - [L1][execution] [2025-02-28] [EXIT - SELL] Sold QQQ. Qty: 5.713, Price: $508.17, Buy Price: $437.60, PnL: $403.17 (16.13%)
2026-02-25 15:17:57,565 - US_ETF_Swing_Strategy - INFO - strategyLogger:108 - [L1][execution] Transaction Costs for QQQ (SELL): Brokerage=$5.81, Taxes=$0.00, Total Costs=$5.81. Net Proceeds: $2,897.37
2026-02-25 15:17:57,565 - US_ETF_Swing_Strategy - INFO - strategyLogger:108 - [L3][signal] SLV: Trend violated (Price < SMA) but Profit (-3.11%) below threshold. Holding.
2026-02-25 15:17:57,567 - US_ETF_Swing_Strategy - INFO - strategyLogger:108 - [L1][signal] [2025-02-27] GLD: ELIGIBLE (Price 264.93 > SMA 250.57). Distance: 5.73% | Threshold: > 0%
2026-02-25 15:17:57,571 - US_ETF_Swing_Strategy - INFO - strategyLogger:108 - [L2][execution] RECALCULATING: Available Cash: $2,891.53. New Slot Capital: $2,891.53
2026-02-25 15:17:57,573 - US_ETF_Swing_Strategy - INFO - strategyLogger:108 - [L1][execution] [2025-02-28] SLOTS: 3 Occupied / 4 Total
2026-02-25 15:17:57,579 - US_ETF_Swing_Strategy - INFO - strategyLogger:108 - [L3][signal] IWM: Trend violated (Price < SMA) but Profit (2.34%) below threshold. Holding.
2026-02-25 15:17:57,581 - US_ETF_Swing_Strategy - INFO - strategyLogger:108 - [L1][signal] [2025-02-28] GLD: ELIGIBLE (Price 263.27 > SMA 250.74). Distance: 5.00% | Threshold: > 0%
2026-02-25 15:17:57,587 - US_ETF_Swing_Strategy - INFO - strategyLogger:108 - [L1][execution] [2025-03-03] SLOTS: 3 Occupied / 4 Total
2026-02-25 15:17:57,591 - US_ETF_Swing_Strategy - INFO - strategyLogger:108 - [L3][signal] IWM: Trend violated (Price < SMA) but Profit (1.19%) below threshold. Holding.
2026-02-25 15:17:57,597 - US_ETF_Swing_Strategy - INFO - strategyLogger:108 - [L1][signal] [2025-03-03] GLD: ELIGIBLE (Price 266.74 > SMA 250.96). Distance: 6.29% | Threshold: > 0%
2026-02-25 15:17:57,601 - US_ETF_Swing_Strategy - INFO - strategyLogger:108 - [L1][signal] [2025-03-03] SLV: ELIGIBLE (Price 28.75 > SMA 28.49). Distance: 0.90% | Threshold: > 0%
2026-02-25 15:17:57,607 - US_ETF_Swing_Strategy - INFO - strategyLogger:108 - [L1][execution] [2025-03-04] SLOTS: 3 Occupied / 4 Total
2026-02-25 15:17:57,613 - US_ETF_Swing_Strategy - INFO - strategyLogger:108 - [L3][signal] IWM: Trend violated (Price < SMA) but Profit (2.19%) below threshold. Holding.
2026-02-25 15:17:57,615 - US_ETF_Swing_Strategy - INFO - strategyLogger:108 - [L1][signal] [2025-03-04] GLD: ELIGIBLE (Price 269.06 > SMA 251.21). Distance: 7.11% | Threshold: > 0%
2026-02-25 15:17:57,618 - US_ETF_Swing_Strategy - INFO - strategyLogger:108 - [L1][signal] [2025-03-04] SLV: ELIGIBLE (Price 29.00 > SMA 28.50). Distance: 1.77% | Threshold: > 0%
2026-02-25 15:17:57,622 - US_ETF_Swing_Strategy - INFO - strategyLogger:108 - [L1][execution] [2025-03-05] SLOTS: 3 Occupied / 4 Total
2026-02-25 15:17:57,627 - US_ETF_Swing_Strategy - INFO - strategyLogger:108 - [L3][signal] IWM: Trend violated (Price < SMA) but Profit (0.63%) below threshold. Holding.
2026-02-25 15:17:57,630 - US_ETF_Swing_Strategy - INFO - strategyLogger:108 - [L1][signal] [2025-03-05] GLD: ELIGIBLE (Price 269.62 > SMA 251.48). Distance: 7.21% | Threshold: > 0%
2026-02-25 15:17:57,634 - US_ETF_Swing_Strategy - INFO - strategyLogger:108 - [L1][signal] [2025-03-05] SLV: ELIGIBLE (Price 29.77 > SMA 28.51). Distance: 4.41% | Threshold: > 0%
2026-02-25 15:17:57,637 - US_ETF_Swing_Strategy - INFO - strategyLogger:108 - [L1][execution] [2025-03-06] SLOTS: 3 Occupied / 4 Total
2026-02-25 15:17:57,645 - US_ETF_Swing_Strategy - INFO - strategyLogger:108 - [L3][signal] IWM: Trend violated (Price < SMA) but Profit (0.96%) below threshold. Holding.
2026-02-25 15:17:57,648 - US_ETF_Swing_Strategy - INFO - strategyLogger:108 - [L1][signal] [2025-03-06] GLD: ELIGIBLE (Price 268.25 > SMA 251.75). Distance: 6.55% | Threshold: > 0%
2026-02-25 15:17:57,651 - US_ETF_Swing_Strategy - INFO - strategyLogger:108 - [L1][signal] [2025-03-06] SLV: ELIGIBLE (Price 29.69 > SMA 28.53). Distance: 4.06% | Threshold: > 0%
2026-02-25 15:17:57,655 - US_ETF_Swing_Strategy - INFO - strategyLogger:108 - [L1][execution] [2025-03-07] SLOTS: 3 Occupied / 4 Total
2026-02-25 15:17:57,659 - US_ETF_Swing_Strategy - INFO - strategyLogger:108 - [L3][signal] IWM: Trend violated (Price < SMA) but Profit (-1.58%) below threshold. Holding.
2026-02-25 15:17:57,662 - US_ETF_Swing_Strategy - INFO - strategyLogger:108 - [L1][signal] [2025-03-07] GLD: ELIGIBLE (Price 268.39 > SMA 252.01). Distance: 6.50% | Threshold: > 0%
2026-02-25 15:17:57,665 - US_ETF_Swing_Strategy - INFO - strategyLogger:108 - [L1][signal] [2025-03-07] SLV: ELIGIBLE (Price 29.59 > SMA 28.54). Distance: 3.67% | Threshold: > 0%
2026-02-25 15:17:57,669 - US_ETF_Swing_Strategy - INFO - strategyLogger:108 - [L1][execution] [2025-03-10] SLOTS: 3 Occupied / 4 Total
2026-02-25 15:17:57,671 - US_ETF_Swing_Strategy - INFO - strategyLogger:108 - [L3][signal] IWM: Trend violated (Price < SMA) but Profit (-1.59%) below threshold. Holding.
2026-02-25 15:17:57,674 - US_ETF_Swing_Strategy - INFO - strategyLogger:108 - [L1][signal] [2025-03-10] GLD: ELIGIBLE (Price 266.04 > SMA 252.22). Distance: 5.48% | Threshold: > 0%
2026-02-25 15:17:57,680 - US_ETF_Swing_Strategy - INFO - strategyLogger:108 - [L1][signal] [2025-03-10] SLV: ELIGIBLE (Price 29.11 > SMA 28.55). Distance: 1.97% | Threshold: > 0%
2026-02-25 15:17:57,684 - US_ETF_Swing_Strategy - INFO - strategyLogger:108 - [L1][execution] [2025-03-11] SLOTS: 3 Occupied / 4 Total
2026-02-25 15:17:57,686 - US_ETF_Swing_Strategy - INFO - strategyLogger:108 - [L3][signal] IWM: Trend violated (Price < SMA) but Profit (-1.42%) below threshold. Holding.
2026-02-25 15:17:57,689 - US_ETF_Swing_Strategy - INFO - strategyLogger:108 - [L1][signal] [2025-03-11] GLD: ELIGIBLE (Price 269.16 > SMA 252.46). Distance: 6.62% | Threshold: > 0%
2026-02-25 15:17:57,697 - US_ETF_Swing_Strategy - INFO - strategyLogger:108 - [L1][signal] [2025-03-11] SLV: ELIGIBLE (Price 29.96 > SMA 28.56). Distance: 4.90% | Threshold: > 0%
2026-02-25 15:17:57,700 - US_ETF_Swing_Strategy - INFO - strategyLogger:108 - [L1][execution] [2025-03-12] SLOTS: 3 Occupied / 4 Total
2026-02-25 15:17:57,702 - US_ETF_Swing_Strategy - INFO - strategyLogger:108 - [L3][signal] IWM: Trend violated (Price < SMA) but Profit (-2.89%) below threshold. Holding.
2026-02-25 15:17:57,705 - US_ETF_Swing_Strategy - INFO - strategyLogger:108 - [L1][signal] [2025-03-12] GLD: ELIGIBLE (Price 270.33 > SMA 252.70). Distance: 6.98% | Threshold: > 0%
2026-02-25 15:17:57,708 - US_ETF_Swing_Strategy - INFO - strategyLogger:108 - [L1][signal] [2025-03-12] SLV: ELIGIBLE (Price 30.22 > SMA 28.58). Distance: 5.75% | Threshold: > 0%
2026-02-25 15:17:57,715 - US_ETF_Swing_Strategy - INFO - strategyLogger:108 - [L1][execution] [2025-03-13] SLOTS: 3 Occupied / 4 Total
2026-02-25 15:17:57,718 - US_ETF_Swing_Strategy - INFO - strategyLogger:108 - [L3][signal] IWM: Trend violated (Price < SMA) but Profit (-0.54%) below threshold. Holding.
2026-02-25 15:17:57,719 - US_ETF_Swing_Strategy - INFO - strategyLogger:108 - [L1][signal] [2025-03-13] GLD: ELIGIBLE (Price 275.13 > SMA 252.98). Distance: 8.76% | Threshold: > 0%
2026-02-25 15:17:57,722 - US_ETF_Swing_Strategy - INFO - strategyLogger:108 - [L1][signal] [2025-03-13] SLV: ELIGIBLE (Price 30.74 > SMA 28.59). Distance: 7.50% | Threshold: > 0%
2026-02-25 15:17:57,729 - US_ETF_Swing_Strategy - INFO - strategyLogger:108 - [L1][execution] [2025-03-14] SLOTS: 3 Occupied / 4 Total
2026-02-25 15:17:57,731 - US_ETF_Swing_Strategy - INFO - strategyLogger:108 - [L3][signal] IWM: Trend violated (Price < SMA) but Profit (0.71%) below threshold. Holding.
2026-02-25 15:17:57,733 - US_ETF_Swing_Strategy - INFO - strategyLogger:108 - [L1][signal] [2025-03-14] GLD: ELIGIBLE (Price 275.24 > SMA 253.25). Distance: 8.68% | Threshold: > 0%
2026-02-25 15:17:57,738 - US_ETF_Swing_Strategy - INFO - strategyLogger:108 - [L1][signal] [2025-03-14] SLV: ELIGIBLE (Price 30.71 > SMA 28.61). Distance: 7.33% | Threshold: > 0%
2026-02-25 15:17:57,744 - US_ETF_Swing_Strategy - INFO - strategyLogger:108 - [L1][execution] [2025-03-17] SLOTS: 3 Occupied / 4 Total
2026-02-25 15:17:57,749 - US_ETF_Swing_Strategy - INFO - strategyLogger:108 - [L3][signal] IWM: Trend violated (Price < SMA) but Profit (-0.39%) below threshold. Holding.
2026-02-25 15:17:57,750 - US_ETF_Swing_Strategy - INFO - strategyLogger:108 - [L1][signal] [2025-03-17] GLD: ELIGIBLE (Price 276.73 > SMA 253.50). Distance: 9.16% | Threshold: > 0%
2026-02-25 15:17:57,755 - US_ETF_Swing_Strategy - INFO - strategyLogger:108 - [L1][signal] [2025-03-17] SLV: ELIGIBLE (Price 30.81 > SMA 28.61). Distance: 7.67% | Threshold: > 0%
2026-02-25 15:17:57,762 - US_ETF_Swing_Strategy - INFO - strategyLogger:108 - [L1][execution] [2025-03-18] SLOTS: 3 Occupied / 4 Total
2026-02-25 15:17:57,764 - US_ETF_Swing_Strategy - INFO - strategyLogger:108 - [L3][signal] IWM: Trend violated (Price < SMA) but Profit (1.16%) below threshold. Holding.
2026-02-25 15:17:57,767 - US_ETF_Swing_Strategy - INFO - strategyLogger:108 - [L1][signal] [2025-03-18] GLD: ELIGIBLE (Price 279.96 > SMA 253.79). Distance: 10.31% | Threshold: > 0%
2026-02-25 15:17:57,770 - US_ETF_Swing_Strategy - INFO - strategyLogger:108 - [L1][signal] [2025-03-18] SLV: ELIGIBLE (Price 30.85 > SMA 28.61). Distance: 7.81% | Threshold: > 0%
2026-02-25 15:17:57,773 - US_ETF_Swing_Strategy - INFO - strategyLogger:108 - [L1][execution] [2025-03-19] SLOTS: 3 Occupied / 4 Total
2026-02-25 15:17:57,779 - US_ETF_Swing_Strategy - INFO - strategyLogger:108 - [L3][signal] IWM: Trend violated (Price < SMA) but Profit (0.52%) below threshold. Holding.
2026-02-25 15:17:57,781 - US_ETF_Swing_Strategy - INFO - strategyLogger:108 - [L1][signal] [2025-03-19] GLD: ELIGIBLE (Price 281.11 > SMA 254.06). Distance: 10.65% | Threshold: > 0%
2026-02-25 15:17:57,784 - US_ETF_Swing_Strategy - INFO - strategyLogger:108 - [L1][signal] [2025-03-19] SLV: ELIGIBLE (Price 30.75 > SMA 28.60). Distance: 7.50% | Threshold: > 0%
2026-02-25 15:17:57,788 - US_ETF_Swing_Strategy - INFO - strategyLogger:108 - [L1][execution] [2025-03-20] SLOTS: 3 Occupied / 4 Total
2026-02-25 15:17:57,795 - US_ETF_Swing_Strategy - INFO - strategyLogger:108 - [L3][signal] IWM: Trend violated (Price < SMA) but Profit (-0.10%) below threshold. Holding.
2026-02-25 15:17:57,797 - US_ETF_Swing_Strategy - INFO - strategyLogger:108 - [L1][signal] [2025-03-20] GLD: ELIGIBLE (Price 280.75 > SMA 254.36). Distance: 10.38% | Threshold: > 0%
2026-02-25 15:17:57,800 - US_ETF_Swing_Strategy - INFO - strategyLogger:108 - [L1][signal] [2025-03-20] SLV: ELIGIBLE (Price 30.50 > SMA 28.60). Distance: 6.64% | Threshold: > 0%
2026-02-25 15:17:57,805 - US_ETF_Swing_Strategy - INFO - strategyLogger:108 - [L1][execution] [2025-03-21] SLOTS: 3 Occupied / 4 Total
2026-02-25 15:17:57,812 - US_ETF_Swing_Strategy - INFO - strategyLogger:108 - [L3][signal] IWM: Trend violated (Price < SMA) but Profit (2.38%) below threshold. Holding.
2026-02-25 15:17:57,815 - US_ETF_Swing_Strategy - INFO - strategyLogger:108 - [L1][signal] [2025-03-21] GLD: ELIGIBLE (Price 278.49 > SMA 254.62). Distance: 9.38% | Threshold: > 0%
2026-02-25 15:17:57,819 - US_ETF_Swing_Strategy - INFO - strategyLogger:108 - [L1][signal] [2025-03-21] SLV: ELIGIBLE (Price 30.02 > SMA 28.60). Distance: 4.98% | Threshold: > 0%
2026-02-25 15:17:57,822 - US_ETF_Swing_Strategy - INFO - strategyLogger:108 - [L1][execution] [2025-03-24] SLOTS: 3 Occupied / 4 Total
2026-02-25 15:17:57,830 - US_ETF_Swing_Strategy - INFO - strategyLogger:108 - [L3][signal] IWM: Trend violated (Price < SMA) but Profit (1.81%) below threshold. Holding.
2026-02-25 15:17:57,831 - US_ETF_Swing_Strategy - INFO - strategyLogger:108 - [L1][signal] [2025-03-24] GLD: ELIGIBLE (Price 277.25 > SMA 254.86). Distance: 8.79% | Threshold: > 0%
2026-02-25 15:17:57,836 - US_ETF_Swing_Strategy - INFO - strategyLogger:108 - [L1][signal] [2025-03-24] SLV: ELIGIBLE (Price 29.96 > SMA 28.59). Distance: 4.80% | Threshold: > 0%
2026-02-25 15:17:57,841 - US_ETF_Swing_Strategy - INFO - strategyLogger:108 - [L1][execution] [2025-03-25] SLOTS: 3 Occupied / 4 Total
2026-02-25 15:17:57,847 - US_ETF_Swing_Strategy - INFO - strategyLogger:108 - [L3][signal] IWM: Trend violated (Price < SMA) but Profit (0.78%) below threshold. Holding.
2026-02-25 15:17:57,850 - US_ETF_Swing_Strategy - INFO - strategyLogger:108 - [L1][signal] [2025-03-25] GLD: ELIGIBLE (Price 278.47 > SMA 255.11). Distance: 9.16% | Threshold: > 0%
2026-02-25 15:17:57,853 - US_ETF_Swing_Strategy - INFO - strategyLogger:108 - [L1][signal] [2025-03-25] SLV: ELIGIBLE (Price 30.58 > SMA 28.59). Distance: 6.97% | Threshold: > 0%
2026-02-25 15:17:57,860 - US_ETF_Swing_Strategy - INFO - strategyLogger:108 - [L1][execution] [2025-03-26] SLOTS: 3 Occupied / 4 Total
2026-02-25 15:17:57,863 - US_ETF_Swing_Strategy - INFO - strategyLogger:108 - [L3][signal] IWM: Trend violated (Price < SMA) but Profit (0.30%) below threshold. Holding.
2026-02-25 15:17:57,865 - US_ETF_Swing_Strategy - INFO - strategyLogger:108 - [L1][signal] [2025-03-26] GLD: ELIGIBLE (Price 278.24 > SMA 255.33). Distance: 8.97% | Threshold: > 0%
2026-02-25 15:17:57,867 - US_ETF_Swing_Strategy - INFO - strategyLogger:108 - [L1][signal] [2025-03-26] SLV: ELIGIBLE (Price 30.53 > SMA 28.58). Distance: 6.83% | Threshold: > 0%
2026-02-25 15:17:57,874 - US_ETF_Swing_Strategy - INFO - strategyLogger:108 - [L1][execution] [2025-03-27] SLOTS: 3 Occupied / 4 Total
2026-02-25 15:17:57,880 - US_ETF_Swing_Strategy - INFO - strategyLogger:108 - [L3][signal] IWM: Trend violated (Price < SMA) but Profit (-1.74%) below threshold. Holding.
2026-02-25 15:17:57,881 - US_ETF_Swing_Strategy - INFO - strategyLogger:108 - [L1][signal] [2025-03-27] GLD: ELIGIBLE (Price 281.97 > SMA 255.57). Distance: 10.33% | Threshold: > 0%
2026-02-25 15:17:57,886 - US_ETF_Swing_Strategy - INFO - strategyLogger:108 - [L1][signal] [2025-03-27] SLV: ELIGIBLE (Price 31.32 > SMA 28.58). Distance: 9.57% | Threshold: > 0%
2026-02-25 15:17:57,890 - US_ETF_Swing_Strategy - INFO - strategyLogger:108 - [L1][execution] [2025-03-28] SLOTS: 3 Occupied / 4 Total
2026-02-25 15:17:57,894 - US_ETF_Swing_Strategy - INFO - strategyLogger:108 - [L3][signal] IWM: Trend violated (Price < SMA) but Profit (-2.21%) below threshold. Holding.
2026-02-25 15:17:57,897 - US_ETF_Swing_Strategy - INFO - strategyLogger:108 - [L1][signal] [2025-03-28] GLD: ELIGIBLE (Price 284.06 > SMA 255.88). Distance: 11.01% | Threshold: > 0%
2026-02-25 15:17:57,901 - US_ETF_Swing_Strategy - INFO - strategyLogger:108 - [L1][signal] [2025-03-28] SLV: ELIGIBLE (Price 31.00 > SMA 28.60). Distance: 8.41% | Threshold: > 0%
2026-02-25 15:17:57,905 - US_ETF_Swing_Strategy - INFO - strategyLogger:108 - [L1][execution] [2025-03-31] SLOTS: 3 Occupied / 4 Total
2026-02-25 15:17:57,912 - US_ETF_Swing_Strategy - INFO - strategyLogger:108 - [L3][signal] IWM: Trend violated (Price < SMA) but Profit (-2.20%) below threshold. Holding.
2026-02-25 15:17:57,913 - US_ETF_Swing_Strategy - INFO - strategyLogger:108 - [L1][signal] [2025-03-31] GLD: ELIGIBLE (Price 288.14 > SMA 256.24). Distance: 12.45% | Threshold: > 0%
2026-02-25 15:17:57,918 - US_ETF_Swing_Strategy - INFO - strategyLogger:108 - [L1][signal] [2025-03-31] SLV: ELIGIBLE (Price 30.99 > SMA 28.61). Distance: 8.32% | Threshold: > 0%
2026-02-25 15:17:57,923 - US_ETF_Swing_Strategy - INFO - strategyLogger:108 - [L1][execution] [2025-04-01] SLOTS: 3 Occupied / 4 Total
2026-02-25 15:17:57,928 - US_ETF_Swing_Strategy - INFO - strategyLogger:108 - [L3][signal] IWM: Trend violated (Price < SMA) but Profit (-0.66%) below threshold. Holding.
2026-02-25 15:17:57,931 - US_ETF_Swing_Strategy - INFO - strategyLogger:108 - [L1][signal] [2025-04-01] GLD: ELIGIBLE (Price 287.57 > SMA 256.58). Distance: 12.08% | Threshold: > 0%
2026-02-25 15:17:57,935 - US_ETF_Swing_Strategy - INFO - strategyLogger:108 - [L1][signal] [2025-04-01] SLV: ELIGIBLE (Price 30.63 > SMA 28.62). Distance: 7.02% | Threshold: > 0%
2026-02-25 15:17:57,940 - US_ETF_Swing_Strategy - INFO - strategyLogger:108 - [L1][execution] [2025-04-02] SLOTS: 3 Occupied / 4 Total
2026-02-25 15:17:57,948 - US_ETF_Swing_Strategy - INFO - strategyLogger:108 - [L3][signal] IWM: Trend violated (Price < SMA) but Profit (-7.03%) below threshold. Holding.
2026-02-25 15:17:57,950 - US_ETF_Swing_Strategy - INFO - strategyLogger:108 - [L1][signal] [2025-04-02] GLD: ELIGIBLE (Price 288.16 > SMA 256.93). Distance: 12.15% | Threshold: > 0%
2026-02-25 15:17:57,953 - US_ETF_Swing_Strategy - INFO - strategyLogger:108 - [L1][signal] [2025-04-02] SLV: ELIGIBLE (Price 30.76 > SMA 28.63). Distance: 7.44% | Threshold: > 0%
2026-02-25 15:17:57,962 - US_ETF_Swing_Strategy - INFO - strategyLogger:108 - [L1][execution] [2025-04-03] SLOTS: 3 Occupied / 4 Total
2026-02-25 15:17:57,966 - US_ETF_Swing_Strategy - INFO - strategyLogger:108 - [L1][execution] STOP LOSS TRIGGERED: IWM at 181.19 (Entry: 204.00, SL: 183.60)
2026-02-25 15:17:57,967 - US_ETF_Swing_Strategy - INFO - strategyLogger:108 - [L1][execution] [2025-04-04] [EXIT - SELL] Sold IWM. Qty: 12.2549, Price: $181.19, Buy Price: $204.00, PnL: $-279.53 (-11.18%)
2026-02-25 15:17:57,968 - US_ETF_Swing_Strategy - INFO - strategyLogger:108 - [L1][execution] Transaction Costs for IWM (SELL): Brokerage=$4.44, Taxes=$0.00, Total Costs=$4.44. Net Proceeds: $2,216.02
2026-02-25 15:17:57,969 - US_ETF_Swing_Strategy - INFO - strategyLogger:108 - [L3][signal] SLV: Trend violated (Price < SMA) but Profit (-7.32%) below threshold. Holding.
2026-02-25 15:17:57,969 - US_ETF_Swing_Strategy - INFO - strategyLogger:108 - [L2][execution] RECALCULATING: Available Cash: $5,107.55. New Slot Capital: $5,107.55
2026-02-25 15:17:57,972 - US_ETF_Swing_Strategy - INFO - strategyLogger:108 - [L1][signal] [2025-04-03] GLD: ELIGIBLE (Price 286.42 > SMA 257.34). Distance: 11.30% | Threshold: > 0%
2026-02-25 15:17:57,981 - US_ETF_Swing_Strategy - INFO - strategyLogger:108 - [L1][signal] [2025-04-03] SLV: ELIGIBLE (Price 28.89 > SMA 28.63). Distance: 0.89% | Threshold: > 0%
2026-02-25 15:17:57,985 - US_ETF_Swing_Strategy - INFO - strategyLogger:108 - [L2][execution] RECALCULATING: Available Cash: $5,107.55. New Slot Capital: $2,553.78
2026-02-25 15:17:57,986 - US_ETF_Swing_Strategy - INFO - strategyLogger:108 - [L1][execution] [2025-04-04] SLOTS: 2 Occupied / 4 Total
2026-02-25 15:17:57,991 - US_ETF_Swing_Strategy - INFO - strategyLogger:108 - [L3][signal] SLV: Trend violated (Price < SMA) but Profit (-7.12%) below threshold. Holding.
2026-02-25 15:17:57,995 - US_ETF_Swing_Strategy - INFO - strategyLogger:108 - [L1][signal] [2025-04-04] GLD: ELIGIBLE (Price 279.72 > SMA 257.64). Distance: 8.57% | Threshold: > 0%
2026-02-25 15:17:58,004 - US_ETF_Swing_Strategy - INFO - strategyLogger:108 - [L1][execution] [2025-04-07] SLOTS: 2 Occupied / 4 Total
2026-02-25 15:17:58,008 - US_ETF_Swing_Strategy - INFO - strategyLogger:108 - [L3][signal] SLV: Trend violated (Price < SMA) but Profit (-7.12%) below threshold. Holding.
2026-02-25 15:17:58,014 - US_ETF_Swing_Strategy - INFO - strategyLogger:108 - [L1][signal] [2025-04-07] GLD: ELIGIBLE (Price 273.71 > SMA 257.90). Distance: 6.13% | Threshold: > 0%
2026-02-25 15:17:58,028 - US_ETF_Swing_Strategy - INFO - strategyLogger:108 - [L1][execution] [2025-04-08] SLOTS: 2 Occupied / 4 Total
2026-02-25 15:17:58,031 - US_ETF_Swing_Strategy - INFO - strategyLogger:108 - [L3][signal] SLV: Trend violated (Price < SMA) but Profit (-3.97%) below threshold. Holding.
2026-02-25 15:17:58,033 - US_ETF_Swing_Strategy - INFO - strategyLogger:108 - [L1][signal] [2025-04-08] GLD: ELIGIBLE (Price 275.20 > SMA 258.23). Distance: 6.57% | Threshold: > 0%
2026-02-25 15:17:58,039 - US_ETF_Swing_Strategy - INFO - strategyLogger:108 - [L1][execution] [2025-04-09] SLOTS: 2 Occupied / 4 Total
2026-02-25 15:17:58,045 - US_ETF_Swing_Strategy - INFO - strategyLogger:108 - [L3][signal] SLV: Trend violated (Price < SMA) but Profit (-3.22%) below threshold. Holding.
2026-02-25 15:17:58,048 - US_ETF_Swing_Strategy - INFO - strategyLogger:108 - [L1][signal] [2025-04-09] GLD: ELIGIBLE (Price 285.38 > SMA 258.68). Distance: 10.32% | Threshold: > 0%
2026-02-25 15:17:58,057 - US_ETF_Swing_Strategy - INFO - strategyLogger:108 - [L1][execution] [2025-04-10] SLOTS: 2 Occupied / 4 Total
2026-02-25 15:17:58,063 - US_ETF_Swing_Strategy - INFO - strategyLogger:108 - [L1][signal] [2025-04-10] GLD: ELIGIBLE (Price 292.35 > SMA 259.23). Distance: 12.78% | Threshold: > 0%
2026-02-25 15:17:58,072 - US_ETF_Swing_Strategy - INFO - strategyLogger:108 - [L1][execution] [2025-04-11] SLOTS: 2 Occupied / 4 Total
2026-02-25 15:17:58,081 - US_ETF_Swing_Strategy - INFO - strategyLogger:108 - [L1][signal] [2025-04-11] GLD: ELIGIBLE (Price 297.93 > SMA 259.84). Distance: 14.66% | Threshold: > 0%
2026-02-25 15:17:58,085 - US_ETF_Swing_Strategy - INFO - strategyLogger:108 - [L1][signal] [2025-04-11] SLV: ELIGIBLE (Price 29.19 > SMA 28.61). Distance: 2.02% | Threshold: > 0%
2026-02-25 15:17:58,090 - US_ETF_Swing_Strategy - INFO - strategyLogger:108 - [L1][execution] [2025-04-14] SLOTS: 2 Occupied / 4 Total
2026-02-25 15:17:58,098 - US_ETF_Swing_Strategy - INFO - strategyLogger:108 - [L1][signal] [2025-04-14] GLD: ELIGIBLE (Price 296.23 > SMA 260.43). Distance: 13.75% | Threshold: > 0%
2026-02-25 15:17:58,102 - US_ETF_Swing_Strategy - INFO - strategyLogger:108 - [L1][signal] [2025-04-14] SLV: ELIGIBLE (Price 29.38 > SMA 28.63). Distance: 2.62% | Threshold: > 0%
2026-02-25 15:17:58,108 - US_ETF_Swing_Strategy - INFO - strategyLogger:108 - [L1][execution] [2025-04-15] SLOTS: 2 Occupied / 4 Total
2026-02-25 15:17:58,115 - US_ETF_Swing_Strategy - INFO - strategyLogger:108 - [L1][signal] [2025-04-15] GLD: ELIGIBLE (Price 297.78 > SMA 261.00). Distance: 14.09% | Threshold: > 0%
2026-02-25 15:17:58,118 - US_ETF_Swing_Strategy - INFO - strategyLogger:108 - [L1][signal] [2025-04-15] SLV: ELIGIBLE (Price 29.41 > SMA 28.64). Distance: 2.68% | Threshold: > 0%
2026-02-25 15:17:58,123 - US_ETF_Swing_Strategy - INFO - strategyLogger:108 - [L1][execution] [2025-04-16] SLOTS: 2 Occupied / 4 Total
2026-02-25 15:17:58,131 - US_ETF_Swing_Strategy - INFO - strategyLogger:108 - [L1][signal] [2025-04-16] GLD: ELIGIBLE (Price 307.47 > SMA 261.64). Distance: 17.52% | Threshold: > 0%
2026-02-25 15:17:58,136 - US_ETF_Swing_Strategy - INFO - strategyLogger:108 - [L1][signal] [2025-04-16] SLV: ELIGIBLE (Price 29.76 > SMA 28.65). Distance: 3.86% | Threshold: > 0%
2026-02-25 15:17:58,141 - US_ETF_Swing_Strategy - INFO - strategyLogger:108 - [L1][execution] [2025-04-17] SLOTS: 2 Occupied / 4 Total
2026-02-25 15:17:58,148 - US_ETF_Swing_Strategy - INFO - strategyLogger:108 - [L1][signal] [2025-04-17] GLD: ELIGIBLE (Price 306.12 > SMA 262.26). Distance: 16.73% | Threshold: > 0%
2026-02-25 15:17:58,152 - US_ETF_Swing_Strategy - INFO - strategyLogger:108 - [L1][signal] [2025-04-17] SLV: ELIGIBLE (Price 29.55 > SMA 28.67). Distance: 3.07% | Threshold: > 0%
2026-02-25 15:17:58,160 - US_ETF_Swing_Strategy - INFO - strategyLogger:108 - [L1][execution] [2025-04-21] SLOTS: 2 Occupied / 4 Total
2026-02-25 15:17:58,163 - US_ETF_Swing_Strategy - INFO - strategyLogger:108 - [L1][signal] [2025-04-21] GLD: ELIGIBLE (Price 315.59 > SMA 262.95). Distance: 20.02% | Threshold: > 0%
2026-02-25 15:17:58,167 - US_ETF_Swing_Strategy - INFO - strategyLogger:108 - [L1][signal] [2025-04-21] SLV: ELIGIBLE (Price 29.79 > SMA 28.69). Distance: 3.85% | Threshold: > 0%
2026-02-25 15:17:58,174 - US_ETF_Swing_Strategy - INFO - strategyLogger:108 - [L1][execution] [2025-04-22] SLOTS: 2 Occupied / 4 Total
2026-02-25 15:17:58,181 - US_ETF_Swing_Strategy - INFO - strategyLogger:108 - [L1][signal] [2025-04-22] GLD: ELIGIBLE (Price 311.11 > SMA 263.56). Distance: 18.04% | Threshold: > 0%
2026-02-25 15:17:58,185 - US_ETF_Swing_Strategy - INFO - strategyLogger:108 - [L1][signal] [2025-04-22] SLV: ELIGIBLE (Price 29.50 > SMA 28.70). Distance: 2.80% | Threshold: > 0%
2026-02-25 15:17:58,191 - US_ETF_Swing_Strategy - INFO - strategyLogger:108 - [L1][execution] [2025-04-23] SLOTS: 2 Occupied / 4 Total
2026-02-25 15:17:58,198 - US_ETF_Swing_Strategy - INFO - strategyLogger:108 - [L1][signal] [2025-04-23] GLD: ELIGIBLE (Price 303.65 > SMA 264.17). Distance: 14.94% | Threshold: > 0%
2026-02-25 15:17:58,202 - US_ETF_Swing_Strategy - INFO - strategyLogger:108 - [L1][signal] [2025-04-23] SLV: ELIGIBLE (Price 30.56 > SMA 28.73). Distance: 6.39% | Threshold: > 0%
2026-02-25 15:17:58,207 - US_ETF_Swing_Strategy - INFO - strategyLogger:108 - [L1][execution] [2025-04-24] SLOTS: 2 Occupied / 4 Total
2026-02-25 15:17:58,213 - US_ETF_Swing_Strategy - INFO - strategyLogger:108 - [L1][signal] [2025-04-24] GLD: ELIGIBLE (Price 308.07 > SMA 264.82). Distance: 16.33% | Threshold: > 0%
2026-02-25 15:17:58,217 - US_ETF_Swing_Strategy - INFO - strategyLogger:108 - [L1][signal] [2025-04-24] SLV: ELIGIBLE (Price 30.56 > SMA 28.75). Distance: 6.28% | Threshold: > 0%
2026-02-25 15:17:58,220 - US_ETF_Swing_Strategy - INFO - strategyLogger:108 - [L1][execution] [2025-04-25] SLOTS: 2 Occupied / 4 Total
2026-02-25 15:17:58,226 - US_ETF_Swing_Strategy - INFO - strategyLogger:108 - [L1][signal] [2025-04-25] GLD: ELIGIBLE (Price 304.73 > SMA 265.43). Distance: 14.80% | Threshold: > 0%
2026-02-25 15:17:58,230 - US_ETF_Swing_Strategy - INFO - strategyLogger:108 - [L1][signal] [2025-04-25] SLV: ELIGIBLE (Price 30.05 > SMA 28.78). Distance: 4.42% | Threshold: > 0%
2026-02-25 15:17:58,236 - US_ETF_Swing_Strategy - INFO - strategyLogger:108 - [L1][execution] [2025-04-28] SLOTS: 2 Occupied / 4 Total
2026-02-25 15:17:58,241 - US_ETF_Swing_Strategy - INFO - strategyLogger:108 - [L1][signal] [2025-04-28] GLD: ELIGIBLE (Price 309.07 > SMA 266.07). Distance: 16.16% | Threshold: > 0%
2026-02-25 15:17:58,247 - US_ETF_Swing_Strategy - INFO - strategyLogger:108 - [L1][signal] [2025-04-28] SLV: ELIGIBLE (Price 30.19 > SMA 28.80). Distance: 4.82% | Threshold: > 0%
2026-02-25 15:17:58,251 - US_ETF_Swing_Strategy - INFO - strategyLogger:108 - [L1][execution] [2025-04-29] SLOTS: 2 Occupied / 4 Total
2026-02-25 15:17:58,255 - US_ETF_Swing_Strategy - INFO - strategyLogger:108 - [L1][signal] [2025-04-29] GLD: ELIGIBLE (Price 306.06 > SMA 266.70). Distance: 14.76% | Threshold: > 0%
2026-02-25 15:17:58,263 - US_ETF_Swing_Strategy - INFO - strategyLogger:108 - [L1][signal] [2025-04-29] SLV: ELIGIBLE (Price 29.83 > SMA 28.82). Distance: 3.50% | Threshold: > 0%
2026-02-25 15:17:58,269 - US_ETF_Swing_Strategy - INFO - strategyLogger:108 - [L1][execution] [2025-04-30] SLOTS: 2 Occupied / 4 Total
2026-02-25 15:17:58,272 - US_ETF_Swing_Strategy - INFO - strategyLogger:108 - [L1][signal] [2025-04-30] GLD: ELIGIBLE (Price 303.77 > SMA 267.29). Distance: 13.65% | Threshold: > 0%
2026-02-25 15:17:58,278 - US_ETF_Swing_Strategy - INFO - strategyLogger:108 - [L1][signal] [2025-04-30] SLV: ELIGIBLE (Price 29.60 > SMA 28.84). Distance: 2.65% | Threshold: > 0%
2026-02-25 15:17:58,282 - US_ETF_Swing_Strategy - INFO - strategyLogger:108 - [L1][execution] [2025-05-01] SLOTS: 2 Occupied / 4 Total
2026-02-25 15:17:58,285 - US_ETF_Swing_Strategy - INFO - strategyLogger:108 - [L1][signal] [2025-05-01] GLD: ELIGIBLE (Price 297.46 > SMA 267.82). Distance: 11.07% | Threshold: > 0%
2026-02-25 15:17:58,289 - US_ETF_Swing_Strategy - INFO - strategyLogger:108 - [L1][signal] [2025-05-01] SLV: ELIGIBLE (Price 29.39 > SMA 28.84). Distance: 1.89% | Threshold: > 0%
2026-02-25 15:17:58,301 - US_ETF_Swing_Strategy - INFO - strategyLogger:108 - [L1][execution] [2025-05-02] SLOTS: 2 Occupied / 4 Total
2026-02-25 15:17:58,305 - US_ETF_Swing_Strategy - INFO - strategyLogger:108 - [L1][signal] [2025-05-02] GLD: ELIGIBLE (Price 297.98 > SMA 268.37). Distance: 11.03% | Threshold: > 0%
2026-02-25 15:17:58,312 - US_ETF_Swing_Strategy - INFO - strategyLogger:108 - [L1][signal] [2025-05-02] SLV: ELIGIBLE (Price 29.12 > SMA 28.85). Distance: 0.94% | Threshold: > 0%
2026-02-25 15:17:58,315 - US_ETF_Swing_Strategy - INFO - strategyLogger:108 - [L1][execution] [2025-05-05] SLOTS: 2 Occupied / 4 Total
2026-02-25 15:17:58,319 - US_ETF_Swing_Strategy - INFO - strategyLogger:108 - [L1][signal] [2025-05-05] GLD: ELIGIBLE (Price 306.88 > SMA 269.01). Distance: 14.08% | Threshold: > 0%
2026-02-25 15:17:58,324 - US_ETF_Swing_Strategy - INFO - strategyLogger:108 - [L1][signal] [2025-05-05] SLV: ELIGIBLE (Price 29.48 > SMA 28.86). Distance: 2.14% | Threshold: > 0%
2026-02-25 15:17:58,331 - US_ETF_Swing_Strategy - INFO - strategyLogger:108 - [L1][execution] [2025-05-06] SLOTS: 2 Occupied / 4 Total
2026-02-25 15:17:58,332 - US_ETF_Swing_Strategy - INFO - strategyLogger:108 - [L1][signal] [2025-05-06] GLD: ELIGIBLE (Price 315.48 > SMA 269.71). Distance: 16.97% | Threshold: > 0%
2026-02-25 15:17:58,336 - US_ETF_Swing_Strategy - INFO - strategyLogger:108 - [L1][signal] [2025-05-06] SLV: ELIGIBLE (Price 30.22 > SMA 28.87). Distance: 4.66% | Threshold: > 0%
2026-02-25 15:17:58,340 - US_ETF_Swing_Strategy - INFO - strategyLogger:108 - [L1][execution] [2025-05-07] SLOTS: 2 Occupied / 4 Total
2026-02-25 15:17:58,346 - US_ETF_Swing_Strategy - INFO - strategyLogger:108 - [L1][signal] [2025-05-07] GLD: ELIGIBLE (Price 310.75 > SMA 270.33). Distance: 14.95% | Threshold: > 0%
2026-02-25 15:17:58,349 - US_ETF_Swing_Strategy - INFO - strategyLogger:108 - [L1][signal] [2025-05-07] SLV: ELIGIBLE (Price 29.49 > SMA 28.88). Distance: 2.11% | Threshold: > 0%
2026-02-25 15:17:58,353 - US_ETF_Swing_Strategy - INFO - strategyLogger:108 - [L1][execution] [2025-05-08] SLOTS: 2 Occupied / 4 Total
2026-02-25 15:17:58,360 - US_ETF_Swing_Strategy - INFO - strategyLogger:108 - [L1][signal] [2025-05-08] GLD: ELIGIBLE (Price 304.63 > SMA 270.87). Distance: 12.46% | Threshold: > 0%
2026-02-25 15:17:58,363 - US_ETF_Swing_Strategy - INFO - strategyLogger:108 - [L1][signal] [2025-05-08] SLV: ELIGIBLE (Price 29.46 > SMA 28.88). Distance: 2.00% | Threshold: > 0%
2026-02-25 15:17:58,368 - US_ETF_Swing_Strategy - INFO - strategyLogger:108 - [L1][execution] [2025-05-09] SLOTS: 2 Occupied / 4 Total
2026-02-25 15:17:58,373 - US_ETF_Swing_Strategy - INFO - strategyLogger:108 - [L1][signal] [2025-05-09] GLD: ELIGIBLE (Price 306.84 > SMA 271.47). Distance: 13.03% | Threshold: > 0%
2026-02-25 15:17:58,385 - US_ETF_Swing_Strategy - INFO - strategyLogger:108 - [L1][signal] [2025-05-09] SLV: ELIGIBLE (Price 29.80 > SMA 28.90). Distance: 3.12% | Threshold: > 0%
2026-02-25 15:17:58,397 - US_ETF_Swing_Strategy - INFO - strategyLogger:108 - [L1][execution] [2025-05-12] SLOTS: 2 Occupied / 4 Total
2026-02-25 15:17:58,416 - US_ETF_Swing_Strategy - INFO - strategyLogger:108 - [L1][signal] [2025-05-12] GLD: ELIGIBLE (Price 298.19 > SMA 272.01). Distance: 9.63% | Threshold: > 0%
2026-02-25 15:17:58,433 - US_ETF_Swing_Strategy - INFO - strategyLogger:108 - [L1][signal] [2025-05-12] SLV: ELIGIBLE (Price 29.63 > SMA 28.92). Distance: 2.46% | Threshold: > 0%
2026-02-25 15:17:58,436 - US_ETF_Swing_Strategy - INFO - strategyLogger:108 - [L1][signal] [2025-05-12] QQQ: ELIGIBLE (Price 507.85 > SMA 496.72). Distance: 2.24% | Threshold: > 0%
2026-02-25 15:17:58,451 - US_ETF_Swing_Strategy - INFO - strategyLogger:108 - [L1][signal] [2025-05-12] VGT: ELIGIBLE (Price 598.19 > SMA 586.04). Distance: 2.07% | Threshold: > 0%
2026-02-25 15:17:58,451 - US_ETF_Swing_Strategy - INFO - strategyLogger:108 - [L1][execution] [2025-05-13] [ENTRY - BUY] Bought VGT. Qty: 4.1763, Price: $611.49, Amount: $2,553.77
2026-02-25 15:17:58,453 - US_ETF_Swing_Strategy - INFO - strategyLogger:108 - [L1][execution] Transaction Costs for VGT (BUY): Brokerage=$5.11, Taxes=$0.00, Total Costs=$5.11. Net Outflow: $2,558.87
2026-02-25 15:17:58,453 - US_ETF_Swing_Strategy - INFO - strategyLogger:108 - [L1][execution] [2025-05-13] [ENTRY - BUY] Bought QQQ. Qty: 4.9432, Price: $515.59, Amount: $2,548.66
2026-02-25 15:17:58,454 - US_ETF_Swing_Strategy - INFO - strategyLogger:108 - [L1][execution] Transaction Costs for QQQ (BUY): Brokerage=$5.10, Taxes=$0.00, Total Costs=$5.10. Net Outflow: $2,553.76
2026-02-25 15:17:58,456 - US_ETF_Swing_Strategy - INFO - strategyLogger:108 - [L1][execution] [2025-05-13] SLOTS: 4 Occupied / 4 Total
2026-02-25 15:17:58,463 - US_ETF_Swing_Strategy - INFO - strategyLogger:108 - [L1][signal] [2025-05-13] GLD: ELIGIBLE (Price 299.46 > SMA 272.55). Distance: 9.87% | Threshold: > 0%
2026-02-25 15:17:58,467 - US_ETF_Swing_Strategy - INFO - strategyLogger:108 - [L1][signal] [2025-05-13] SLV: ELIGIBLE (Price 29.93 > SMA 28.94). Distance: 3.42% | Threshold: > 0%
2026-02-25 15:17:58,469 - US_ETF_Swing_Strategy - INFO - strategyLogger:108 - [L1][signal] [2025-05-13] QQQ: ELIGIBLE (Price 515.59 > SMA 496.49). Distance: 3.85% | Threshold: > 0%
2026-02-25 15:17:58,471 - US_ETF_Swing_Strategy - INFO - strategyLogger:108 - [L1][signal] [2025-05-13] VGT: ELIGIBLE (Price 611.49 > SMA 585.68). Distance: 4.41% | Threshold: > 0%
2026-02-25 15:17:58,476 - US_ETF_Swing_Strategy - INFO - strategyLogger:108 - [L1][execution] [2025-05-14] SLOTS: 4 Occupied / 4 Total
2026-02-25 15:17:58,479 - US_ETF_Swing_Strategy - INFO - strategyLogger:108 - [L1][signal] [2025-05-14] GLD: ELIGIBLE (Price 293.16 > SMA 273.04). Distance: 7.37% | Threshold: > 0%
2026-02-25 15:17:58,483 - US_ETF_Swing_Strategy - INFO - strategyLogger:108 - [L1][signal] [2025-05-14] SLV: ELIGIBLE (Price 29.25 > SMA 28.95). Distance: 1.02% | Threshold: > 0%
2026-02-25 15:17:58,485 - US_ETF_Swing_Strategy - INFO - strategyLogger:108 - [L1][signal] [2025-05-14] QQQ: ELIGIBLE (Price 518.68 > SMA 496.32). Distance: 4.50% | Threshold: > 0%
2026-02-25 15:17:58,486 - US_ETF_Swing_Strategy - INFO - strategyLogger:108 - [L1][signal] [2025-05-14] VGT: ELIGIBLE (Price 615.83 > SMA 585.39). Distance: 5.20% | Threshold: > 0%
2026-02-25 15:17:58,489 - US_ETF_Swing_Strategy - INFO - strategyLogger:108 - [L1][execution] [2025-05-15] SLOTS: 4 Occupied / 4 Total
2026-02-25 15:17:58,496 - US_ETF_Swing_Strategy - INFO - strategyLogger:108 - [L1][signal] [2025-05-15] GLD: ELIGIBLE (Price 297.84 > SMA 273.63). Distance: 8.85% | Threshold: > 0%
2026-02-25 15:17:58,500 - US_ETF_Swing_Strategy - INFO - strategyLogger:108 - [L1][signal] [2025-05-15] SLV: ELIGIBLE (Price 29.61 > SMA 28.98). Distance: 2.17% | Threshold: > 0%
2026-02-25 15:17:58,502 - US_ETF_Swing_Strategy - INFO - strategyLogger:108 - [L1][signal] [2025-05-15] QQQ: ELIGIBLE (Price 519.25 > SMA 496.35). Distance: 4.61% | Threshold: > 0%
2026-02-25 15:17:58,505 - US_ETF_Swing_Strategy - INFO - strategyLogger:108 - [L1][signal] [2025-05-15] VGT: ELIGIBLE (Price 615.55 > SMA 585.34). Distance: 5.16% | Threshold: > 0%
2026-02-25 15:17:58,510 - US_ETF_Swing_Strategy - INFO - strategyLogger:108 - [L1][execution] [2025-05-16] SLOTS: 4 Occupied / 4 Total
2026-02-25 15:17:58,515 - US_ETF_Swing_Strategy - INFO - strategyLogger:108 - [L1][signal] [2025-05-16] GLD: ELIGIBLE (Price 294.24 > SMA 274.18). Distance: 7.32% | Threshold: > 0%
2026-02-25 15:17:58,518 - US_ETF_Swing_Strategy - INFO - strategyLogger:108 - [L1][signal] [2025-05-16] IWM: ELIGIBLE (Price 209.85 > SMA 209.67). Distance: 0.09% | Threshold: > 0%
2026-02-25 15:17:58,519 - US_ETF_Swing_Strategy - INFO - strategyLogger:108 - [L1][signal] [2025-05-16] SLV: ELIGIBLE (Price 29.30 > SMA 29.01). Distance: 1.00% | Threshold: > 0%
2026-02-25 15:17:58,522 - US_ETF_Swing_Strategy - INFO - strategyLogger:108 - [L1][signal] [2025-05-16] QQQ: ELIGIBLE (Price 521.51 > SMA 496.42). Distance: 5.05% | Threshold: > 0%
2026-02-25 15:17:58,525 - US_ETF_Swing_Strategy - INFO - strategyLogger:108 - [L1][signal] [2025-05-16] VGT: ELIGIBLE (Price 616.71 > SMA 585.29). Distance: 5.37% | Threshold: > 0%
2026-02-25 15:17:58,529 - US_ETF_Swing_Strategy - INFO - strategyLogger:108 - [L1][execution] [2025-05-19] SLOTS: 4 Occupied / 4 Total
2026-02-25 15:17:58,534 - US_ETF_Swing_Strategy - INFO - strategyLogger:108 - [L1][signal] [2025-05-19] GLD: ELIGIBLE (Price 298.03 > SMA 274.74). Distance: 8.48% | Threshold: > 0%
2026-02-25 15:17:58,537 - US_ETF_Swing_Strategy - INFO - strategyLogger:108 - [L1][signal] [2025-05-19] SLV: ELIGIBLE (Price 29.42 > SMA 29.03). Distance: 1.33% | Threshold: > 0%
2026-02-25 15:17:58,541 - US_ETF_Swing_Strategy - INFO - strategyLogger:108 - [L1][signal] [2025-05-19] QQQ: ELIGIBLE (Price 522.01 > SMA 496.46). Distance: 5.15% | Threshold: > 0%
2026-02-25 15:17:58,546 - US_ETF_Swing_Strategy - INFO - strategyLogger:108 - [L1][signal] [2025-05-19] VGT: ELIGIBLE (Price 615.08 > SMA 585.12). Distance: 5.12% | Threshold: > 0%
2026-02-25 15:17:58,549 - US_ETF_Swing_Strategy - INFO - strategyLogger:108 - [L1][execution] [2025-05-20] SLOTS: 4 Occupied / 4 Total
2026-02-25 15:17:58,555 - US_ETF_Swing_Strategy - INFO - strategyLogger:108 - [L1][signal] [2025-05-20] GLD: ELIGIBLE (Price 303.58 > SMA 275.36). Distance: 10.25% | Threshold: > 0%
2026-02-25 15:17:58,563 - US_ETF_Swing_Strategy - INFO - strategyLogger:108 - [L1][signal] [2025-05-20] SLV: ELIGIBLE (Price 30.13 > SMA 29.07). Distance: 3.66% | Threshold: > 0%
2026-02-25 15:17:58,565 - US_ETF_Swing_Strategy - INFO - strategyLogger:108 - [L1][signal] [2025-05-20] QQQ: ELIGIBLE (Price 520.27 > SMA 496.43). Distance: 4.80% | Threshold: > 0%
2026-02-25 15:17:58,567 - US_ETF_Swing_Strategy - INFO - strategyLogger:108 - [L1][signal] [2025-05-20] VGT: ELIGIBLE (Price 612.92 > SMA 584.88). Distance: 4.79% | Threshold: > 0%
2026-02-25 15:17:58,569 - US_ETF_Swing_Strategy - INFO - strategyLogger:108 - [L1][execution] [2025-05-21] SLOTS: 4 Occupied / 4 Total
2026-02-25 15:17:58,573 - US_ETF_Swing_Strategy - INFO - strategyLogger:108 - [L1][signal] [2025-05-21] GLD: ELIGIBLE (Price 305.82 > SMA 276.01). Distance: 10.80% | Threshold: > 0%
2026-02-25 15:17:58,580 - US_ETF_Swing_Strategy - INFO - strategyLogger:108 - [L1][signal] [2025-05-21] SLV: ELIGIBLE (Price 30.51 > SMA 29.10). Distance: 4.84% | Threshold: > 0%
2026-02-25 15:17:58,581 - US_ETF_Swing_Strategy - INFO - strategyLogger:108 - [L1][signal] [2025-05-21] QQQ: ELIGIBLE (Price 513.04 > SMA 496.26). Distance: 3.38% | Threshold: > 0%
2026-02-25 15:17:58,583 - US_ETF_Swing_Strategy - INFO - strategyLogger:108 - [L1][signal] [2025-05-21] VGT: ELIGIBLE (Price 601.18 > SMA 584.44). Distance: 2.86% | Threshold: > 0%
2026-02-25 15:17:58,586 - US_ETF_Swing_Strategy - INFO - strategyLogger:108 - [L1][execution] [2025-05-22] SLOTS: 4 Occupied / 4 Total
2026-02-25 15:17:58,591 - US_ETF_Swing_Strategy - INFO - strategyLogger:108 - [L1][signal] [2025-05-22] GLD: ELIGIBLE (Price 303.11 > SMA 276.61). Distance: 9.58% | Threshold: > 0%
2026-02-25 15:17:58,597 - US_ETF_Swing_Strategy - INFO - strategyLogger:108 - [L1][signal] [2025-05-22] SLV: ELIGIBLE (Price 30.03 > SMA 29.13). Distance: 3.09% | Threshold: > 0%
2026-02-25 15:17:58,599 - US_ETF_Swing_Strategy - INFO - strategyLogger:108 - [L1][signal] [2025-05-22] QQQ: ELIGIBLE (Price 514.00 > SMA 496.11). Distance: 3.61% | Threshold: > 0%
2026-02-25 15:17:58,600 - US_ETF_Swing_Strategy - INFO - strategyLogger:108 - [L1][signal] [2025-05-22] VGT: ELIGIBLE (Price 602.19 > SMA 584.01). Distance: 3.11% | Threshold: > 0%
2026-02-25 15:17:58,603 - US_ETF_Swing_Strategy - INFO - strategyLogger:108 - [L1][execution] [2025-05-23] SLOTS: 4 Occupied / 4 Total
2026-02-25 15:17:58,612 - US_ETF_Swing_Strategy - INFO - strategyLogger:108 - [L1][signal] [2025-05-23] GLD: ELIGIBLE (Price 309.75 > SMA 277.29). Distance: 11.71% | Threshold: > 0%
2026-02-25 15:17:58,615 - US_ETF_Swing_Strategy - INFO - strategyLogger:108 - [L1][signal] [2025-05-23] SLV: ELIGIBLE (Price 30.45 > SMA 29.17). Distance: 4.40% | Threshold: > 0%
2026-02-25 15:17:58,617 - US_ETF_Swing_Strategy - INFO - strategyLogger:108 - [L1][signal] [2025-05-23] QQQ: ELIGIBLE (Price 509.24 > SMA 495.97). Distance: 2.67% | Threshold: > 0%
2026-02-25 15:17:58,619 - US_ETF_Swing_Strategy - INFO - strategyLogger:108 - [L1][signal] [2025-05-23] VGT: ELIGIBLE (Price 595.09 > SMA 583.61). Distance: 1.97% | Threshold: > 0%
2026-02-25 15:17:58,621 - US_ETF_Swing_Strategy - INFO - strategyLogger:108 - [L1][execution] [2025-05-27] SLOTS: 4 Occupied / 4 Total
2026-02-25 15:17:58,628 - US_ETF_Swing_Strategy - INFO - strategyLogger:108 - [L1][signal] [2025-05-27] GLD: ELIGIBLE (Price 304.50 > SMA 277.93). Distance: 9.56% | Threshold: > 0%
2026-02-25 15:17:58,631 - US_ETF_Swing_Strategy - INFO - strategyLogger:108 - [L1][signal] [2025-05-27] SLV: ELIGIBLE (Price 30.23 > SMA 29.20). Distance: 3.51% | Threshold: > 0%
2026-02-25 15:17:58,633 - US_ETF_Swing_Strategy - INFO - strategyLogger:108 - [L1][signal] [2025-05-27] QQQ: ELIGIBLE (Price 521.22 > SMA 496.03). Distance: 5.08% | Threshold: > 0%
2026-02-25 15:17:58,636 - US_ETF_Swing_Strategy - INFO - strategyLogger:108 - [L1][signal] [2025-05-27] VGT: ELIGIBLE (Price 609.71 > SMA 583.43). Distance: 4.50% | Threshold: > 0%
2026-02-25 15:17:58,637 - US_ETF_Swing_Strategy - INFO - strategyLogger:108 - [L1][execution] [2025-05-28] SLOTS: 4 Occupied / 4 Total
2026-02-25 15:17:58,646 - US_ETF_Swing_Strategy - INFO - strategyLogger:108 - [L1][signal] [2025-05-28] GLD: ELIGIBLE (Price 303.81 > SMA 278.55). Distance: 9.07% | Threshold: > 0%
2026-02-25 15:17:58,649 - US_ETF_Swing_Strategy - INFO - strategyLogger:108 - [L1][signal] [2025-05-28] SLV: ELIGIBLE (Price 29.98 > SMA 29.24). Distance: 2.53% | Threshold: > 0%
2026-02-25 15:17:58,651 - US_ETF_Swing_Strategy - INFO - strategyLogger:108 - [L1][signal] [2025-05-28] QQQ: ELIGIBLE (Price 518.91 > SMA 496.11). Distance: 4.60% | Threshold: > 0%
2026-02-25 15:17:58,653 - US_ETF_Swing_Strategy - INFO - strategyLogger:108 - [L1][signal] [2025-05-28] VGT: ELIGIBLE (Price 606.95 > SMA 583.28). Distance: 4.06% | Threshold: > 0%
2026-02-25 15:17:58,655 - US_ETF_Swing_Strategy - INFO - strategyLogger:108 - [L1][execution] [2025-05-29] SLOTS: 4 Occupied / 4 Total
2026-02-25 15:17:58,663 - US_ETF_Swing_Strategy - INFO - strategyLogger:108 - [L1][signal] [2025-05-29] GLD: ELIGIBLE (Price 305.61 > SMA 279.15). Distance: 9.48% | Threshold: > 0%
2026-02-25 15:17:58,668 - US_ETF_Swing_Strategy - INFO - strategyLogger:108 - [L1][signal] [2025-05-29] SLV: ELIGIBLE (Price 30.30 > SMA 29.27). Distance: 3.50% | Threshold: > 0%
2026-02-25 15:17:58,671 - US_ETF_Swing_Strategy - INFO - strategyLogger:108 - [L1][signal] [2025-05-29] QQQ: ELIGIBLE (Price 519.93 > SMA 496.20). Distance: 4.78% | Threshold: > 0%
2026-02-25 15:17:58,673 - US_ETF_Swing_Strategy - INFO - strategyLogger:108 - [L1][signal] [2025-05-29] VGT: ELIGIBLE (Price 609.13 > SMA 583.16). Distance: 4.45% | Threshold: > 0%
2026-02-25 15:17:58,680 - US_ETF_Swing_Strategy - INFO - strategyLogger:108 - [L1][execution] [2025-05-30] SLOTS: 4 Occupied / 4 Total
2026-02-25 15:17:58,685 - US_ETF_Swing_Strategy - INFO - strategyLogger:108 - [L1][signal] [2025-05-30] GLD: ELIGIBLE (Price 303.60 > SMA 279.75). Distance: 8.53% | Threshold: > 0%
2026-02-25 15:17:58,688 - US_ETF_Swing_Strategy - INFO - strategyLogger:108 - [L1][signal] [2025-05-30] SLV: ELIGIBLE (Price 30.00 > SMA 29.31). Distance: 2.37% | Threshold: > 0%
2026-02-25 15:17:58,694 - US_ETF_Swing_Strategy - INFO - strategyLogger:108 - [L1][signal] [2025-05-30] QQQ: ELIGIBLE (Price 519.11 > SMA 496.21). Distance: 4.62% | Threshold: > 0%
2026-02-25 15:17:58,697 - US_ETF_Swing_Strategy - INFO - strategyLogger:108 - [L1][signal] [2025-05-30] VGT: ELIGIBLE (Price 606.37 > SMA 582.89). Distance: 4.03% | Threshold: > 0%
2026-02-25 15:17:58,700 - US_ETF_Swing_Strategy - INFO - strategyLogger:108 - [L1][execution] [2025-06-02] SLOTS: 4 Occupied / 4 Total
2026-02-25 15:17:58,705 - US_ETF_Swing_Strategy - INFO - strategyLogger:108 - [L1][signal] [2025-06-02] GLD: ELIGIBLE (Price 311.67 > SMA 280.43). Distance: 11.14% | Threshold: > 0%
2026-02-25 15:17:58,713 - US_ETF_Swing_Strategy - INFO - strategyLogger:108 - [L1][signal] [2025-06-02] SLV: ELIGIBLE (Price 31.59 > SMA 29.35). Distance: 7.64% | Threshold: > 0%
2026-02-25 15:17:58,717 - US_ETF_Swing_Strategy - INFO - strategyLogger:108 - [L1][signal] [2025-06-02] QQQ: ELIGIBLE (Price 523.21 > SMA 496.20). Distance: 5.44% | Threshold: > 0%
2026-02-25 15:17:58,719 - US_ETF_Swing_Strategy - INFO - strategyLogger:108 - [L1][signal] [2025-06-02] VGT: ELIGIBLE (Price 611.88 > SMA 582.59). Distance: 5.03% | Threshold: > 0%
2026-02-25 15:17:58,722 - US_ETF_Swing_Strategy - INFO - strategyLogger:108 - [L1][execution] [2025-06-03] SLOTS: 4 Occupied / 4 Total
2026-02-25 15:17:58,730 - US_ETF_Swing_Strategy - INFO - strategyLogger:108 - [L1][signal] [2025-06-03] GLD: ELIGIBLE (Price 308.91 > SMA 281.08). Distance: 9.90% | Threshold: > 0%
2026-02-25 15:17:58,732 - US_ETF_Swing_Strategy - INFO - strategyLogger:108 - [L1][signal] [2025-06-03] IWM: ELIGIBLE (Price 209.03 > SMA 207.84). Distance: 0.57% | Threshold: > 0%
2026-02-25 15:17:58,734 - US_ETF_Swing_Strategy - INFO - strategyLogger:108 - [L1][signal] [2025-06-03] SLV: ELIGIBLE (Price 31.44 > SMA 29.39). Distance: 6.98% | Threshold: > 0%
2026-02-25 15:17:58,736 - US_ETF_Swing_Strategy - INFO - strategyLogger:108 - [L1][signal] [2025-06-03] QQQ: ELIGIBLE (Price 527.30 > SMA 496.32). Distance: 6.24% | Threshold: > 0%
2026-02-25 15:17:58,738 - US_ETF_Swing_Strategy - INFO - strategyLogger:108 - [L1][signal] [2025-06-03] VGT: ELIGIBLE (Price 621.63 > SMA 582.54). Distance: 6.71% | Threshold: > 0%
2026-02-25 15:17:58,743 - US_ETF_Swing_Strategy - INFO - strategyLogger:108 - [L1][execution] [2025-06-04] SLOTS: 4 Occupied / 4 Total
2026-02-25 15:17:58,749 - US_ETF_Swing_Strategy - INFO - strategyLogger:108 - [L1][signal] [2025-06-04] GLD: ELIGIBLE (Price 310.90 > SMA 281.73). Distance: 10.36% | Threshold: > 0%
2026-02-25 15:17:58,751 - US_ETF_Swing_Strategy - INFO - strategyLogger:108 - [L1][signal] [2025-06-04] IWM: ELIGIBLE (Price 208.44 > SMA 207.71). Distance: 0.35% | Threshold: > 0%
2026-02-25 15:17:58,753 - US_ETF_Swing_Strategy - INFO - strategyLogger:108 - [L1][signal] [2025-06-04] SLV: ELIGIBLE (Price 31.34 > SMA 29.43). Distance: 6.49% | Threshold: > 0%
2026-02-25 15:17:58,757 - US_ETF_Swing_Strategy - INFO - strategyLogger:108 - [L1][signal] [2025-06-04] QQQ: ELIGIBLE (Price 528.77 > SMA 496.45). Distance: 6.51% | Threshold: > 0%
2026-02-25 15:17:58,761 - US_ETF_Swing_Strategy - INFO - strategyLogger:108 - [L1][signal] [2025-06-04] VGT: ELIGIBLE (Price 623.31 > SMA 582.50). Distance: 7.01% | Threshold: > 0%
2026-02-25 15:17:58,765 - US_ETF_Swing_Strategy - INFO - strategyLogger:108 - [L1][execution] [2025-06-05] SLOTS: 4 Occupied / 4 Total
2026-02-25 15:17:58,769 - US_ETF_Swing_Strategy - INFO - strategyLogger:108 - [L1][signal] [2025-06-05] GLD: ELIGIBLE (Price 309.33 > SMA 282.34). Distance: 9.56% | Threshold: > 0%
2026-02-25 15:17:58,772 - US_ETF_Swing_Strategy - INFO - strategyLogger:108 - [L1][signal] [2025-06-05] IWM: ELIGIBLE (Price 208.53 > SMA 207.62). Distance: 0.44% | Threshold: > 0%
2026-02-25 15:17:58,777 - US_ETF_Swing_Strategy - INFO - strategyLogger:108 - [L1][signal] [2025-06-05] SLV: ELIGIBLE (Price 32.45 > SMA 29.48). Distance: 10.08% | Threshold: > 0%
2026-02-25 15:17:58,779 - US_ETF_Swing_Strategy - INFO - strategyLogger:108 - [L1][signal] [2025-06-05] QQQ: ELIGIBLE (Price 524.79 > SMA 496.63). Distance: 5.67% | Threshold: > 0%
2026-02-25 15:17:58,781 - US_ETF_Swing_Strategy - INFO - strategyLogger:108 - [L1][signal] [2025-06-05] VGT: ELIGIBLE (Price 620.52 > SMA 582.57). Distance: 6.51% | Threshold: > 0%
2026-02-25 15:17:58,784 - US_ETF_Swing_Strategy - INFO - strategyLogger:108 - [L1][execution] [2025-06-06] SLOTS: 4 Occupied / 4 Total
2026-02-25 15:17:58,792 - US_ETF_Swing_Strategy - INFO - strategyLogger:108 - [L1][signal] [2025-06-06] GLD: ELIGIBLE (Price 305.18 > SMA 282.93). Distance: 7.86% | Threshold: > 0%
2026-02-25 15:17:58,796 - US_ETF_Swing_Strategy - INFO - strategyLogger:108 - [L1][signal] [2025-06-06] IWM: ELIGIBLE (Price 211.90 > SMA 207.57). Distance: 2.09% | Threshold: > 0%
2026-02-25 15:17:58,798 - US_ETF_Swing_Strategy - INFO - strategyLogger:108 - [L1][signal] [2025-06-06] SLV: ELIGIBLE (Price 32.69 > SMA 29.53). Distance: 10.68% | Threshold: > 0%
2026-02-25 15:17:58,800 - US_ETF_Swing_Strategy - INFO - strategyLogger:108 - [L1][signal] [2025-06-06] QQQ: ELIGIBLE (Price 529.92 > SMA 496.87). Distance: 6.65% | Threshold: > 0%
2026-02-25 15:17:58,802 - US_ETF_Swing_Strategy - INFO - strategyLogger:108 - [L1][signal] [2025-06-06] VGT: ELIGIBLE (Price 626.42 > SMA 582.75). Distance: 7.49% | Threshold: > 0%
2026-02-25 15:17:58,804 - US_ETF_Swing_Strategy - INFO - strategyLogger:108 - [L1][execution] [2025-06-09] SLOTS: 4 Occupied / 4 Total
2026-02-25 15:17:58,813 - US_ETF_Swing_Strategy - INFO - strategyLogger:108 - [L1][signal] [2025-06-09] GLD: ELIGIBLE (Price 306.62 > SMA 283.53). Distance: 8.14% | Threshold: > 0%
2026-02-25 15:17:58,817 - US_ETF_Swing_Strategy - INFO - strategyLogger:108 - [L1][signal] [2025-06-09] IWM: ELIGIBLE (Price 213.36 > SMA 207.51). Distance: 2.82% | Threshold: > 0%
2026-02-25 15:17:58,819 - US_ETF_Swing_Strategy - INFO - strategyLogger:108 - [L1][signal] [2025-06-09] SLV: ELIGIBLE (Price 33.39 > SMA 29.60). Distance: 12.82% | Threshold: > 0%
2026-02-25 15:17:58,822 - US_ETF_Swing_Strategy - INFO - strategyLogger:108 - [L1][signal] [2025-06-09] QQQ: ELIGIBLE (Price 530.70 > SMA 497.13). Distance: 6.75% | Threshold: > 0%
2026-02-25 15:17:58,828 - US_ETF_Swing_Strategy - INFO - strategyLogger:108 - [L1][signal] [2025-06-09] VGT: ELIGIBLE (Price 629.14 > SMA 582.94). Distance: 7.92% | Threshold: > 0%
2026-02-25 15:17:58,830 - US_ETF_Swing_Strategy - INFO - strategyLogger:108 - [L1][execution] [2025-06-10] SLOTS: 4 Occupied / 4 Total
2026-02-25 15:17:58,834 - US_ETF_Swing_Strategy - INFO - strategyLogger:108 - [L1][signal] [2025-06-10] GLD: ELIGIBLE (Price 306.71 > SMA 284.11). Distance: 7.96% | Threshold: > 0%
2026-02-25 15:17:58,836 - US_ETF_Swing_Strategy - INFO - strategyLogger:108 - [L1][signal] [2025-06-10] IWM: ELIGIBLE (Price 214.51 > SMA 207.41). Distance: 3.42% | Threshold: > 0%
2026-02-25 15:17:58,838 - US_ETF_Swing_Strategy - INFO - strategyLogger:108 - [L1][signal] [2025-06-10] SLV: ELIGIBLE (Price 33.23 > SMA 29.65). Distance: 12.08% | Threshold: > 0%
2026-02-25 15:17:58,845 - US_ETF_Swing_Strategy - INFO - strategyLogger:108 - [L1][signal] [2025-06-10] QQQ: ELIGIBLE (Price 534.21 > SMA 497.30). Distance: 7.42% | Threshold: > 0%
2026-02-25 15:17:58,848 - US_ETF_Swing_Strategy - INFO - strategyLogger:108 - [L1][signal] [2025-06-10] VGT: ELIGIBLE (Price 631.77 > SMA 583.03). Distance: 8.36% | Threshold: > 0%
2026-02-25 15:17:58,850 - US_ETF_Swing_Strategy - INFO - strategyLogger:108 - [L1][execution] [2025-06-11] SLOTS: 4 Occupied / 4 Total
2026-02-25 15:17:58,854 - US_ETF_Swing_Strategy - INFO - strategyLogger:108 - [L1][signal] [2025-06-11] GLD: ELIGIBLE (Price 308.37 > SMA 284.68). Distance: 8.32% | Threshold: > 0%
2026-02-25 15:17:58,857 - US_ETF_Swing_Strategy - INFO - strategyLogger:108 - [L1][signal] [2025-06-11] IWM: ELIGIBLE (Price 213.63 > SMA 207.30). Distance: 3.05% | Threshold: > 0%
2026-02-25 15:17:58,861 - US_ETF_Swing_Strategy - INFO - strategyLogger:108 - [L1][signal] [2025-06-11] SLV: ELIGIBLE (Price 32.95 > SMA 29.70). Distance: 10.95% | Threshold: > 0%
2026-02-25 15:17:58,863 - US_ETF_Swing_Strategy - INFO - strategyLogger:108 - [L1][signal] [2025-06-11] QQQ: ELIGIBLE (Price 532.41 > SMA 497.50). Distance: 7.02% | Threshold: > 0%
2026-02-25 15:17:58,865 - US_ETF_Swing_Strategy - INFO - strategyLogger:108 - [L1][signal] [2025-06-11] VGT: ELIGIBLE (Price 629.27 > SMA 583.14). Distance: 7.91% | Threshold: > 0%
2026-02-25 15:17:58,868 - US_ETF_Swing_Strategy - INFO - strategyLogger:108 - [L1][execution] [2025-06-12] SLOTS: 4 Occupied / 4 Total
2026-02-25 15:17:58,872 - US_ETF_Swing_Strategy - INFO - strategyLogger:108 - [L1][signal] [2025-06-12] GLD: ELIGIBLE (Price 312.20 > SMA 285.31). Distance: 9.42% | Threshold: > 0%
2026-02-25 15:17:58,877 - US_ETF_Swing_Strategy - INFO - strategyLogger:108 - [L1][signal] [2025-06-12] IWM: ELIGIBLE (Price 212.78 > SMA 207.18). Distance: 2.70% | Threshold: > 0%
2026-02-25 15:17:58,880 - US_ETF_Swing_Strategy - INFO - strategyLogger:108 - [L1][signal] [2025-06-12] SLV: ELIGIBLE (Price 33.06 > SMA 29.75). Distance: 11.11% | Threshold: > 0%
2026-02-25 15:17:58,881 - US_ETF_Swing_Strategy - INFO - strategyLogger:108 - [L1][signal] [2025-06-12] QQQ: ELIGIBLE (Price 533.66 > SMA 497.62). Distance: 7.24% | Threshold: > 0%
2026-02-25 15:17:58,885 - US_ETF_Swing_Strategy - INFO - strategyLogger:108 - [L1][signal] [2025-06-12] VGT: ELIGIBLE (Price 633.79 > SMA 583.20). Distance: 8.67% | Threshold: > 0%
2026-02-25 15:17:58,886 - US_ETF_Swing_Strategy - INFO - strategyLogger:108 - [L1][execution] [2025-06-13] SLOTS: 4 Occupied / 4 Total
2026-02-25 15:17:58,895 - US_ETF_Swing_Strategy - INFO - strategyLogger:108 - [L1][signal] [2025-06-13] GLD: ELIGIBLE (Price 316.29 > SMA 285.95). Distance: 10.61% | Threshold: > 0%
2026-02-25 15:17:58,898 - US_ETF_Swing_Strategy - INFO - strategyLogger:108 - [L1][signal] [2025-06-13] IWM: ELIGIBLE (Price 208.89 > SMA 206.97). Distance: 0.93% | Threshold: > 0%
2026-02-25 15:17:58,900 - US_ETF_Swing_Strategy - INFO - strategyLogger:108 - [L1][signal] [2025-06-13] SLV: ELIGIBLE (Price 32.97 > SMA 29.80). Distance: 10.63% | Threshold: > 0%
2026-02-25 15:17:58,902 - US_ETF_Swing_Strategy - INFO - strategyLogger:108 - [L1][signal] [2025-06-13] QQQ: ELIGIBLE (Price 526.96 > SMA 497.64). Distance: 5.89% | Threshold: > 0%
2026-02-25 15:17:58,904 - US_ETF_Swing_Strategy - INFO - strategyLogger:108 - [L1][signal] [2025-06-13] VGT: ELIGIBLE (Price 623.29 > SMA 583.11). Distance: 6.89% | Threshold: > 0%
2026-02-25 15:17:58,910 - US_ETF_Swing_Strategy - INFO - strategyLogger:108 - [L1][execution] [2025-06-16] SLOTS: 4 Occupied / 4 Total
2026-02-25 15:17:58,916 - US_ETF_Swing_Strategy - INFO - strategyLogger:108 - [L1][signal] [2025-06-16] GLD: ELIGIBLE (Price 311.78 > SMA 286.52). Distance: 8.82% | Threshold: > 0%
2026-02-25 15:17:58,918 - US_ETF_Swing_Strategy - INFO - strategyLogger:108 - [L1][signal] [2025-06-16] IWM: ELIGIBLE (Price 210.77 > SMA 206.79). Distance: 1.92% | Threshold: > 0%
2026-02-25 15:17:58,921 - US_ETF_Swing_Strategy - INFO - strategyLogger:108 - [L1][signal] [2025-06-16] SLV: ELIGIBLE (Price 33.03 > SMA 29.85). Distance: 10.65% | Threshold: > 0%
2026-02-25 15:17:58,927 - US_ETF_Swing_Strategy - INFO - strategyLogger:108 - [L1][signal] [2025-06-16] QQQ: ELIGIBLE (Price 534.29 > SMA 497.66). Distance: 7.36% | Threshold: > 0%
2026-02-25 15:17:58,930 - US_ETF_Swing_Strategy - INFO - strategyLogger:108 - [L1][signal] [2025-06-16] VGT: ELIGIBLE (Price 633.85 > SMA 583.00). Distance: 8.72% | Threshold: > 0%
2026-02-25 15:17:58,932 - US_ETF_Swing_Strategy - INFO - strategyLogger:108 - [L1][execution] [2025-06-17] SLOTS: 4 Occupied / 4 Total
2026-02-25 15:17:58,938 - US_ETF_Swing_Strategy - INFO - strategyLogger:108 - [L1][signal] [2025-06-17] GLD: ELIGIBLE (Price 311.94 > SMA 287.10). Distance: 8.65% | Threshold: > 0%
2026-02-25 15:17:58,942 - US_ETF_Swing_Strategy - INFO - strategyLogger:108 - [L1][signal] [2025-06-17] IWM: ELIGIBLE (Price 208.55 > SMA 206.58). Distance: 0.95% | Threshold: > 0%
2026-02-25 15:17:58,946 - US_ETF_Swing_Strategy - INFO - strategyLogger:108 - [L1][signal] [2025-06-17] SLV: ELIGIBLE (Price 33.74 > SMA 29.91). Distance: 12.80% | Threshold: > 0%
2026-02-25 15:17:58,948 - US_ETF_Swing_Strategy - INFO - strategyLogger:108 - [L1][signal] [2025-06-17] QQQ: ELIGIBLE (Price 529.08 > SMA 497.63). Distance: 6.32% | Threshold: > 0%
2026-02-25 15:17:58,951 - US_ETF_Swing_Strategy - INFO - strategyLogger:108 - [L1][signal] [2025-06-17] VGT: ELIGIBLE (Price 629.19 > SMA 582.82). Distance: 7.96% | Threshold: > 0%
2026-02-25 15:17:58,953 - US_ETF_Swing_Strategy - INFO - strategyLogger:108 - [L1][execution] [2025-06-18] SLOTS: 4 Occupied / 4 Total
2026-02-25 15:17:58,960 - US_ETF_Swing_Strategy - INFO - strategyLogger:108 - [L1][signal] [2025-06-18] GLD: ELIGIBLE (Price 310.26 > SMA 287.64). Distance: 7.86% | Threshold: > 0%
2026-02-25 15:17:58,962 - US_ETF_Swing_Strategy - INFO - strategyLogger:108 - [L1][signal] [2025-06-18] IWM: ELIGIBLE (Price 209.65 > SMA 206.39). Distance: 1.58% | Threshold: > 0%
2026-02-25 15:17:58,964 - US_ETF_Swing_Strategy - INFO - strategyLogger:108 - [L1][signal] [2025-06-18] SLV: ELIGIBLE (Price 33.27 > SMA 29.97). Distance: 11.03% | Threshold: > 0%
2026-02-25 15:17:58,966 - US_ETF_Swing_Strategy - INFO - strategyLogger:108 - [L1][signal] [2025-06-18] QQQ: ELIGIBLE (Price 528.99 > SMA 497.62). Distance: 6.30% | Threshold: > 0%
2026-02-25 15:17:58,968 - US_ETF_Swing_Strategy - INFO - strategyLogger:108 - [L1][signal] [2025-06-18] VGT: ELIGIBLE (Price 631.19 > SMA 582.73). Distance: 8.32% | Threshold: > 0%
2026-02-25 15:17:58,970 - US_ETF_Swing_Strategy - INFO - strategyLogger:108 - [L1][execution] [2025-06-20] SLOTS: 4 Occupied / 4 Total
2026-02-25 15:17:58,978 - US_ETF_Swing_Strategy - INFO - strategyLogger:108 - [L1][signal] [2025-06-20] GLD: ELIGIBLE (Price 310.13 > SMA 288.21). Distance: 7.60% | Threshold: > 0%
2026-02-25 15:17:58,980 - US_ETF_Swing_Strategy - INFO - strategyLogger:108 - [L1][signal] [2025-06-20] IWM: ELIGIBLE (Price 209.21 > SMA 206.22). Distance: 1.45% | Threshold: > 0%
2026-02-25 15:17:58,983 - US_ETF_Swing_Strategy - INFO - strategyLogger:108 - [L1][signal] [2025-06-20] SLV: ELIGIBLE (Price 32.72 > SMA 30.02). Distance: 9.00% | Threshold: > 0%
2026-02-25 15:17:58,986 - US_ETF_Swing_Strategy - INFO - strategyLogger:108 - [L1][signal] [2025-06-20] QQQ: ELIGIBLE (Price 526.83 > SMA 497.75). Distance: 5.84% | Threshold: > 0%
2026-02-25 15:17:58,987 - US_ETF_Swing_Strategy - INFO - strategyLogger:108 - [L1][signal] [2025-06-20] VGT: ELIGIBLE (Price 628.48 > SMA 582.95). Distance: 7.81% | Threshold: > 0%
2026-02-25 15:17:58,992 - US_ETF_Swing_Strategy - INFO - strategyLogger:108 - [L1][execution] [2025-06-23] SLOTS: 4 Occupied / 4 Total
2026-02-25 15:17:58,997 - US_ETF_Swing_Strategy - INFO - strategyLogger:108 - [L1][signal] [2025-06-23] GLD: ELIGIBLE (Price 311.08 > SMA 288.77). Distance: 7.72% | Threshold: > 0%
2026-02-25 15:17:58,999 - US_ETF_Swing_Strategy - INFO - strategyLogger:108 - [L1][signal] [2025-06-23] IWM: ELIGIBLE (Price 211.77 > SMA 206.07). Distance: 2.77% | Threshold: > 0%
2026-02-25 15:17:59,002 - US_ETF_Swing_Strategy - INFO - strategyLogger:108 - [L1][signal] [2025-06-23] SLV: ELIGIBLE (Price 32.96 > SMA 30.07). Distance: 9.61% | Threshold: > 0%
2026-02-25 15:17:59,004 - US_ETF_Swing_Strategy - INFO - strategyLogger:108 - [L1][signal] [2025-06-23] QQQ: ELIGIBLE (Price 531.65 > SMA 497.85). Distance: 6.79% | Threshold: > 0%
2026-02-25 15:17:59,010 - US_ETF_Swing_Strategy - INFO - strategyLogger:108 - [L1][signal] [2025-06-23] VGT: ELIGIBLE (Price 635.15 > SMA 583.05). Distance: 8.94% | Threshold: > 0%
2026-02-25 15:17:59,013 - US_ETF_Swing_Strategy - INFO - strategyLogger:108 - [L1][execution] [2025-06-24] SLOTS: 4 Occupied / 4 Total
2026-02-25 15:17:59,017 - US_ETF_Swing_Strategy - INFO - strategyLogger:108 - [L1][signal] [2025-06-24] GLD: ELIGIBLE (Price 306.19 > SMA 289.29). Distance: 5.84% | Threshold: > 0%
2026-02-25 15:17:59,020 - US_ETF_Swing_Strategy - INFO - strategyLogger:108 - [L1][signal] [2025-06-24] IWM: ELIGIBLE (Price 214.47 > SMA 205.95). Distance: 4.14% | Threshold: > 0%
2026-02-25 15:17:59,023 - US_ETF_Swing_Strategy - INFO - strategyLogger:108 - [L1][signal] [2025-06-24] SLV: ELIGIBLE (Price 32.61 > SMA 30.12). Distance: 8.28% | Threshold: > 0%
2026-02-25 15:17:59,030 - US_ETF_Swing_Strategy - INFO - strategyLogger:108 - [L1][signal] [2025-06-24] QQQ: ELIGIBLE (Price 539.78 > SMA 498.04). Distance: 8.38% | Threshold: > 0%
2026-02-25 15:17:59,031 - US_ETF_Swing_Strategy - INFO - strategyLogger:108 - [L1][signal] [2025-06-24] VGT: ELIGIBLE (Price 646.58 > SMA 583.31). Distance: 10.85% | Threshold: > 0%
2026-02-25 15:17:59,034 - US_ETF_Swing_Strategy - INFO - strategyLogger:108 - [L1][execution] [2025-06-25] SLOTS: 4 Occupied / 4 Total
2026-02-25 15:17:59,039 - US_ETF_Swing_Strategy - INFO - strategyLogger:108 - [L1][signal] [2025-06-25] GLD: ELIGIBLE (Price 307.12 > SMA 289.78). Distance: 5.98% | Threshold: > 0%
2026-02-25 15:17:59,045 - US_ETF_Swing_Strategy - INFO - strategyLogger:108 - [L1][signal] [2025-06-25] IWM: ELIGIBLE (Price 211.97 > SMA 205.79). Distance: 3.00% | Threshold: > 0%
2026-02-25 15:17:59,048 - US_ETF_Swing_Strategy - INFO - strategyLogger:108 - [L1][signal] [2025-06-25] SLV: ELIGIBLE (Price 33.01 > SMA 30.16). Distance: 9.45% | Threshold: > 0%
2026-02-25 15:17:59,050 - US_ETF_Swing_Strategy - INFO - strategyLogger:108 - [L1][signal] [2025-06-25] QQQ: ELIGIBLE (Price 541.16 > SMA 498.22). Distance: 8.62% | Threshold: > 0%
2026-02-25 15:17:59,052 - US_ETF_Swing_Strategy - INFO - strategyLogger:108 - [L1][signal] [2025-06-25] VGT: ELIGIBLE (Price 652.02 > SMA 583.63). Distance: 11.72% | Threshold: > 0%
2026-02-25 15:17:59,054 - US_ETF_Swing_Strategy - INFO - strategyLogger:108 - [L1][execution] [2025-06-26] SLOTS: 4 Occupied / 4 Total
2026-02-25 15:17:59,063 - US_ETF_Swing_Strategy - INFO - strategyLogger:108 - [L1][signal] [2025-06-26] GLD: ELIGIBLE (Price 306.78 > SMA 290.27). Distance: 5.69% | Threshold: > 0%
2026-02-25 15:17:59,065 - US_ETF_Swing_Strategy - INFO - strategyLogger:108 - [L1][signal] [2025-06-26] IWM: ELIGIBLE (Price 215.41 > SMA 205.68). Distance: 4.73% | Threshold: > 0%
2026-02-25 15:17:59,069 - US_ETF_Swing_Strategy - INFO - strategyLogger:108 - [L1][signal] [2025-06-26] SLV: ELIGIBLE (Price 33.34 > SMA 30.21). Distance: 10.37% | Threshold: > 0%
2026-02-25 15:17:59,069 - US_ETF_Swing_Strategy - INFO - strategyLogger:108 - [L1][signal] [2025-06-26] QQQ: ELIGIBLE (Price 546.22 > SMA 498.46). Distance: 9.58% | Threshold: > 0%
2026-02-25 15:17:59,074 - US_ETF_Swing_Strategy - INFO - strategyLogger:108 - [L1][signal] [2025-06-26] VGT: ELIGIBLE (Price 656.93 > SMA 584.04). Distance: 12.48% | Threshold: > 0%
2026-02-25 15:17:59,077 - US_ETF_Swing_Strategy - INFO - strategyLogger:108 - [L1][execution] [2025-06-27] SLOTS: 4 Occupied / 4 Total
2026-02-25 15:17:59,082 - US_ETF_Swing_Strategy - INFO - strategyLogger:108 - [L1][signal] [2025-06-27] GLD: ELIGIBLE (Price 301.22 > SMA 290.68). Distance: 3.63% | Threshold: > 0%
2026-02-25 15:17:59,085 - US_ETF_Swing_Strategy - INFO - strategyLogger:108 - [L1][signal] [2025-06-27] IWM: ELIGIBLE (Price 215.48 > SMA 205.59). Distance: 4.81% | Threshold: > 0%
2026-02-25 15:17:59,087 - US_ETF_Swing_Strategy - INFO - strategyLogger:108 - [L1][signal] [2025-06-27] SLV: ELIGIBLE (Price 32.62 > SMA 30.25). Distance: 7.84% | Threshold: > 0%
2026-02-25 15:17:59,093 - US_ETF_Swing_Strategy - INFO - strategyLogger:108 - [L1][signal] [2025-06-27] QQQ: ELIGIBLE (Price 548.09 > SMA 498.76). Distance: 9.89% | Threshold: > 0%
2026-02-25 15:17:59,096 - US_ETF_Swing_Strategy - INFO - strategyLogger:108 - [L1][signal] [2025-06-27] VGT: ELIGIBLE (Price 656.54 > SMA 584.52). Distance: 12.32% | Threshold: > 0%
2026-02-25 15:17:59,098 - US_ETF_Swing_Strategy - INFO - strategyLogger:108 - [L1][execution] [2025-06-30] SLOTS: 4 Occupied / 4 Total
2026-02-25 15:17:59,104 - US_ETF_Swing_Strategy - INFO - strategyLogger:108 - [L1][signal] [2025-06-30] GLD: ELIGIBLE (Price 304.83 > SMA 291.10). Distance: 4.72% | Threshold: > 0%
2026-02-25 15:17:59,107 - US_ETF_Swing_Strategy - INFO - strategyLogger:108 - [L1][signal] [2025-06-30] IWM: ELIGIBLE (Price 215.79 > SMA 205.48). Distance: 5.02% | Threshold: > 0%
2026-02-25 15:17:59,111 - US_ETF_Swing_Strategy - INFO - strategyLogger:108 - [L1][signal] [2025-06-30] SLV: ELIGIBLE (Price 32.81 > SMA 30.28). Distance: 8.34% | Threshold: > 0%
2026-02-25 15:17:59,113 - US_ETF_Swing_Strategy - INFO - strategyLogger:108 - [L1][signal] [2025-06-30] QQQ: ELIGIBLE (Price 551.64 > SMA 499.03). Distance: 10.54% | Threshold: > 0%
2026-02-25 15:17:59,115 - US_ETF_Swing_Strategy - INFO - strategyLogger:108 - [L1][signal] [2025-06-30] VGT: ELIGIBLE (Price 663.28 > SMA 585.00). Distance: 13.38% | Threshold: > 0%
2026-02-25 15:17:59,117 - US_ETF_Swing_Strategy - INFO - strategyLogger:108 - [L1][execution] [2025-07-01] SLOTS: 4 Occupied / 4 Total
2026-02-25 15:17:59,123 - US_ETF_Swing_Strategy - INFO - strategyLogger:108 - [L1][signal] [2025-07-01] GLD: ELIGIBLE (Price 307.55 > SMA 291.54). Distance: 5.49% | Threshold: > 0%
2026-02-25 15:17:59,128 - US_ETF_Swing_Strategy - INFO - strategyLogger:108 - [L1][signal] [2025-07-01] IWM: ELIGIBLE (Price 218.01 > SMA 205.37). Distance: 6.16% | Threshold: > 0%
2026-02-25 15:17:59,129 - US_ETF_Swing_Strategy - INFO - strategyLogger:108 - [L1][signal] [2025-07-01] SLV: ELIGIBLE (Price 32.73 > SMA 30.32). Distance: 7.96% | Threshold: > 0%
2026-02-25 15:17:59,133 - US_ETF_Swing_Strategy - INFO - strategyLogger:108 - [L1][signal] [2025-07-01] QQQ: ELIGIBLE (Price 546.99 > SMA 499.23). Distance: 9.57% | Threshold: > 0%
2026-02-25 15:17:59,136 - US_ETF_Swing_Strategy - INFO - strategyLogger:108 - [L1][signal] [2025-07-01] VGT: ELIGIBLE (Price 656.44 > SMA 585.31). Distance: 12.15% | Threshold: > 0%
2026-02-25 15:17:59,139 - US_ETF_Swing_Strategy - INFO - strategyLogger:108 - [L1][execution] [2025-07-02] SLOTS: 4 Occupied / 4 Total
2026-02-25 15:17:59,147 - US_ETF_Swing_Strategy - INFO - strategyLogger:108 - [L1][signal] [2025-07-02] GLD: ELIGIBLE (Price 309.25 > SMA 292.00). Distance: 5.91% | Threshold: > 0%
2026-02-25 15:17:59,149 - US_ETF_Swing_Strategy - INFO - strategyLogger:108 - [L1][signal] [2025-07-02] IWM: ELIGIBLE (Price 221.03 > SMA 205.29). Distance: 7.67% | Threshold: > 0%
2026-02-25 15:17:59,151 - US_ETF_Swing_Strategy - INFO - strategyLogger:108 - [L1][signal] [2025-07-02] SLV: ELIGIBLE (Price 33.24 > SMA 30.36). Distance: 9.50% | Threshold: > 0%
2026-02-25 15:17:59,153 - US_ETF_Swing_Strategy - INFO - strategyLogger:108 - [L1][signal] [2025-07-02] QQQ: ELIGIBLE (Price 550.80 > SMA 499.44). Distance: 10.28% | Threshold: > 0%
2026-02-25 15:17:59,160 - US_ETF_Swing_Strategy - INFO - strategyLogger:108 - [L1][signal] [2025-07-02] VGT: ELIGIBLE (Price 664.77 > SMA 585.69). Distance: 13.50% | Threshold: > 0%
2026-02-25 15:17:59,162 - US_ETF_Swing_Strategy - INFO - strategyLogger:108 - [L1][execution] [2025-07-03] SLOTS: 4 Occupied / 4 Total
2026-02-25 15:17:59,167 - US_ETF_Swing_Strategy - INFO - strategyLogger:108 - [L1][signal] [2025-07-03] GLD: ELIGIBLE (Price 307.14 > SMA 292.43). Distance: 5.03% | Threshold: > 0%
2026-02-25 15:17:59,169 - US_ETF_Swing_Strategy - INFO - strategyLogger:108 - [L1][signal] [2025-07-03] IWM: ELIGIBLE (Price 223.08 > SMA 205.26). Distance: 8.68% | Threshold: > 0%
2026-02-25 15:17:59,175 - US_ETF_Swing_Strategy - INFO - strategyLogger:108 - [L1][signal] [2025-07-03] SLV: ELIGIBLE (Price 33.51 > SMA 30.40). Distance: 10.23% | Threshold: > 0%
2026-02-25 15:17:59,178 - US_ETF_Swing_Strategy - INFO - strategyLogger:108 - [L1][signal] [2025-07-03] QQQ: ELIGIBLE (Price 556.22 > SMA 499.78). Distance: 11.29% | Threshold: > 0%
2026-02-25 15:17:59,181 - US_ETF_Swing_Strategy - INFO - strategyLogger:108 - [L1][signal] [2025-07-03] VGT: ELIGIBLE (Price 674.02 > SMA 586.22). Distance: 14.98% | Threshold: > 0%
2026-02-25 15:17:59,182 - US_ETF_Swing_Strategy - INFO - strategyLogger:108 - [L1][execution] [2025-07-07] SLOTS: 4 Occupied / 4 Total
2026-02-25 15:17:59,186 - US_ETF_Swing_Strategy - INFO - strategyLogger:108 - [L1][signal] [2025-07-07] GLD: ELIGIBLE (Price 307.37 > SMA 292.82). Distance: 4.97% | Threshold: > 0%
2026-02-25 15:17:59,189 - US_ETF_Swing_Strategy - INFO - strategyLogger:108 - [L1][signal] [2025-07-07] IWM: ELIGIBLE (Price 219.73 > SMA 205.19). Distance: 7.09% | Threshold: > 0%
2026-02-25 15:17:59,194 - US_ETF_Swing_Strategy - INFO - strategyLogger:108 - [L1][signal] [2025-07-07] SLV: ELIGIBLE (Price 33.43 > SMA 30.44). Distance: 9.81% | Threshold: > 0%
2026-02-25 15:17:59,197 - US_ETF_Swing_Strategy - INFO - strategyLogger:108 - [L1][signal] [2025-07-07] QQQ: ELIGIBLE (Price 552.03 > SMA 500.00). Distance: 10.41% | Threshold: > 0%
2026-02-25 15:17:59,200 - US_ETF_Swing_Strategy - INFO - strategyLogger:108 - [L1][signal] [2025-07-07] VGT: ELIGIBLE (Price 668.08 > SMA 586.61). Distance: 13.89% | Threshold: > 0%
2026-02-25 15:17:59,203 - US_ETF_Swing_Strategy - INFO - strategyLogger:108 - [L1][execution] [2025-07-08] SLOTS: 4 Occupied / 4 Total
2026-02-25 15:17:59,212 - US_ETF_Swing_Strategy - INFO - strategyLogger:108 - [L1][signal] [2025-07-08] GLD: ELIGIBLE (Price 304.16 > SMA 293.19). Distance: 3.74% | Threshold: > 0%
2026-02-25 15:17:59,215 - US_ETF_Swing_Strategy - INFO - strategyLogger:108 - [L1][signal] [2025-07-08] IWM: ELIGIBLE (Price 221.25 > SMA 205.15). Distance: 7.85% | Threshold: > 0%
2026-02-25 15:17:59,217 - US_ETF_Swing_Strategy - INFO - strategyLogger:108 - [L1][signal] [2025-07-08] SLV: ELIGIBLE (Price 33.29 > SMA 30.49). Distance: 9.20% | Threshold: > 0%
2026-02-25 15:17:59,219 - US_ETF_Swing_Strategy - INFO - strategyLogger:108 - [L1][signal] [2025-07-08] QQQ: ELIGIBLE (Price 552.34 > SMA 500.25). Distance: 10.41% | Threshold: > 0%
2026-02-25 15:17:59,221 - US_ETF_Swing_Strategy - INFO - strategyLogger:108 - [L1][signal] [2025-07-08] VGT: ELIGIBLE (Price 671.23 > SMA 587.05). Distance: 14.34% | Threshold: > 0%
2026-02-25 15:17:59,225 - US_ETF_Swing_Strategy - INFO - strategyLogger:108 - [L1][execution] [2025-07-09] SLOTS: 4 Occupied / 4 Total
2026-02-25 15:17:59,231 - US_ETF_Swing_Strategy - INFO - strategyLogger:108 - [L1][signal] [2025-07-09] GLD: ELIGIBLE (Price 305.52 > SMA 293.56). Distance: 4.07% | Threshold: > 0%
2026-02-25 15:17:59,235 - US_ETF_Swing_Strategy - INFO - strategyLogger:108 - [L1][signal] [2025-07-09] IWM: ELIGIBLE (Price 223.65 > SMA 205.15). Distance: 9.02% | Threshold: > 0%
2026-02-25 15:17:59,236 - US_ETF_Swing_Strategy - INFO - strategyLogger:108 - [L1][signal] [2025-07-09] SLV: ELIGIBLE (Price 33.00 > SMA 30.52). Distance: 8.12% | Threshold: > 0%
2026-02-25 15:17:59,242 - US_ETF_Swing_Strategy - INFO - strategyLogger:108 - [L1][signal] [2025-07-09] QQQ: ELIGIBLE (Price 556.25 > SMA 500.53). Distance: 11.13% | Threshold: > 0%
2026-02-25 15:17:59,246 - US_ETF_Swing_Strategy - INFO - strategyLogger:108 - [L1][signal] [2025-07-09] VGT: ELIGIBLE (Price 676.85 > SMA 587.54). Distance: 15.20% | Threshold: > 0%
2026-02-25 15:17:59,248 - US_ETF_Swing_Strategy - INFO - strategyLogger:108 - [L1][execution] [2025-07-10] SLOTS: 4 Occupied / 4 Total
2026-02-25 15:17:59,253 - US_ETF_Swing_Strategy - INFO - strategyLogger:108 - [L1][signal] [2025-07-10] GLD: ELIGIBLE (Price 306.20 > SMA 293.92). Distance: 4.18% | Threshold: > 0%
2026-02-25 15:17:59,255 - US_ETF_Swing_Strategy - INFO - strategyLogger:108 - [L1][signal] [2025-07-10] IWM: ELIGIBLE (Price 224.80 > SMA 205.13). Distance: 9.59% | Threshold: > 0%
2026-02-25 15:17:59,260 - US_ETF_Swing_Strategy - INFO - strategyLogger:108 - [L1][signal] [2025-07-10] SLV: ELIGIBLE (Price 33.75 > SMA 30.57). Distance: 10.42% | Threshold: > 0%
2026-02-25 15:17:59,263 - US_ETF_Swing_Strategy - INFO - strategyLogger:108 - [L1][signal] [2025-07-10] QQQ: ELIGIBLE (Price 555.45 > SMA 500.72). Distance: 10.93% | Threshold: > 0%
2026-02-25 15:17:59,265 - US_ETF_Swing_Strategy - INFO - strategyLogger:108 - [L1][signal] [2025-07-10] VGT: ELIGIBLE (Price 674.58 > SMA 587.92). Distance: 14.74% | Threshold: > 0%
2026-02-25 15:17:59,270 - US_ETF_Swing_Strategy - INFO - strategyLogger:108 - [L1][execution] [2025-07-11] SLOTS: 4 Occupied / 4 Total
2026-02-25 15:17:59,280 - US_ETF_Swing_Strategy - INFO - strategyLogger:108 - [L1][signal] [2025-07-11] GLD: ELIGIBLE (Price 309.14 > SMA 294.35). Distance: 5.02% | Threshold: > 0%
2026-02-25 15:17:59,282 - US_ETF_Swing_Strategy - INFO - strategyLogger:108 - [L1][signal] [2025-07-11] IWM: ELIGIBLE (Price 221.70 > SMA 205.09). Distance: 8.10% | Threshold: > 0%
2026-02-25 15:17:59,284 - US_ETF_Swing_Strategy - INFO - strategyLogger:108 - [L1][signal] [2025-07-11] SLV: ELIGIBLE (Price 35.03 > SMA 30.62). Distance: 14.39% | Threshold: > 0%
2026-02-25 15:17:59,287 - US_ETF_Swing_Strategy - INFO - strategyLogger:108 - [L1][signal] [2025-07-11] QQQ: ELIGIBLE (Price 554.20 > SMA 500.88). Distance: 10.64% | Threshold: > 0%
2026-02-25 15:17:59,290 - US_ETF_Swing_Strategy - INFO - strategyLogger:108 - [L1][signal] [2025-07-11] VGT: ELIGIBLE (Price 670.33 > SMA 588.22). Distance: 13.96% | Threshold: > 0%
2026-02-25 15:17:59,294 - US_ETF_Swing_Strategy - INFO - strategyLogger:108 - [L1][execution] [2025-07-14] SLOTS: 4 Occupied / 4 Total
2026-02-25 15:17:59,299 - US_ETF_Swing_Strategy - INFO - strategyLogger:108 - [L1][signal] [2025-07-14] GLD: ELIGIBLE (Price 308.01 > SMA 294.72). Distance: 4.51% | Threshold: > 0%
2026-02-25 15:17:59,301 - US_ETF_Swing_Strategy - INFO - strategyLogger:108 - [L1][signal] [2025-07-14] IWM: ELIGIBLE (Price 223.19 > SMA 205.05). Distance: 8.85% | Threshold: > 0%
2026-02-25 15:17:59,302 - US_ETF_Swing_Strategy - INFO - strategyLogger:108 - [L1][signal] [2025-07-14] SLV: ELIGIBLE (Price 34.63 > SMA 30.67). Distance: 12.91% | Threshold: > 0%
2026-02-25 15:17:59,305 - US_ETF_Swing_Strategy - INFO - strategyLogger:108 - [L1][signal] [2025-07-14] QQQ: ELIGIBLE (Price 556.21 > SMA 501.05). Distance: 11.01% | Threshold: > 0%
2026-02-25 15:17:59,311 - US_ETF_Swing_Strategy - INFO - strategyLogger:108 - [L1][signal] [2025-07-14] VGT: ELIGIBLE (Price 670.36 > SMA 588.49). Distance: 13.91% | Threshold: > 0%
2026-02-25 15:17:59,314 - US_ETF_Swing_Strategy - INFO - strategyLogger:108 - [L1][execution] [2025-07-15] SLOTS: 4 Occupied / 4 Total
2026-02-25 15:17:59,321 - US_ETF_Swing_Strategy - INFO - strategyLogger:108 - [L1][signal] [2025-07-15] GLD: ELIGIBLE (Price 306.73 > SMA 295.08). Distance: 3.95% | Threshold: > 0%
2026-02-25 15:17:59,325 - US_ETF_Swing_Strategy - INFO - strategyLogger:108 - [L1][signal] [2025-07-15] IWM: ELIGIBLE (Price 218.82 > SMA 204.97). Distance: 6.76% | Threshold: > 0%
2026-02-25 15:17:59,329 - US_ETF_Swing_Strategy - INFO - strategyLogger:108 - [L1][signal] [2025-07-15] SLV: ELIGIBLE (Price 34.26 > SMA 30.71). Distance: 11.54% | Threshold: > 0%
2026-02-25 15:17:59,331 - US_ETF_Swing_Strategy - INFO - strategyLogger:108 - [L1][signal] [2025-07-15] QQQ: ELIGIBLE (Price 556.72 > SMA 501.22). Distance: 11.07% | Threshold: > 0%
2026-02-25 15:17:59,332 - US_ETF_Swing_Strategy - INFO - strategyLogger:108 - [L1][signal] [2025-07-15] VGT: ELIGIBLE (Price 676.05 > SMA 588.81). Distance: 14.82% | Threshold: > 0%
2026-02-25 15:17:59,335 - US_ETF_Swing_Strategy - INFO - strategyLogger:108 - [L1][execution] [2025-07-16] SLOTS: 4 Occupied / 4 Total
2026-02-25 15:17:59,343 - US_ETF_Swing_Strategy - INFO - strategyLogger:108 - [L1][signal] [2025-07-16] GLD: ELIGIBLE (Price 308.26 > SMA 295.46). Distance: 4.33% | Threshold: > 0%
2026-02-25 15:17:59,345 - US_ETF_Swing_Strategy - INFO - strategyLogger:108 - [L1][signal] [2025-07-16] IWM: ELIGIBLE (Price 221.02 > SMA 204.94). Distance: 7.85% | Threshold: > 0%
2026-02-25 15:17:59,348 - US_ETF_Swing_Strategy - INFO - strategyLogger:108 - [L1][signal] [2025-07-16] SLV: ELIGIBLE (Price 34.41 > SMA 30.76). Distance: 11.87% | Threshold: > 0%
2026-02-25 15:17:59,350 - US_ETF_Swing_Strategy - INFO - strategyLogger:108 - [L1][signal] [2025-07-16] QQQ: ELIGIBLE (Price 557.29 > SMA 501.42). Distance: 11.14% | Threshold: > 0%
2026-02-25 15:17:59,352 - US_ETF_Swing_Strategy - INFO - strategyLogger:108 - [L1][signal] [2025-07-16] VGT: ELIGIBLE (Price 679.05 > SMA 589.19). Distance: 15.25% | Threshold: > 0%
2026-02-25 15:17:59,355 - US_ETF_Swing_Strategy - INFO - strategyLogger:108 - [L1][execution] [2025-07-17] SLOTS: 4 Occupied / 4 Total
2026-02-25 15:17:59,363 - US_ETF_Swing_Strategy - INFO - strategyLogger:108 - [L1][signal] [2025-07-17] GLD: ELIGIBLE (Price 307.59 > SMA 295.82). Distance: 3.98% | Threshold: > 0%
2026-02-25 15:17:59,367 - US_ETF_Swing_Strategy - INFO - strategyLogger:108 - [L1][signal] [2025-07-17] IWM: ELIGIBLE (Price 223.92 > SMA 205.00). Distance: 9.23% | Threshold: > 0%
2026-02-25 15:17:59,370 - US_ETF_Swing_Strategy - INFO - strategyLogger:108 - [L1][signal] [2025-07-17] SLV: ELIGIBLE (Price 34.65 > SMA 30.81). Distance: 12.46% | Threshold: > 0%
2026-02-25 15:17:59,378 - US_ETF_Swing_Strategy - INFO - strategyLogger:108 - [L1][signal] [2025-07-17] QQQ: ELIGIBLE (Price 561.80 > SMA 501.78). Distance: 11.96% | Threshold: > 0%
2026-02-25 15:17:59,381 - US_ETF_Swing_Strategy - INFO - strategyLogger:108 - [L1][signal] [2025-07-17] VGT: ELIGIBLE (Price 685.92 > SMA 589.80). Distance: 16.30% | Threshold: > 0%
2026-02-25 15:17:59,385 - US_ETF_Swing_Strategy - INFO - strategyLogger:108 - [L1][execution] [2025-07-18] SLOTS: 4 Occupied / 4 Total
2026-02-25 15:17:59,396 - US_ETF_Swing_Strategy - INFO - strategyLogger:108 - [L1][signal] [2025-07-18] GLD: ELIGIBLE (Price 308.39 > SMA 296.19). Distance: 4.12% | Threshold: > 0%
2026-02-25 15:17:59,399 - US_ETF_Swing_Strategy - INFO - strategyLogger:108 - [L1][signal] [2025-07-18] IWM: ELIGIBLE (Price 222.33 > SMA 205.06). Distance: 8.42% | Threshold: > 0%
2026-02-25 15:17:59,401 - US_ETF_Swing_Strategy - INFO - strategyLogger:108 - [L1][signal] [2025-07-18] SLV: ELIGIBLE (Price 34.61 > SMA 30.86). Distance: 12.15% | Threshold: > 0%
2026-02-25 15:17:59,405 - US_ETF_Swing_Strategy - INFO - strategyLogger:108 - [L1][signal] [2025-07-18] QQQ: ELIGIBLE (Price 561.26 > SMA 502.19). Distance: 11.76% | Threshold: > 0%
2026-02-25 15:17:59,410 - US_ETF_Swing_Strategy - INFO - strategyLogger:108 - [L1][signal] [2025-07-18] VGT: ELIGIBLE (Price 685.53 > SMA 590.51). Distance: 16.09% | Threshold: > 0%
2026-02-25 15:17:59,413 - US_ETF_Swing_Strategy - INFO - strategyLogger:108 - [L1][execution] [2025-07-21] SLOTS: 4 Occupied / 4 Total
2026-02-25 15:17:59,419 - US_ETF_Swing_Strategy - INFO - strategyLogger:108 - [L1][signal] [2025-07-21] GLD: ELIGIBLE (Price 313.13 > SMA 296.63). Distance: 5.56% | Threshold: > 0%
2026-02-25 15:17:59,424 - US_ETF_Swing_Strategy - INFO - strategyLogger:108 - [L1][signal] [2025-07-21] IWM: ELIGIBLE (Price 221.43 > SMA 205.12). Distance: 7.95% | Threshold: > 0%
2026-02-25 15:17:59,427 - US_ETF_Swing_Strategy - INFO - strategyLogger:108 - [L1][signal] [2025-07-21] SLV: ELIGIBLE (Price 35.35 > SMA 30.93). Distance: 14.30% | Threshold: > 0%
2026-02-25 15:17:59,431 - US_ETF_Swing_Strategy - INFO - strategyLogger:108 - [L1][signal] [2025-07-21] QQQ: ELIGIBLE (Price 564.17 > SMA 502.70). Distance: 12.23% | Threshold: > 0%
2026-02-25 15:17:59,433 - US_ETF_Swing_Strategy - INFO - strategyLogger:108 - [L1][signal] [2025-07-21] VGT: ELIGIBLE (Price 686.49 > SMA 591.31). Distance: 16.10% | Threshold: > 0%
2026-02-25 15:17:59,436 - US_ETF_Swing_Strategy - INFO - strategyLogger:108 - [L1][execution] [2025-07-22] SLOTS: 4 Occupied / 4 Total
2026-02-25 15:17:59,447 - US_ETF_Swing_Strategy - INFO - strategyLogger:108 - [L1][signal] [2025-07-22] GLD: ELIGIBLE (Price 316.10 > SMA 297.10). Distance: 6.39% | Threshold: > 0%
2026-02-25 15:17:59,451 - US_ETF_Swing_Strategy - INFO - strategyLogger:108 - [L1][signal] [2025-07-22] IWM: ELIGIBLE (Price 223.27 > SMA 205.20). Distance: 8.81% | Threshold: > 0%
2026-02-25 15:17:59,453 - US_ETF_Swing_Strategy - INFO - strategyLogger:108 - [L1][signal] [2025-07-22] SLV: ELIGIBLE (Price 35.72 > SMA 30.99). Distance: 15.25% | Threshold: > 0%
2026-02-25 15:17:59,459 - US_ETF_Swing_Strategy - INFO - strategyLogger:108 - [L1][signal] [2025-07-22] QQQ: ELIGIBLE (Price 561.25 > SMA 503.17). Distance: 11.54% | Threshold: > 0%
2026-02-25 15:17:59,463 - US_ETF_Swing_Strategy - INFO - strategyLogger:108 - [L1][signal] [2025-07-22] VGT: ELIGIBLE (Price 679.79 > SMA 592.01). Distance: 14.83% | Threshold: > 0%
2026-02-25 15:17:59,465 - US_ETF_Swing_Strategy - INFO - strategyLogger:108 - [L1][execution] [2025-07-23] SLOTS: 4 Occupied / 4 Total
2026-02-25 15:17:59,471 - US_ETF_Swing_Strategy - INFO - strategyLogger:108 - [L1][signal] [2025-07-23] GLD: ELIGIBLE (Price 312.18 > SMA 297.57). Distance: 4.91% | Threshold: > 0%
2026-02-25 15:17:59,475 - US_ETF_Swing_Strategy - INFO - strategyLogger:108 - [L1][signal] [2025-07-23] IWM: ELIGIBLE (Price 226.68 > SMA 205.34). Distance: 10.39% | Threshold: > 0%
2026-02-25 15:17:59,479 - US_ETF_Swing_Strategy - INFO - strategyLogger:108 - [L1][signal] [2025-07-23] SLV: ELIGIBLE (Price 35.69 > SMA 31.07). Distance: 14.88% | Threshold: > 0%
2026-02-25 15:17:59,481 - US_ETF_Swing_Strategy - INFO - strategyLogger:108 - [L1][signal] [2025-07-23] QQQ: ELIGIBLE (Price 563.81 > SMA 503.81). Distance: 11.91% | Threshold: > 0%
2026-02-25 15:17:59,484 - US_ETF_Swing_Strategy - INFO - strategyLogger:108 - [L1][signal] [2025-07-23] VGT: ELIGIBLE (Price 685.19 > SMA 592.97). Distance: 15.55% | Threshold: > 0%
2026-02-25 15:17:59,487 - US_ETF_Swing_Strategy - INFO - strategyLogger:108 - [L1][execution] [2025-07-24] SLOTS: 4 Occupied / 4 Total
2026-02-25 15:17:59,497 - US_ETF_Swing_Strategy - INFO - strategyLogger:108 - [L1][signal] [2025-07-24] GLD: ELIGIBLE (Price 310.27 > SMA 298.04). Distance: 4.10% | Threshold: > 0%
2026-02-25 15:17:59,497 - US_ETF_Swing_Strategy - INFO - strategyLogger:108 - [L1][signal] [2025-07-24] IWM: ELIGIBLE (Price 223.55 > SMA 205.43). Distance: 8.82% | Threshold: > 0%
2026-02-25 15:17:59,500 - US_ETF_Swing_Strategy - INFO - strategyLogger:108 - [L1][signal] [2025-07-24] SLV: ELIGIBLE (Price 35.49 > SMA 31.14). Distance: 13.97% | Threshold: > 0%
2026-02-25 15:17:59,503 - US_ETF_Swing_Strategy - INFO - strategyLogger:108 - [L1][signal] [2025-07-24] QQQ: ELIGIBLE (Price 565.01 > SMA 504.37). Distance: 12.02% | Threshold: > 0%
2026-02-25 15:17:59,505 - US_ETF_Swing_Strategy - INFO - strategyLogger:108 - [L1][signal] [2025-07-24] VGT: ELIGIBLE (Price 687.13 > SMA 593.86). Distance: 15.71% | Threshold: > 0%
2026-02-25 15:17:59,513 - US_ETF_Swing_Strategy - INFO - strategyLogger:108 - [L1][execution] [2025-07-25] SLOTS: 4 Occupied / 4 Total
2026-02-25 15:17:59,519 - US_ETF_Swing_Strategy - INFO - strategyLogger:108 - [L1][signal] [2025-07-25] GLD: ELIGIBLE (Price 307.40 > SMA 298.45). Distance: 3.00% | Threshold: > 0%
2026-02-25 15:17:59,525 - US_ETF_Swing_Strategy - INFO - strategyLogger:108 - [L1][signal] [2025-07-25] IWM: ELIGIBLE (Price 224.38 > SMA 205.59). Distance: 9.14% | Threshold: > 0%
2026-02-25 15:17:59,529 - US_ETF_Swing_Strategy - INFO - strategyLogger:108 - [L1][signal] [2025-07-25] SLV: ELIGIBLE (Price 34.66 > SMA 31.20). Distance: 11.10% | Threshold: > 0%
2026-02-25 15:17:59,532 - US_ETF_Swing_Strategy - INFO - strategyLogger:108 - [L1][signal] [2025-07-25] QQQ: ELIGIBLE (Price 566.37 > SMA 505.07). Distance: 12.14% | Threshold: > 0%
2026-02-25 15:17:59,534 - US_ETF_Swing_Strategy - INFO - strategyLogger:108 - [L1][signal] [2025-07-25] VGT: ELIGIBLE (Price 688.69 > SMA 594.96). Distance: 15.75% | Threshold: > 0%
2026-02-25 15:17:59,536 - US_ETF_Swing_Strategy - INFO - strategyLogger:108 - [L1][execution] [2025-07-28] SLOTS: 4 Occupied / 4 Total
2026-02-25 15:17:59,544 - US_ETF_Swing_Strategy - INFO - strategyLogger:108 - [L1][signal] [2025-07-28] GLD: ELIGIBLE (Price 305.41 > SMA 298.81). Distance: 2.21% | Threshold: > 0%
2026-02-25 15:17:59,547 - US_ETF_Swing_Strategy - INFO - strategyLogger:108 - [L1][signal] [2025-07-28] IWM: ELIGIBLE (Price 224.12 > SMA 205.76). Distance: 8.92% | Threshold: > 0%
2026-02-25 15:17:59,549 - US_ETF_Swing_Strategy - INFO - strategyLogger:108 - [L1][signal] [2025-07-28] SLV: ELIGIBLE (Price 34.64 > SMA 31.25). Distance: 10.83% | Threshold: > 0%
2026-02-25 15:17:59,552 - US_ETF_Swing_Strategy - INFO - strategyLogger:108 - [L1][signal] [2025-07-28] QQQ: ELIGIBLE (Price 568.14 > SMA 505.79). Distance: 12.33% | Threshold: > 0%
2026-02-25 15:17:59,554 - US_ETF_Swing_Strategy - INFO - strategyLogger:108 - [L1][signal] [2025-07-28] VGT: ELIGIBLE (Price 694.14 > SMA 596.12). Distance: 16.44% | Threshold: > 0%
2026-02-25 15:17:59,560 - US_ETF_Swing_Strategy - INFO - strategyLogger:108 - [L1][execution] [2025-07-29] SLOTS: 4 Occupied / 4 Total
2026-02-25 15:17:59,565 - US_ETF_Swing_Strategy - INFO - strategyLogger:108 - [L1][signal] [2025-07-29] GLD: ELIGIBLE (Price 306.25 > SMA 299.18). Distance: 2.36% | Threshold: > 0%
2026-02-25 15:17:59,567 - US_ETF_Swing_Strategy - INFO - strategyLogger:108 - [L1][signal] [2025-07-29] IWM: ELIGIBLE (Price 222.69 > SMA 205.91). Distance: 8.15% | Threshold: > 0%
2026-02-25 15:17:59,569 - US_ETF_Swing_Strategy - INFO - strategyLogger:108 - [L1][signal] [2025-07-29] SLV: ELIGIBLE (Price 34.66 > SMA 31.30). Distance: 10.72% | Threshold: > 0%
2026-02-25 15:17:59,573 - US_ETF_Swing_Strategy - INFO - strategyLogger:108 - [L1][signal] [2025-07-29] QQQ: ELIGIBLE (Price 567.26 > SMA 506.45). Distance: 12.01% | Threshold: > 0%
2026-02-25 15:17:59,580 - US_ETF_Swing_Strategy - INFO - strategyLogger:108 - [L1][signal] [2025-07-29] VGT: ELIGIBLE (Price 692.93 > SMA 597.18). Distance: 16.03% | Threshold: > 0%
2026-02-25 15:17:59,581 - US_ETF_Swing_Strategy - INFO - strategyLogger:108 - [L1][execution] [2025-07-30] SLOTS: 4 Occupied / 4 Total
2026-02-25 15:17:59,588 - US_ETF_Swing_Strategy - INFO - strategyLogger:108 - [L1][signal] [2025-07-30] GLD: ELIGIBLE (Price 300.96 > SMA 299.51). Distance: 0.48% | Threshold: > 0%
2026-02-25 15:17:59,592 - US_ETF_Swing_Strategy - INFO - strategyLogger:108 - [L1][signal] [2025-07-30] IWM: ELIGIBLE (Price 221.56 > SMA 206.07). Distance: 7.52% | Threshold: > 0%
2026-02-25 15:17:59,595 - US_ETF_Swing_Strategy - INFO - strategyLogger:108 - [L1][signal] [2025-07-30] SLV: ELIGIBLE (Price 33.51 > SMA 31.34). Distance: 6.92% | Threshold: > 0%
2026-02-25 15:17:59,597 - US_ETF_Swing_Strategy - INFO - strategyLogger:108 - [L1][signal] [2025-07-30] QQQ: ELIGIBLE (Price 568.02 > SMA 507.24). Distance: 11.98% | Threshold: > 0%
2026-02-25 15:17:59,599 - US_ETF_Swing_Strategy - INFO - strategyLogger:108 - [L1][signal] [2025-07-30] VGT: ELIGIBLE (Price 694.45 > SMA 598.43). Distance: 16.04% | Threshold: > 0%
2026-02-25 15:17:59,601 - US_ETF_Swing_Strategy - INFO - strategyLogger:108 - [L1][execution] [2025-07-31] SLOTS: 4 Occupied / 4 Total
2026-02-25 15:17:59,605 - US_ETF_Swing_Strategy - INFO - strategyLogger:108 - [L1][signal] [2025-07-31] GLD: ELIGIBLE (Price 302.96 > SMA 299.85). Distance: 1.04% | Threshold: > 0%
2026-02-25 15:17:59,609 - US_ETF_Swing_Strategy - INFO - strategyLogger:108 - [L1][signal] [2025-07-31] IWM: ELIGIBLE (Price 219.39 > SMA 206.20). Distance: 6.39% | Threshold: > 0%
2026-02-25 15:17:59,612 - US_ETF_Swing_Strategy - INFO - strategyLogger:108 - [L1][signal] [2025-07-31] SLV: ELIGIBLE (Price 33.32 > SMA 31.38). Distance: 6.18% | Threshold: > 0%
2026-02-25 15:17:59,614 - US_ETF_Swing_Strategy - INFO - strategyLogger:108 - [L1][signal] [2025-07-31] QQQ: ELIGIBLE (Price 565.01 > SMA 507.98). Distance: 11.23% | Threshold: > 0%
2026-02-25 15:17:59,617 - US_ETF_Swing_Strategy - INFO - strategyLogger:108 - [L1][signal] [2025-07-31] VGT: ELIGIBLE (Price 690.47 > SMA 599.58). Distance: 15.16% | Threshold: > 0%
2026-02-25 15:17:59,619 - US_ETF_Swing_Strategy - INFO - strategyLogger:108 - [L1][execution] [2025-08-01] SLOTS: 4 Occupied / 4 Total
2026-02-25 15:17:59,629 - US_ETF_Swing_Strategy - INFO - strategyLogger:108 - [L1][signal] [2025-08-01] GLD: ELIGIBLE (Price 309.11 > SMA 300.28). Distance: 2.94% | Threshold: > 0%
2026-02-25 15:17:59,631 - US_ETF_Swing_Strategy - INFO - strategyLogger:108 - [L1][signal] [2025-08-01] IWM: ELIGIBLE (Price 214.92 > SMA 206.35). Distance: 4.16% | Threshold: > 0%
2026-02-25 15:17:59,634 - US_ETF_Swing_Strategy - INFO - strategyLogger:108 - [L1][signal] [2025-08-01] SLV: ELIGIBLE (Price 33.59 > SMA 31.42). Distance: 6.89% | Threshold: > 0%
2026-02-25 15:17:59,636 - US_ETF_Swing_Strategy - INFO - strategyLogger:108 - [L1][signal] [2025-08-01] QQQ: ELIGIBLE (Price 553.88 > SMA 508.79). Distance: 8.86% | Threshold: > 0%
2026-02-25 15:17:59,639 - US_ETF_Swing_Strategy - INFO - strategyLogger:108 - [L1][signal] [2025-08-01] VGT: ELIGIBLE (Price 674.40 > SMA 600.82). Distance: 12.25% | Threshold: > 0%
2026-02-25 15:17:59,643 - US_ETF_Swing_Strategy - INFO - strategyLogger:108 - [L1][execution] [2025-08-04] SLOTS: 4 Occupied / 4 Total
2026-02-25 15:17:59,648 - US_ETF_Swing_Strategy - INFO - strategyLogger:108 - [L1][signal] [2025-08-04] GLD: ELIGIBLE (Price 310.91 > SMA 300.70). Distance: 3.39% | Threshold: > 0%
2026-02-25 15:17:59,651 - US_ETF_Swing_Strategy - INFO - strategyLogger:108 - [L1][signal] [2025-08-04] IWM: ELIGIBLE (Price 219.73 > SMA 206.54). Distance: 6.39% | Threshold: > 0%
2026-02-25 15:17:59,654 - US_ETF_Swing_Strategy - INFO - strategyLogger:108 - [L1][signal] [2025-08-04] SLV: ELIGIBLE (Price 33.98 > SMA 31.46). Distance: 8.00% | Threshold: > 0%
2026-02-25 15:17:59,660 - US_ETF_Swing_Strategy - INFO - strategyLogger:108 - [L1][signal] [2025-08-04] QQQ: ELIGIBLE (Price 564.10 > SMA 509.71). Distance: 10.67% | Threshold: > 0%
2026-02-25 15:17:59,663 - US_ETF_Swing_Strategy - INFO - strategyLogger:108 - [L1][signal] [2025-08-04] VGT: ELIGIBLE (Price 689.73 > SMA 602.24). Distance: 14.53% | Threshold: > 0%
2026-02-25 15:17:59,665 - US_ETF_Swing_Strategy - INFO - strategyLogger:108 - [L1][execution] [2025-08-05] SLOTS: 4 Occupied / 4 Total
2026-02-25 15:17:59,669 - US_ETF_Swing_Strategy - INFO - strategyLogger:108 - [L1][signal] [2025-08-05] GLD: ELIGIBLE (Price 311.16 > SMA 301.11). Distance: 3.34% | Threshold: > 0%
2026-02-25 15:17:59,671 - US_ETF_Swing_Strategy - INFO - strategyLogger:108 - [L1][signal] [2025-08-05] IWM: ELIGIBLE (Price 220.85 > SMA 206.73). Distance: 6.83% | Threshold: > 0%
2026-02-25 15:17:59,676 - US_ETF_Swing_Strategy - INFO - strategyLogger:108 - [L1][signal] [2025-08-05] SLV: ELIGIBLE (Price 34.35 > SMA 31.51). Distance: 9.03% | Threshold: > 0%
2026-02-25 15:17:59,679 - US_ETF_Swing_Strategy - INFO - strategyLogger:108 - [L1][signal] [2025-08-05] QQQ: ELIGIBLE (Price 560.27 > SMA 510.55). Distance: 9.74% | Threshold: > 0%
2026-02-25 15:17:59,682 - US_ETF_Swing_Strategy - INFO - strategyLogger:108 - [L1][signal] [2025-08-05] VGT: ELIGIBLE (Price 683.55 > SMA 603.51). Distance: 13.26% | Threshold: > 0%
2026-02-25 15:17:59,685 - US_ETF_Swing_Strategy - INFO - strategyLogger:108 - [L1][execution] [2025-08-06] SLOTS: 4 Occupied / 4 Total
2026-02-25 15:17:59,691 - US_ETF_Swing_Strategy - INFO - strategyLogger:108 - [L1][signal] [2025-08-06] GLD: ELIGIBLE (Price 310.50 > SMA 301.46). Distance: 3.00% | Threshold: > 0%
2026-02-25 15:17:59,694 - US_ETF_Swing_Strategy - INFO - strategyLogger:108 - [L1][signal] [2025-08-06] IWM: ELIGIBLE (Price 220.56 > SMA 206.96). Distance: 6.57% | Threshold: > 0%
2026-02-25 15:17:59,697 - US_ETF_Swing_Strategy - INFO - strategyLogger:108 - [L1][signal] [2025-08-06] SLV: ELIGIBLE (Price 34.35 > SMA 31.54). Distance: 8.90% | Threshold: > 0%
2026-02-25 15:17:59,699 - US_ETF_Swing_Strategy - INFO - strategyLogger:108 - [L1][signal] [2025-08-06] QQQ: ELIGIBLE (Price 567.32 > SMA 511.54). Distance: 10.91% | Threshold: > 0%
2026-02-25 15:17:59,701 - US_ETF_Swing_Strategy - INFO - strategyLogger:108 - [L1][signal] [2025-08-06] VGT: ELIGIBLE (Price 691.85 > SMA 604.96). Distance: 14.36% | Threshold: > 0%
2026-02-25 15:17:59,703 - US_ETF_Swing_Strategy - INFO - strategyLogger:108 - [L1][execution] [2025-08-07] SLOTS: 4 Occupied / 4 Total
2026-02-25 15:17:59,710 - US_ETF_Swing_Strategy - INFO - strategyLogger:108 - [L1][signal] [2025-08-07] GLD: ELIGIBLE (Price 313.12 > SMA 301.84). Distance: 3.74% | Threshold: > 0%
2026-02-25 15:17:59,711 - US_ETF_Swing_Strategy - INFO - strategyLogger:108 - [L1][signal] [2025-08-07] IWM: ELIGIBLE (Price 219.84 > SMA 207.13). Distance: 6.14% | Threshold: > 0%
2026-02-25 15:17:59,713 - US_ETF_Swing_Strategy - INFO - strategyLogger:108 - [L1][signal] [2025-08-07] SLV: ELIGIBLE (Price 34.76 > SMA 31.58). Distance: 10.06% | Threshold: > 0%
2026-02-25 15:17:59,715 - US_ETF_Swing_Strategy - INFO - strategyLogger:108 - [L1][signal] [2025-08-07] QQQ: ELIGIBLE (Price 569.24 > SMA 512.43). Distance: 11.09% | Threshold: > 0%
2026-02-25 15:17:59,717 - US_ETF_Swing_Strategy - INFO - strategyLogger:108 - [L1][signal] [2025-08-07] VGT: ELIGIBLE (Price 693.20 > SMA 606.26). Distance: 14.34% | Threshold: > 0%
2026-02-25 15:17:59,719 - US_ETF_Swing_Strategy - INFO - strategyLogger:108 - [L1][execution] [2025-08-08] SLOTS: 4 Occupied / 4 Total
2026-02-25 15:17:59,728 - US_ETF_Swing_Strategy - INFO - strategyLogger:108 - [L1][signal] [2025-08-08] GLD: ELIGIBLE (Price 313.05 > SMA 302.21). Distance: 3.59% | Threshold: > 0%
2026-02-25 15:17:59,730 - US_ETF_Swing_Strategy - INFO - strategyLogger:108 - [L1][signal] [2025-08-08] IWM: ELIGIBLE (Price 220.32 > SMA 207.28). Distance: 6.29% | Threshold: > 0%
2026-02-25 15:17:59,731 - US_ETF_Swing_Strategy - INFO - strategyLogger:108 - [L1][signal] [2025-08-08] SLV: ELIGIBLE (Price 34.88 > SMA 31.62). Distance: 10.30% | Threshold: > 0%
2026-02-25 15:17:59,735 - US_ETF_Swing_Strategy - INFO - strategyLogger:108 - [L1][signal] [2025-08-08] QQQ: ELIGIBLE (Price 574.55 > SMA 513.35). Distance: 11.92% | Threshold: > 0%
2026-02-25 15:17:59,736 - US_ETF_Swing_Strategy - INFO - strategyLogger:108 - [L1][signal] [2025-08-08] VGT: ELIGIBLE (Price 699.35 > SMA 607.59). Distance: 15.10% | Threshold: > 0%
2026-02-25 15:17:59,740 - US_ETF_Swing_Strategy - INFO - strategyLogger:108 - [L1][execution] [2025-08-11] SLOTS: 4 Occupied / 4 Total
2026-02-25 15:17:59,747 - US_ETF_Swing_Strategy - INFO - strategyLogger:108 - [L1][signal] [2025-08-11] GLD: ELIGIBLE (Price 308.55 > SMA 302.49). Distance: 2.00% | Threshold: > 0%
2026-02-25 15:17:59,749 - US_ETF_Swing_Strategy - INFO - strategyLogger:108 - [L1][signal] [2025-08-11] IWM: ELIGIBLE (Price 220.27 > SMA 207.45). Distance: 6.18% | Threshold: > 0%
2026-02-25 15:17:59,752 - US_ETF_Swing_Strategy - INFO - strategyLogger:108 - [L1][signal] [2025-08-11] SLV: ELIGIBLE (Price 34.18 > SMA 31.66). Distance: 7.97% | Threshold: > 0%
2026-02-25 15:17:59,755 - US_ETF_Swing_Strategy - INFO - strategyLogger:108 - [L1][signal] [2025-08-11] QQQ: ELIGIBLE (Price 572.85 > SMA 514.33). Distance: 11.38% | Threshold: > 0%
2026-02-25 15:17:59,759 - US_ETF_Swing_Strategy - INFO - strategyLogger:108 - [L1][signal] [2025-08-11] VGT: ELIGIBLE (Price 695.26 > SMA 608.96). Distance: 14.17% | Threshold: > 0%
2026-02-25 15:17:59,762 - US_ETF_Swing_Strategy - INFO - strategyLogger:108 - [L1][execution] [2025-08-12] SLOTS: 4 Occupied / 4 Total
2026-02-25 15:17:59,767 - US_ETF_Swing_Strategy - INFO - strategyLogger:108 - [L1][signal] [2025-08-12] GLD: ELIGIBLE (Price 308.27 > SMA 302.76). Distance: 1.82% | Threshold: > 0%
2026-02-25 15:17:59,769 - US_ETF_Swing_Strategy - INFO - strategyLogger:108 - [L1][signal] [2025-08-12] IWM: ELIGIBLE (Price 226.81 > SMA 207.65). Distance: 9.23% | Threshold: > 0%
2026-02-25 15:17:59,774 - US_ETF_Swing_Strategy - INFO - strategyLogger:108 - [L1][signal] [2025-08-12] SLV: ELIGIBLE (Price 34.41 > SMA 31.69). Distance: 8.57% | Threshold: > 0%
2026-02-25 15:17:59,778 - US_ETF_Swing_Strategy - INFO - strategyLogger:108 - [L1][signal] [2025-08-12] QQQ: ELIGIBLE (Price 580.05 > SMA 515.32). Distance: 12.56% | Threshold: > 0%
2026-02-25 15:17:59,781 - US_ETF_Swing_Strategy - INFO - strategyLogger:108 - [L1][signal] [2025-08-12] VGT: ELIGIBLE (Price 706.07 > SMA 610.36). Distance: 15.68% | Threshold: > 0%
2026-02-25 15:17:59,781 - US_ETF_Swing_Strategy - INFO - strategyLogger:108 - [L1][execution] [2025-08-13] SLOTS: 4 Occupied / 4 Total
2026-02-25 15:17:59,786 - US_ETF_Swing_Strategy - INFO - strategyLogger:108 - [L1][signal] [2025-08-13] GLD: ELIGIBLE (Price 309.21 > SMA 303.05). Distance: 2.03% | Threshold: > 0%
2026-02-25 15:17:59,792 - US_ETF_Swing_Strategy - INFO - strategyLogger:108 - [L1][signal] [2025-08-13] IWM: ELIGIBLE (Price 231.22 > SMA 207.91). Distance: 11.21% | Threshold: > 0%
2026-02-25 15:17:59,795 - US_ETF_Swing_Strategy - INFO - strategyLogger:108 - [L1][signal] [2025-08-13] SLV: ELIGIBLE (Price 35.00 > SMA 31.74). Distance: 10.28% | Threshold: > 0%
2026-02-25 15:17:59,798 - US_ETF_Swing_Strategy - INFO - strategyLogger:108 - [L1][signal] [2025-08-13] QQQ: ELIGIBLE (Price 580.34 > SMA 516.33). Distance: 12.40% | Threshold: > 0%
2026-02-25 15:17:59,800 - US_ETF_Swing_Strategy - INFO - strategyLogger:108 - [L1][signal] [2025-08-13] VGT: ELIGIBLE (Price 707.29 > SMA 611.81). Distance: 15.61% | Threshold: > 0%
2026-02-25 15:17:59,802 - US_ETF_Swing_Strategy - INFO - strategyLogger:108 - [L1][execution] [2025-08-14] SLOTS: 4 Occupied / 4 Total
2026-02-25 15:17:59,811 - US_ETF_Swing_Strategy - INFO - strategyLogger:108 - [L1][signal] [2025-08-14] GLD: ELIGIBLE (Price 307.25 > SMA 303.34). Distance: 1.29% | Threshold: > 0%
2026-02-25 15:17:59,816 - US_ETF_Swing_Strategy - INFO - strategyLogger:108 - [L1][signal] [2025-08-14] IWM: ELIGIBLE (Price 228.24 > SMA 208.16). Distance: 9.65% | Threshold: > 0%
2026-02-25 15:17:59,818 - US_ETF_Swing_Strategy - INFO - strategyLogger:108 - [L1][signal] [2025-08-14] SLV: ELIGIBLE (Price 34.50 > SMA 31.78). Distance: 8.55% | Threshold: > 0%
2026-02-25 15:17:59,821 - US_ETF_Swing_Strategy - INFO - strategyLogger:108 - [L1][signal] [2025-08-14] QQQ: ELIGIBLE (Price 579.89 > SMA 517.32). Distance: 12.09% | Threshold: > 0%
2026-02-25 15:17:59,827 - US_ETF_Swing_Strategy - INFO - strategyLogger:108 - [L1][signal] [2025-08-14] VGT: ELIGIBLE (Price 704.47 > SMA 613.21). Distance: 14.88% | Threshold: > 0%
2026-02-25 15:17:59,830 - US_ETF_Swing_Strategy - INFO - strategyLogger:108 - [L1][execution] [2025-08-15] SLOTS: 4 Occupied / 4 Total
2026-02-25 15:17:59,834 - US_ETF_Swing_Strategy - INFO - strategyLogger:108 - [L1][signal] [2025-08-15] GLD: ELIGIBLE (Price 307.43 > SMA 303.64). Distance: 1.25% | Threshold: > 0%
2026-02-25 15:17:59,836 - US_ETF_Swing_Strategy - INFO - strategyLogger:108 - [L1][signal] [2025-08-15] IWM: ELIGIBLE (Price 227.13 > SMA 208.34). Distance: 9.02% | Threshold: > 0%
2026-02-25 15:17:59,843 - US_ETF_Swing_Strategy - INFO - strategyLogger:108 - [L1][signal] [2025-08-15] SLV: ELIGIBLE (Price 34.50 > SMA 31.83). Distance: 8.40% | Threshold: > 0%
2026-02-25 15:17:59,847 - US_ETF_Swing_Strategy - INFO - strategyLogger:108 - [L1][signal] [2025-08-15] QQQ: ELIGIBLE (Price 577.34 > SMA 518.19). Distance: 11.41% | Threshold: > 0%
2026-02-25 15:17:59,849 - US_ETF_Swing_Strategy - INFO - strategyLogger:108 - [L1][signal] [2025-08-15] VGT: ELIGIBLE (Price 700.05 > SMA 614.46). Distance: 13.93% | Threshold: > 0%
2026-02-25 15:17:59,852 - US_ETF_Swing_Strategy - INFO - strategyLogger:108 - [L1][execution] [2025-08-18] SLOTS: 4 Occupied / 4 Total
2026-02-25 15:17:59,860 - US_ETF_Swing_Strategy - INFO - strategyLogger:108 - [L1][signal] [2025-08-18] GLD: ELIGIBLE (Price 306.95 > SMA 303.92). Distance: 1.00% | Threshold: > 0%
2026-02-25 15:17:59,863 - US_ETF_Swing_Strategy - INFO - strategyLogger:108 - [L1][signal] [2025-08-18] IWM: ELIGIBLE (Price 227.96 > SMA 208.54). Distance: 9.31% | Threshold: > 0%
2026-02-25 15:17:59,865 - US_ETF_Swing_Strategy - INFO - strategyLogger:108 - [L1][signal] [2025-08-18] SLV: ELIGIBLE (Price 34.55 > SMA 31.87). Distance: 8.42% | Threshold: > 0%
2026-02-25 15:17:59,868 - US_ETF_Swing_Strategy - INFO - strategyLogger:108 - [L1][signal] [2025-08-18] QQQ: ELIGIBLE (Price 577.11 > SMA 519.03). Distance: 11.19% | Threshold: > 0%
2026-02-25 15:17:59,869 - US_ETF_Swing_Strategy - INFO - strategyLogger:108 - [L1][signal] [2025-08-18] VGT: ELIGIBLE (Price 702.08 > SMA 615.71). Distance: 14.03% | Threshold: > 0%
2026-02-25 15:17:59,876 - US_ETF_Swing_Strategy - INFO - strategyLogger:108 - [L1][execution] [2025-08-19] SLOTS: 4 Occupied / 4 Total
2026-02-25 15:17:59,881 - US_ETF_Swing_Strategy - INFO - strategyLogger:108 - [L1][signal] [2025-08-19] GLD: ELIGIBLE (Price 305.27 > SMA 304.19). Distance: 0.35% | Threshold: > 0%
2026-02-25 15:17:59,884 - US_ETF_Swing_Strategy - INFO - strategyLogger:108 - [L1][signal] [2025-08-19] IWM: ELIGIBLE (Price 226.21 > SMA 208.75). Distance: 8.37% | Threshold: > 0%
2026-02-25 15:17:59,886 - US_ETF_Swing_Strategy - INFO - strategyLogger:108 - [L1][signal] [2025-08-19] SLV: ELIGIBLE (Price 33.87 > SMA 31.90). Distance: 6.17% | Threshold: > 0%
2026-02-25 15:17:59,889 - US_ETF_Swing_Strategy - INFO - strategyLogger:108 - [L1][signal] [2025-08-19] QQQ: ELIGIBLE (Price 569.28 > SMA 519.88). Distance: 9.50% | Threshold: > 0%
2026-02-25 15:17:59,893 - US_ETF_Swing_Strategy - INFO - strategyLogger:108 - [L1][signal] [2025-08-19] VGT: ELIGIBLE (Price 688.81 > SMA 616.96). Distance: 11.65% | Threshold: > 0%
2026-02-25 15:17:59,896 - US_ETF_Swing_Strategy - INFO - strategyLogger:108 - [L1][execution] [2025-08-20] SLOTS: 4 Occupied / 4 Total
2026-02-25 15:17:59,901 - US_ETF_Swing_Strategy - INFO - strategyLogger:108 - [L1][signal] [2025-08-20] GLD: ELIGIBLE (Price 308.36 > SMA 304.46). Distance: 1.28% | Threshold: > 0%
2026-02-25 15:17:59,903 - US_ETF_Swing_Strategy - INFO - strategyLogger:108 - [L1][signal] [2025-08-20] IWM: ELIGIBLE (Price 225.41 > SMA 208.96). Distance: 7.87% | Threshold: > 0%
2026-02-25 15:17:59,905 - US_ETF_Swing_Strategy - INFO - strategyLogger:108 - [L1][signal] [2025-08-20] SLV: ELIGIBLE (Price 34.43 > SMA 31.93). Distance: 7.82% | Threshold: > 0%
2026-02-25 15:17:59,909 - US_ETF_Swing_Strategy - INFO - strategyLogger:108 - [L1][signal] [2025-08-20] QQQ: ELIGIBLE (Price 565.90 > SMA 520.72). Distance: 8.68% | Threshold: > 0%
2026-02-25 15:17:59,912 - US_ETF_Swing_Strategy - INFO - strategyLogger:108 - [L1][signal] [2025-08-20] VGT: ELIGIBLE (Price 683.89 > SMA 618.23). Distance: 10.62% | Threshold: > 0%
2026-02-25 15:17:59,915 - US_ETF_Swing_Strategy - INFO - strategyLogger:108 - [L1][execution] [2025-08-21] SLOTS: 4 Occupied / 4 Total
2026-02-25 15:17:59,919 - US_ETF_Swing_Strategy - INFO - strategyLogger:108 - [L1][signal] [2025-08-21] GLD: ELIGIBLE (Price 307.29 > SMA 304.69). Distance: 0.85% | Threshold: > 0%
2026-02-25 15:17:59,919 - US_ETF_Swing_Strategy - INFO - strategyLogger:108 - [L1][signal] [2025-08-21] IWM: ELIGIBLE (Price 225.97 > SMA 209.21). Distance: 8.01% | Threshold: > 0%
2026-02-25 15:17:59,929 - US_ETF_Swing_Strategy - INFO - strategyLogger:108 - [L1][signal] [2025-08-21] SLV: ELIGIBLE (Price 34.61 > SMA 31.97). Distance: 8.26% | Threshold: > 0%
2026-02-25 15:17:59,933 - US_ETF_Swing_Strategy - INFO - strategyLogger:108 - [L1][signal] [2025-08-21] QQQ: ELIGIBLE (Price 563.28 > SMA 521.66). Distance: 7.98% | Threshold: > 0%
2026-02-25 15:17:59,936 - US_ETF_Swing_Strategy - INFO - strategyLogger:108 - [L1][signal] [2025-08-21] VGT: ELIGIBLE (Price 682.08 > SMA 619.62). Distance: 10.08% | Threshold: > 0%
2026-02-25 15:17:59,942 - US_ETF_Swing_Strategy - INFO - strategyLogger:108 - [L1][execution] [2025-08-22] SLOTS: 4 Occupied / 4 Total
2026-02-25 15:17:59,949 - US_ETF_Swing_Strategy - INFO - strategyLogger:108 - [L1][signal] [2025-08-22] GLD: ELIGIBLE (Price 310.58 > SMA 304.91). Distance: 1.86% | Threshold: > 0%
2026-02-25 15:17:59,951 - US_ETF_Swing_Strategy - INFO - strategyLogger:108 - [L1][signal] [2025-08-22] IWM: ELIGIBLE (Price 234.83 > SMA 209.56). Distance: 12.06% | Threshold: > 0%
2026-02-25 15:17:59,953 - US_ETF_Swing_Strategy - INFO - strategyLogger:108 - [L1][signal] [2025-08-22] SLV: ELIGIBLE (Price 35.34 > SMA 32.01). Distance: 10.40% | Threshold: > 0%
2026-02-25 15:17:59,956 - US_ETF_Swing_Strategy - INFO - strategyLogger:108 - [L1][signal] [2025-08-22] QQQ: ELIGIBLE (Price 571.97 > SMA 522.69). Distance: 9.43% | Threshold: > 0%
2026-02-25 15:17:59,961 - US_ETF_Swing_Strategy - INFO - strategyLogger:108 - [L1][signal] [2025-08-22] VGT: ELIGIBLE (Price 694.17 > SMA 621.13). Distance: 11.76% | Threshold: > 0%
2026-02-25 15:17:59,963 - US_ETF_Swing_Strategy - INFO - strategyLogger:108 - [L1][execution] [2025-08-25] SLOTS: 4 Occupied / 4 Total
2026-02-25 15:17:59,969 - US_ETF_Swing_Strategy - INFO - strategyLogger:108 - [L1][signal] [2025-08-25] GLD: ELIGIBLE (Price 309.83 > SMA 305.14). Distance: 1.54% | Threshold: > 0%
2026-02-25 15:17:59,974 - US_ETF_Swing_Strategy - INFO - strategyLogger:108 - [L1][signal] [2025-08-25] IWM: ELIGIBLE (Price 232.36 > SMA 209.89). Distance: 10.70% | Threshold: > 0%
2026-02-25 15:17:59,978 - US_ETF_Swing_Strategy - INFO - strategyLogger:108 - [L1][signal] [2025-08-25] SLV: ELIGIBLE (Price 35.02 > SMA 32.06). Distance: 9.25% | Threshold: > 0%
2026-02-25 15:17:59,980 - US_ETF_Swing_Strategy - INFO - strategyLogger:108 - [L1][signal] [2025-08-25] QQQ: ELIGIBLE (Price 570.32 > SMA 523.67). Distance: 8.91% | Threshold: > 0%
2026-02-25 15:17:59,983 - US_ETF_Swing_Strategy - INFO - strategyLogger:108 - [L1][signal] [2025-08-25] VGT: ELIGIBLE (Price 692.48 > SMA 622.59). Distance: 11.23% | Threshold: > 0%
2026-02-25 15:17:59,986 - US_ETF_Swing_Strategy - INFO - strategyLogger:108 - [L1][execution] [2025-08-26] SLOTS: 4 Occupied / 4 Total
2026-02-25 15:17:59,995 - US_ETF_Swing_Strategy - INFO - strategyLogger:108 - [L1][signal] [2025-08-26] GLD: ELIGIBLE (Price 312.08 > SMA 305.37). Distance: 2.20% | Threshold: > 0%
2026-02-25 15:17:59,998 - US_ETF_Swing_Strategy - INFO - strategyLogger:108 - [L1][signal] [2025-08-26] IWM: ELIGIBLE (Price 234.28 > SMA 210.21). Distance: 11.45% | Threshold: > 0%
2026-02-25 15:18:00,000 - US_ETF_Swing_Strategy - INFO - strategyLogger:108 - [L1][signal] [2025-08-26] SLV: ELIGIBLE (Price 35.02 > SMA 32.10). Distance: 9.10% | Threshold: > 0%
2026-02-25 15:18:00,003 - US_ETF_Swing_Strategy - INFO - strategyLogger:108 - [L1][signal] [2025-08-26] QQQ: ELIGIBLE (Price 572.61 > SMA 524.63). Distance: 9.14% | Threshold: > 0%
2026-02-25 15:18:00,005 - US_ETF_Swing_Strategy - INFO - strategyLogger:108 - [L1][signal] [2025-08-26] VGT: ELIGIBLE (Price 696.03 > SMA 624.04). Distance: 11.54% | Threshold: > 0%
2026-02-25 15:18:00,011 - US_ETF_Swing_Strategy - INFO - strategyLogger:108 - [L1][execution] [2025-08-27] SLOTS: 4 Occupied / 4 Total
2026-02-25 15:18:00,017 - US_ETF_Swing_Strategy - INFO - strategyLogger:108 - [L1][signal] [2025-08-27] GLD: ELIGIBLE (Price 312.71 > SMA 305.64). Distance: 2.31% | Threshold: > 0%
2026-02-25 15:18:00,019 - US_ETF_Swing_Strategy - INFO - strategyLogger:108 - [L1][signal] [2025-08-27] IWM: ELIGIBLE (Price 235.94 > SMA 210.67). Distance: 11.99% | Threshold: > 0%
2026-02-25 15:18:00,026 - US_ETF_Swing_Strategy - INFO - strategyLogger:108 - [L1][signal] [2025-08-27] SLV: ELIGIBLE (Price 34.99 > SMA 32.16). Distance: 8.80% | Threshold: > 0%
2026-02-25 15:18:00,031 - US_ETF_Swing_Strategy - INFO - strategyLogger:108 - [L1][signal] [2025-08-27] QQQ: ELIGIBLE (Price 573.49 > SMA 525.86). Distance: 9.06% | Threshold: > 0%
2026-02-25 15:18:00,037 - US_ETF_Swing_Strategy - INFO - strategyLogger:108 - [L1][signal] [2025-08-27] VGT: ELIGIBLE (Price 700.92 > SMA 625.93). Distance: 11.98% | Threshold: > 0%
2026-02-25 15:18:00,052 - US_ETF_Swing_Strategy - INFO - strategyLogger:108 - [L1][execution] [2025-08-28] SLOTS: 4 Occupied / 4 Total
2026-02-25 15:18:00,060 - US_ETF_Swing_Strategy - INFO - strategyLogger:108 - [L1][signal] [2025-08-28] GLD: ELIGIBLE (Price 315.03 > SMA 305.99). Distance: 2.95% | Threshold: > 0%
2026-02-25 15:18:00,063 - US_ETF_Swing_Strategy - INFO - strategyLogger:108 - [L1][signal] [2025-08-28] IWM: ELIGIBLE (Price 236.22 > SMA 211.22). Distance: 11.83% | Threshold: > 0%
2026-02-25 15:18:00,067 - US_ETF_Swing_Strategy - INFO - strategyLogger:108 - [L1][signal] [2025-08-28] SLV: ELIGIBLE (Price 35.52 > SMA 32.24). Distance: 10.16% | Threshold: > 0%
2026-02-25 15:18:00,069 - US_ETF_Swing_Strategy - INFO - strategyLogger:108 - [L1][signal] [2025-08-28] QQQ: ELIGIBLE (Price 577.08 > SMA 527.41). Distance: 9.42% | Threshold: > 0%
2026-02-25 15:18:00,074 - US_ETF_Swing_Strategy - INFO - strategyLogger:108 - [L1][signal] [2025-08-28] VGT: ELIGIBLE (Price 707.87 > SMA 628.22). Distance: 12.68% | Threshold: > 0%
2026-02-25 15:18:00,082 - US_ETF_Swing_Strategy - INFO - strategyLogger:108 - [L1][execution] [2025-08-29] SLOTS: 4 Occupied / 4 Total
2026-02-25 15:18:00,091 - US_ETF_Swing_Strategy - INFO - strategyLogger:108 - [L1][signal] [2025-08-29] GLD: ELIGIBLE (Price 318.07 > SMA 306.43). Distance: 3.80% | Threshold: > 0%
2026-02-25 15:18:00,096 - US_ETF_Swing_Strategy - INFO - strategyLogger:108 - [L1][signal] [2025-08-29] IWM: ELIGIBLE (Price 235.17 > SMA 211.78). Distance: 11.05% | Threshold: > 0%
2026-02-25 15:18:00,101 - US_ETF_Swing_Strategy - INFO - strategyLogger:108 - [L1][signal] [2025-08-29] SLV: ELIGIBLE (Price 36.19 > SMA 32.33). Distance: 11.92% | Threshold: > 0%
2026-02-25 15:18:00,103 - US_ETF_Swing_Strategy - INFO - strategyLogger:108 - [L1][signal] [2025-08-29] QQQ: ELIGIBLE (Price 570.40 > SMA 528.87). Distance: 7.85% | Threshold: > 0%
2026-02-25 15:18:00,104 - US_ETF_Swing_Strategy - INFO - strategyLogger:108 - [L1][signal] [2025-08-29] VGT: ELIGIBLE (Price 697.02 > SMA 630.39). Distance: 10.57% | Threshold: > 0%
2026-02-25 15:18:00,112 - US_ETF_Swing_Strategy - INFO - strategyLogger:108 - [L1][execution] [2025-09-02] SLOTS: 4 Occupied / 4 Total
2026-02-25 15:18:00,118 - US_ETF_Swing_Strategy - INFO - strategyLogger:108 - [L1][signal] [2025-09-02] GLD: ELIGIBLE (Price 325.59 > SMA 306.94). Distance: 6.08% | Threshold: > 0%
2026-02-25 15:18:00,119 - US_ETF_Swing_Strategy - INFO - strategyLogger:108 - [L1][signal] [2025-09-02] IWM: ELIGIBLE (Price 233.90 > SMA 212.37). Distance: 10.14% | Threshold: > 0%
2026-02-25 15:18:00,126 - US_ETF_Swing_Strategy - INFO - strategyLogger:108 - [L1][signal] [2025-09-02] SLV: ELIGIBLE (Price 37.15 > SMA 32.43). Distance: 14.54% | Threshold: > 0%
2026-02-25 15:18:00,130 - US_ETF_Swing_Strategy - INFO - strategyLogger:108 - [L1][signal] [2025-09-02] QQQ: ELIGIBLE (Price 565.62 > SMA 530.37). Distance: 6.65% | Threshold: > 0%
2026-02-25 15:18:00,133 - US_ETF_Swing_Strategy - INFO - strategyLogger:108 - [L1][signal] [2025-09-02] VGT: ELIGIBLE (Price 689.81 > SMA 632.59). Distance: 9.05% | Threshold: > 0%
2026-02-25 15:18:00,135 - US_ETF_Swing_Strategy - INFO - strategyLogger:108 - [L1][execution] [2025-09-03] SLOTS: 4 Occupied / 4 Total
2026-02-25 15:18:00,144 - US_ETF_Swing_Strategy - INFO - strategyLogger:108 - [L1][signal] [2025-09-03] GLD: ELIGIBLE (Price 328.14 > SMA 307.37). Distance: 6.76% | Threshold: > 0%
2026-02-25 15:18:00,148 - US_ETF_Swing_Strategy - INFO - strategyLogger:108 - [L1][signal] [2025-09-03] IWM: ELIGIBLE (Price 233.67 > SMA 212.81). Distance: 9.80% | Threshold: > 0%
2026-02-25 15:18:00,150 - US_ETF_Swing_Strategy - INFO - strategyLogger:108 - [L1][signal] [2025-09-03] SLV: ELIGIBLE (Price 37.34 > SMA 32.53). Distance: 14.80% | Threshold: > 0%
2026-02-25 15:18:00,152 - US_ETF_Swing_Strategy - INFO - strategyLogger:108 - [L1][signal] [2025-09-03] QQQ: ELIGIBLE (Price 570.07 > SMA 531.41). Distance: 7.27% | Threshold: > 0%
2026-02-25 15:18:00,160 - US_ETF_Swing_Strategy - INFO - strategyLogger:108 - [L1][signal] [2025-09-03] VGT: ELIGIBLE (Price 692.90 > SMA 634.18). Distance: 9.26% | Threshold: > 0%
2026-02-25 15:18:00,165 - US_ETF_Swing_Strategy - INFO - strategyLogger:108 - [L1][execution] [2025-09-04] SLOTS: 4 Occupied / 4 Total
2026-02-25 15:18:00,169 - US_ETF_Swing_Strategy - INFO - strategyLogger:108 - [L1][signal] [2025-09-04] GLD: ELIGIBLE (Price 326.69 > SMA 307.71). Distance: 6.17% | Threshold: > 0%
2026-02-25 15:18:00,176 - US_ETF_Swing_Strategy - INFO - strategyLogger:108 - [L1][signal] [2025-09-04] IWM: ELIGIBLE (Price 236.59 > SMA 213.36). Distance: 10.89% | Threshold: > 0%
2026-02-25 15:18:00,179 - US_ETF_Swing_Strategy - INFO - strategyLogger:108 - [L1][signal] [2025-09-04] SLV: ELIGIBLE (Price 36.93 > SMA 32.61). Distance: 13.23% | Threshold: > 0%
2026-02-25 15:18:00,182 - US_ETF_Swing_Strategy - INFO - strategyLogger:108 - [L1][signal] [2025-09-04] QQQ: ELIGIBLE (Price 575.23 > SMA 532.70). Distance: 7.98% | Threshold: > 0%
2026-02-25 15:18:00,184 - US_ETF_Swing_Strategy - INFO - strategyLogger:108 - [L1][signal] [2025-09-04] VGT: ELIGIBLE (Price 697.54 > SMA 636.06). Distance: 9.67% | Threshold: > 0%
2026-02-25 15:18:00,188 - US_ETF_Swing_Strategy - INFO - strategyLogger:108 - [L1][execution] [2025-09-05] SLOTS: 4 Occupied / 4 Total
2026-02-25 15:18:00,196 - US_ETF_Swing_Strategy - INFO - strategyLogger:108 - [L1][signal] [2025-09-05] GLD: ELIGIBLE (Price 331.05 > SMA 308.04). Distance: 7.47% | Threshold: > 0%
2026-02-25 15:18:00,199 - US_ETF_Swing_Strategy - INFO - strategyLogger:108 - [L1][signal] [2025-09-05] IWM: ELIGIBLE (Price 237.77 > SMA 213.89). Distance: 11.16% | Threshold: > 0%
2026-02-25 15:18:00,201 - US_ETF_Swing_Strategy - INFO - strategyLogger:108 - [L1][signal] [2025-09-05] SLV: ELIGIBLE (Price 37.21 > SMA 32.69). Distance: 13.81% | Threshold: > 0%
2026-02-25 15:18:00,219 - US_ETF_Swing_Strategy - INFO - strategyLogger:108 - [L1][signal] [2025-09-05] QQQ: ELIGIBLE (Price 576.06 > SMA 533.92). Distance: 7.89% | Threshold: > 0%
2026-02-25 15:18:00,222 - US_ETF_Swing_Strategy - INFO - strategyLogger:108 - [L1][signal] [2025-09-05] VGT: ELIGIBLE (Price 698.79 > SMA 637.84). Distance: 9.56% | Threshold: > 0%
2026-02-25 15:18:00,227 - US_ETF_Swing_Strategy - INFO - strategyLogger:108 - [L1][execution] [2025-09-08] SLOTS: 4 Occupied / 4 Total
2026-02-25 15:18:00,232 - US_ETF_Swing_Strategy - INFO - strategyLogger:108 - [L1][signal] [2025-09-08] GLD: ELIGIBLE (Price 334.82 > SMA 308.43). Distance: 8.56% | Threshold: > 0%
2026-02-25 15:18:00,235 - US_ETF_Swing_Strategy - INFO - strategyLogger:108 - [L1][signal] [2025-09-08] IWM: ELIGIBLE (Price 238.25 > SMA 214.41). Distance: 11.12% | Threshold: > 0%
2026-02-25 15:18:00,236 - US_ETF_Swing_Strategy - INFO - strategyLogger:108 - [L1][signal] [2025-09-08] SLV: ELIGIBLE (Price 37.51 > SMA 32.78). Distance: 14.45% | Threshold: > 0%
2026-02-25 15:18:00,242 - US_ETF_Swing_Strategy - INFO - strategyLogger:108 - [L1][signal] [2025-09-08] QQQ: ELIGIBLE (Price 578.87 > SMA 535.13). Distance: 8.17% | Threshold: > 0%
2026-02-25 15:18:00,244 - US_ETF_Swing_Strategy - INFO - strategyLogger:108 - [L1][signal] [2025-09-08] VGT: ELIGIBLE (Price 704.92 > SMA 639.65). Distance: 10.20% | Threshold: > 0%
2026-02-25 15:18:00,248 - US_ETF_Swing_Strategy - INFO - strategyLogger:108 - [L1][execution] [2025-09-09] SLOTS: 4 Occupied / 4 Total
2026-02-25 15:18:00,254 - US_ETF_Swing_Strategy - INFO - strategyLogger:108 - [L1][signal] [2025-09-09] GLD: ELIGIBLE (Price 334.06 > SMA 308.79). Distance: 8.18% | Threshold: > 0%
2026-02-25 15:18:00,259 - US_ETF_Swing_Strategy - INFO - strategyLogger:108 - [L1][signal] [2025-09-09] IWM: ELIGIBLE (Price 236.85 > SMA 214.91). Distance: 10.21% | Threshold: > 0%
2026-02-25 15:18:00,263 - US_ETF_Swing_Strategy - INFO - strategyLogger:108 - [L1][signal] [2025-09-09] SLV: ELIGIBLE (Price 37.18 > SMA 32.85). Distance: 13.17% | Threshold: > 0%
2026-02-25 15:18:00,265 - US_ETF_Swing_Strategy - INFO - strategyLogger:108 - [L1][signal] [2025-09-09] QQQ: ELIGIBLE (Price 580.51 > SMA 536.36). Distance: 8.23% | Threshold: > 0%
2026-02-25 15:18:00,269 - US_ETF_Swing_Strategy - INFO - strategyLogger:108 - [L1][signal] [2025-09-09] VGT: ELIGIBLE (Price 705.75 > SMA 641.45). Distance: 10.02% | Threshold: > 0%
2026-02-25 15:18:00,272 - US_ETF_Swing_Strategy - INFO - strategyLogger:108 - [L1][execution] [2025-09-10] SLOTS: 4 Occupied / 4 Total
2026-02-25 15:18:00,284 - US_ETF_Swing_Strategy - INFO - strategyLogger:108 - [L1][signal] [2025-09-10] GLD: ELIGIBLE (Price 335.26 > SMA 309.07). Distance: 8.47% | Threshold: > 0%
2026-02-25 15:18:00,286 - US_ETF_Swing_Strategy - INFO - strategyLogger:108 - [L1][signal] [2025-09-10] IWM: ELIGIBLE (Price 236.43 > SMA 215.43). Distance: 9.75% | Threshold: > 0%
2026-02-25 15:18:00,293 - US_ETF_Swing_Strategy - INFO - strategyLogger:108 - [L1][signal] [2025-09-10] SLV: ELIGIBLE (Price 37.41 > SMA 32.93). Distance: 13.61% | Threshold: > 0%
2026-02-25 15:18:00,295 - US_ETF_Swing_Strategy - INFO - strategyLogger:108 - [L1][signal] [2025-09-10] QQQ: ELIGIBLE (Price 580.70 > SMA 537.72). Distance: 7.99% | Threshold: > 0%
2026-02-25 15:18:00,298 - US_ETF_Swing_Strategy - INFO - strategyLogger:108 - [L1][signal] [2025-09-10] VGT: ELIGIBLE (Price 714.93 > SMA 643.53). Distance: 11.10% | Threshold: > 0%
2026-02-25 15:18:00,300 - US_ETF_Swing_Strategy - INFO - strategyLogger:108 - [L1][execution] [2025-09-11] SLOTS: 4 Occupied / 4 Total
2026-02-25 15:18:00,303 - US_ETF_Swing_Strategy - INFO - strategyLogger:108 - [L1][signal] [2025-09-11] GLD: ELIGIBLE (Price 334.76 > SMA 309.35). Distance: 8.21% | Threshold: > 0%
2026-02-25 15:18:00,307 - US_ETF_Swing_Strategy - INFO - strategyLogger:108 - [L1][signal] [2025-09-11] IWM: ELIGIBLE (Price 240.80 > SMA 215.97). Distance: 11.50% | Threshold: > 0%
2026-02-25 15:18:00,311 - US_ETF_Swing_Strategy - INFO - strategyLogger:108 - [L1][signal] [2025-09-11] SLV: ELIGIBLE (Price 37.79 > SMA 33.01). Distance: 14.47% | Threshold: > 0%
2026-02-25 15:18:00,313 - US_ETF_Swing_Strategy - INFO - strategyLogger:108 - [L1][signal] [2025-09-11] QQQ: ELIGIBLE (Price 584.08 > SMA 539.12). Distance: 8.34% | Threshold: > 0%
2026-02-25 15:18:00,317 - US_ETF_Swing_Strategy - INFO - strategyLogger:108 - [L1][signal] [2025-09-11] VGT: ELIGIBLE (Price 718.77 > SMA 645.66). Distance: 11.32% | Threshold: > 0%
2026-02-25 15:18:00,319 - US_ETF_Swing_Strategy - INFO - strategyLogger:108 - [L1][execution] [2025-09-12] SLOTS: 4 Occupied / 4 Total
2026-02-25 15:18:00,327 - US_ETF_Swing_Strategy - INFO - strategyLogger:108 - [L1][signal] [2025-09-12] GLD: ELIGIBLE (Price 335.42 > SMA 309.55). Distance: 8.36% | Threshold: > 0%
2026-02-25 15:18:00,330 - US_ETF_Swing_Strategy - INFO - strategyLogger:108 - [L1][signal] [2025-09-12] IWM: ELIGIBLE (Price 238.34 > SMA 216.52). Distance: 10.08% | Threshold: > 0%
2026-02-25 15:18:00,333 - US_ETF_Swing_Strategy - INFO - strategyLogger:108 - [L1][signal] [2025-09-12] SLV: ELIGIBLE (Price 38.34 > SMA 33.10). Distance: 15.84% | Threshold: > 0%
2026-02-25 15:18:00,334 - US_ETF_Swing_Strategy - INFO - strategyLogger:108 - [L1][signal] [2025-09-12] QQQ: ELIGIBLE (Price 586.66 > SMA 540.66). Distance: 8.51% | Threshold: > 0%
2026-02-25 15:18:00,336 - US_ETF_Swing_Strategy - INFO - strategyLogger:108 - [L1][signal] [2025-09-12] VGT: ELIGIBLE (Price 719.57 > SMA 647.94). Distance: 11.06% | Threshold: > 0%
2026-02-25 15:18:00,342 - US_ETF_Swing_Strategy - INFO - strategyLogger:108 - [L1][execution] [2025-09-15] SLOTS: 4 Occupied / 4 Total
2026-02-25 15:18:00,349 - US_ETF_Swing_Strategy - INFO - strategyLogger:108 - [L1][signal] [2025-09-15] GLD: ELIGIBLE (Price 338.91 > SMA 309.83). Distance: 9.39% | Threshold: > 0%
2026-02-25 15:18:00,352 - US_ETF_Swing_Strategy - INFO - strategyLogger:108 - [L1][signal] [2025-09-15] IWM: ELIGIBLE (Price 239.35 > SMA 217.04). Distance: 10.28% | Threshold: > 0%
2026-02-25 15:18:00,357 - US_ETF_Swing_Strategy - INFO - strategyLogger:108 - [L1][signal] [2025-09-15] SLV: ELIGIBLE (Price 38.76 > SMA 33.19). Distance: 16.78% | Threshold: > 0%
2026-02-25 15:18:00,361 - US_ETF_Swing_Strategy - INFO - strategyLogger:108 - [L1][signal] [2025-09-15] QQQ: ELIGIBLE (Price 591.68 > SMA 542.13). Distance: 9.14% | Threshold: > 0%
2026-02-25 15:18:00,363 - US_ETF_Swing_Strategy - INFO - strategyLogger:108 - [L1][signal] [2025-09-15] VGT: ELIGIBLE (Price 726.63 > SMA 650.16). Distance: 11.76% | Threshold: > 0%
2026-02-25 15:18:00,367 - US_ETF_Swing_Strategy - INFO - strategyLogger:108 - [L1][execution] [2025-09-16] SLOTS: 4 Occupied / 4 Total
2026-02-25 15:18:00,374 - US_ETF_Swing_Strategy - INFO - strategyLogger:108 - [L1][signal] [2025-09-16] GLD: ELIGIBLE (Price 339.59 > SMA 310.19). Distance: 9.48% | Threshold: > 0%
2026-02-25 15:18:00,379 - US_ETF_Swing_Strategy - INFO - strategyLogger:108 - [L1][signal] [2025-09-16] IWM: ELIGIBLE (Price 238.28 > SMA 217.52). Distance: 9.54% | Threshold: > 0%
2026-02-25 15:18:00,384 - US_ETF_Swing_Strategy - INFO - strategyLogger:108 - [L1][signal] [2025-09-16] SLV: ELIGIBLE (Price 38.60 > SMA 33.27). Distance: 16.02% | Threshold: > 0%
2026-02-25 15:18:00,388 - US_ETF_Swing_Strategy - INFO - strategyLogger:108 - [L1][signal] [2025-09-16] QQQ: ELIGIBLE (Price 591.18 > SMA 543.50). Distance: 8.77% | Threshold: > 0%
2026-02-25 15:18:00,395 - US_ETF_Swing_Strategy - INFO - strategyLogger:108 - [L1][signal] [2025-09-16] VGT: ELIGIBLE (Price 724.17 > SMA 652.22). Distance: 11.03% | Threshold: > 0%
2026-02-25 15:18:00,397 - US_ETF_Swing_Strategy - INFO - strategyLogger:108 - [L1][execution] [2025-09-17] SLOTS: 4 Occupied / 4 Total
2026-02-25 15:18:00,403 - US_ETF_Swing_Strategy - INFO - strategyLogger:108 - [L1][signal] [2025-09-17] GLD: ELIGIBLE (Price 336.97 > SMA 310.48). Distance: 8.53% | Threshold: > 0%
2026-02-25 15:18:00,410 - US_ETF_Swing_Strategy - INFO - strategyLogger:108 - [L1][signal] [2025-09-17] IWM: ELIGIBLE (Price 238.89 > SMA 217.97). Distance: 9.60% | Threshold: > 0%
2026-02-25 15:18:00,413 - US_ETF_Swing_Strategy - INFO - strategyLogger:108 - [L1][signal] [2025-09-17] SLV: ELIGIBLE (Price 37.79 > SMA 33.34). Distance: 13.34% | Threshold: > 0%
2026-02-25 15:18:00,417 - US_ETF_Swing_Strategy - INFO - strategyLogger:108 - [L1][signal] [2025-09-17] QQQ: ELIGIBLE (Price 590.00 > SMA 544.72). Distance: 8.31% | Threshold: > 0%
2026-02-25 15:18:00,419 - US_ETF_Swing_Strategy - INFO - strategyLogger:108 - [L1][signal] [2025-09-17] VGT: ELIGIBLE (Price 721.50 > SMA 654.05). Distance: 10.31% | Threshold: > 0%
2026-02-25 15:18:00,425 - US_ETF_Swing_Strategy - INFO - strategyLogger:108 - [L1][execution] [2025-09-18] SLOTS: 4 Occupied / 4 Total
2026-02-25 15:18:00,431 - US_ETF_Swing_Strategy - INFO - strategyLogger:108 - [L1][signal] [2025-09-18] GLD: ELIGIBLE (Price 335.62 > SMA 310.79). Distance: 7.99% | Threshold: > 0%
2026-02-25 15:18:00,434 - US_ETF_Swing_Strategy - INFO - strategyLogger:108 - [L1][signal] [2025-09-18] IWM: ELIGIBLE (Price 244.84 > SMA 218.48). Distance: 12.07% | Threshold: > 0%
2026-02-25 15:18:00,436 - US_ETF_Swing_Strategy - INFO - strategyLogger:108 - [L1][signal] [2025-09-18] SLV: ELIGIBLE (Price 37.99 > SMA 33.42). Distance: 13.67% | Threshold: > 0%
2026-02-25 15:18:00,442 - US_ETF_Swing_Strategy - INFO - strategyLogger:108 - [L1][signal] [2025-09-18] QQQ: ELIGIBLE (Price 595.32 > SMA 545.95). Distance: 9.04% | Threshold: > 0%
2026-02-25 15:18:00,446 - US_ETF_Swing_Strategy - INFO - strategyLogger:108 - [L1][signal] [2025-09-18] VGT: ELIGIBLE (Price 734.31 > SMA 655.93). Distance: 11.95% | Threshold: > 0%
2026-02-25 15:18:00,449 - US_ETF_Swing_Strategy - INFO - strategyLogger:108 - [L1][execution] [2025-09-19] SLOTS: 4 Occupied / 4 Total
2026-02-25 15:18:00,455 - US_ETF_Swing_Strategy - INFO - strategyLogger:108 - [L1][signal] [2025-09-19] GLD: ELIGIBLE (Price 339.18 > SMA 311.09). Distance: 9.03% | Threshold: > 0%
2026-02-25 15:18:00,461 - US_ETF_Swing_Strategy - INFO - strategyLogger:108 - [L1][signal] [2025-09-19] IWM: ELIGIBLE (Price 242.98 > SMA 218.96). Distance: 10.97% | Threshold: > 0%
2026-02-25 15:18:00,464 - US_ETF_Swing_Strategy - INFO - strategyLogger:108 - [L1][signal] [2025-09-19] SLV: ELIGIBLE (Price 39.04 > SMA 33.51). Distance: 16.50% | Threshold: > 0%
2026-02-25 15:18:00,467 - US_ETF_Swing_Strategy - INFO - strategyLogger:108 - [L1][signal] [2025-09-19] QQQ: ELIGIBLE (Price 599.35 > SMA 547.22). Distance: 9.53% | Threshold: > 0%
2026-02-25 15:18:00,470 - US_ETF_Swing_Strategy - INFO - strategyLogger:108 - [L1][signal] [2025-09-19] VGT: ELIGIBLE (Price 741.17 > SMA 657.88). Distance: 12.66% | Threshold: > 0%
2026-02-25 15:18:00,478 - US_ETF_Swing_Strategy - INFO - strategyLogger:108 - [L1][execution] [2025-09-22] SLOTS: 4 Occupied / 4 Total
2026-02-25 15:18:00,491 - US_ETF_Swing_Strategy - INFO - strategyLogger:108 - [L1][signal] [2025-09-22] GLD: ELIGIBLE (Price 345.05 > SMA 311.48). Distance: 10.78% | Threshold: > 0%
2026-02-25 15:18:00,497 - US_ETF_Swing_Strategy - INFO - strategyLogger:108 - [L1][signal] [2025-09-22] IWM: ELIGIBLE (Price 244.39 > SMA 219.44). Distance: 11.37% | Threshold: > 0%
2026-02-25 15:18:00,503 - US_ETF_Swing_Strategy - INFO - strategyLogger:108 - [L1][signal] [2025-09-22] SLV: ELIGIBLE (Price 40.04 > SMA 33.61). Distance: 19.12% | Threshold: > 0%
2026-02-25 15:18:00,510 - US_ETF_Swing_Strategy - INFO - strategyLogger:108 - [L1][signal] [2025-09-22] QQQ: ELIGIBLE (Price 602.20 > SMA 548.49). Distance: 9.79% | Threshold: > 0%
2026-02-25 15:18:00,513 - US_ETF_Swing_Strategy - INFO - strategyLogger:108 - [L1][signal] [2025-09-22] VGT: ELIGIBLE (Price 753.15 > SMA 659.93). Distance: 14.13% | Threshold: > 0%
2026-02-25 15:18:00,516 - US_ETF_Swing_Strategy - INFO - strategyLogger:108 - [L1][execution] [2025-09-23] SLOTS: 4 Occupied / 4 Total
2026-02-25 15:18:00,529 - US_ETF_Swing_Strategy - INFO - strategyLogger:108 - [L1][signal] [2025-09-23] GLD: ELIGIBLE (Price 346.46 > SMA 311.90). Distance: 11.08% | Threshold: > 0%
2026-02-25 15:18:00,531 - US_ETF_Swing_Strategy - INFO - strategyLogger:108 - [L1][signal] [2025-09-23] IWM: ELIGIBLE (Price 243.84 > SMA 219.93). Distance: 10.87% | Threshold: > 0%
2026-02-25 15:18:00,536 - US_ETF_Swing_Strategy - INFO - strategyLogger:108 - [L1][signal] [2025-09-23] SLV: ELIGIBLE (Price 39.96 > SMA 33.72). Distance: 18.52% | Threshold: > 0%
2026-02-25 15:18:00,548 - US_ETF_Swing_Strategy - INFO - strategyLogger:108 - [L1][signal] [2025-09-23] QQQ: ELIGIBLE (Price 598.20 > SMA 549.71). Distance: 8.82% | Threshold: > 0%
2026-02-25 15:18:00,550 - US_ETF_Swing_Strategy - INFO - strategyLogger:108 - [L1][signal] [2025-09-23] VGT: ELIGIBLE (Price 745.41 > SMA 661.89). Distance: 12.62% | Threshold: > 0%
2026-02-25 15:18:00,561 - US_ETF_Swing_Strategy - INFO - strategyLogger:108 - [L1][execution] [2025-09-24] SLOTS: 4 Occupied / 4 Total
2026-02-25 15:18:00,569 - US_ETF_Swing_Strategy - INFO - strategyLogger:108 - [L1][signal] [2025-09-24] GLD: ELIGIBLE (Price 343.32 > SMA 312.36). Distance: 9.91% | Threshold: > 0%
2026-02-25 15:18:00,586 - US_ETF_Swing_Strategy - INFO - strategyLogger:108 - [L1][signal] [2025-09-24] IWM: ELIGIBLE (Price 241.60 > SMA 220.39). Distance: 9.63% | Threshold: > 0%
2026-02-25 15:18:00,592 - US_ETF_Swing_Strategy - INFO - strategyLogger:108 - [L1][signal] [2025-09-24] SLV: ELIGIBLE (Price 39.82 > SMA 33.82). Distance: 17.74% | Threshold: > 0%
2026-02-25 15:18:00,596 - US_ETF_Swing_Strategy - INFO - strategyLogger:108 - [L1][signal] [2025-09-24] QQQ: ELIGIBLE (Price 596.10 > SMA 550.86). Distance: 8.21% | Threshold: > 0%
2026-02-25 15:18:00,598 - US_ETF_Swing_Strategy - INFO - strategyLogger:108 - [L1][signal] [2025-09-24] VGT: ELIGIBLE (Price 739.06 > SMA 663.69). Distance: 11.36% | Threshold: > 0%
2026-02-25 15:18:00,602 - US_ETF_Swing_Strategy - INFO - strategyLogger:108 - [L1][execution] [2025-09-25] SLOTS: 4 Occupied / 4 Total
2026-02-25 15:18:00,611 - US_ETF_Swing_Strategy - INFO - strategyLogger:108 - [L1][signal] [2025-09-25] GLD: ELIGIBLE (Price 344.75 > SMA 312.83). Distance: 10.20% | Threshold: > 0%
2026-02-25 15:18:00,615 - US_ETF_Swing_Strategy - INFO - strategyLogger:108 - [L1][signal] [2025-09-25] IWM: ELIGIBLE (Price 239.29 > SMA 220.78). Distance: 8.39% | Threshold: > 0%
2026-02-25 15:18:00,618 - US_ETF_Swing_Strategy - INFO - strategyLogger:108 - [L1][signal] [2025-09-25] SLV: ELIGIBLE (Price 41.03 > SMA 33.94). Distance: 20.89% | Threshold: > 0%
2026-02-25 15:18:00,624 - US_ETF_Swing_Strategy - INFO - strategyLogger:108 - [L1][signal] [2025-09-25] QQQ: ELIGIBLE (Price 593.53 > SMA 551.90). Distance: 7.54% | Threshold: > 0%
2026-02-25 15:18:00,629 - US_ETF_Swing_Strategy - INFO - strategyLogger:108 - [L1][signal] [2025-09-25] VGT: ELIGIBLE (Price 736.83 > SMA 665.38). Distance: 10.74% | Threshold: > 0%
2026-02-25 15:18:00,632 - US_ETF_Swing_Strategy - INFO - strategyLogger:108 - [L1][execution] [2025-09-26] SLOTS: 4 Occupied / 4 Total
2026-02-25 15:18:00,640 - US_ETF_Swing_Strategy - INFO - strategyLogger:108 - [L1][signal] [2025-09-26] GLD: ELIGIBLE (Price 346.74 > SMA 313.23). Distance: 10.70% | Threshold: > 0%
2026-02-25 15:18:00,643 - US_ETF_Swing_Strategy - INFO - strategyLogger:108 - [L1][signal] [2025-09-26] IWM: ELIGIBLE (Price 241.34 > SMA 221.20). Distance: 9.11% | Threshold: > 0%
2026-02-25 15:18:00,647 - US_ETF_Swing_Strategy - INFO - strategyLogger:108 - [L1][signal] [2025-09-26] SLV: ELIGIBLE (Price 41.86 > SMA 34.06). Distance: 22.89% | Threshold: > 0%
2026-02-25 15:18:00,650 - US_ETF_Swing_Strategy - INFO - strategyLogger:108 - [L1][signal] [2025-09-26] QQQ: ELIGIBLE (Price 595.97 > SMA 553.00). Distance: 7.77% | Threshold: > 0%
2026-02-25 15:18:00,651 - US_ETF_Swing_Strategy - INFO - strategyLogger:108 - [L1][signal] [2025-09-26] VGT: ELIGIBLE (Price 738.70 > SMA 667.13). Distance: 10.73% | Threshold: > 0%
2026-02-25 15:18:00,666 - US_ETF_Swing_Strategy - INFO - strategyLogger:108 - [L1][execution] [2025-09-29] SLOTS: 4 Occupied / 4 Total
2026-02-25 15:18:00,676 - US_ETF_Swing_Strategy - INFO - strategyLogger:108 - [L1][signal] [2025-09-29] GLD: ELIGIBLE (Price 352.46 > SMA 313.60). Distance: 12.39% | Threshold: > 0%
2026-02-25 15:18:00,698 - US_ETF_Swing_Strategy - INFO - strategyLogger:108 - [L1][signal] [2025-09-29] IWM: ELIGIBLE (Price 241.62 > SMA 221.65). Distance: 9.01% | Threshold: > 0%
2026-02-25 15:18:00,703 - US_ETF_Swing_Strategy - INFO - strategyLogger:108 - [L1][signal] [2025-09-29] SLV: ELIGIBLE (Price 42.50 > SMA 34.19). Distance: 24.32% | Threshold: > 0%
2026-02-25 15:18:00,709 - US_ETF_Swing_Strategy - INFO - strategyLogger:108 - [L1][signal] [2025-09-29] QQQ: ELIGIBLE (Price 598.73 > SMA 554.18). Distance: 8.04% | Threshold: > 0%
2026-02-25 15:18:00,720 - US_ETF_Swing_Strategy - INFO - strategyLogger:108 - [L1][signal] [2025-09-29] VGT: ELIGIBLE (Price 743.16 > SMA 668.98). Distance: 11.09% | Threshold: > 0%
2026-02-25 15:18:00,724 - US_ETF_Swing_Strategy - INFO - strategyLogger:108 - [L1][execution] [2025-09-30] SLOTS: 4 Occupied / 4 Total
2026-02-25 15:18:00,732 - US_ETF_Swing_Strategy - INFO - strategyLogger:108 - [L1][signal] [2025-09-30] GLD: ELIGIBLE (Price 355.47 > SMA 314.05). Distance: 13.19% | Threshold: > 0%
2026-02-25 15:18:00,735 - US_ETF_Swing_Strategy - INFO - strategyLogger:108 - [L1][signal] [2025-09-30] IWM: ELIGIBLE (Price 241.96 > SMA 222.09). Distance: 8.95% | Threshold: > 0%
2026-02-25 15:18:00,743 - US_ETF_Swing_Strategy - INFO - strategyLogger:108 - [L1][signal] [2025-09-30] SLV: ELIGIBLE (Price 42.37 > SMA 34.31). Distance: 23.47% | Threshold: > 0%
2026-02-25 15:18:00,745 - US_ETF_Swing_Strategy - INFO - strategyLogger:108 - [L1][signal] [2025-09-30] QQQ: ELIGIBLE (Price 600.37 > SMA 555.35). Distance: 8.11% | Threshold: > 0%
2026-02-25 15:18:00,747 - US_ETF_Swing_Strategy - INFO - strategyLogger:108 - [L1][signal] [2025-09-30] VGT: ELIGIBLE (Price 746.63 > SMA 670.80). Distance: 11.30% | Threshold: > 0%
2026-02-25 15:18:00,750 - US_ETF_Swing_Strategy - INFO - strategyLogger:108 - [L1][execution] [2025-10-01] SLOTS: 4 Occupied / 4 Total
2026-02-25 15:18:00,759 - US_ETF_Swing_Strategy - INFO - strategyLogger:108 - [L1][signal] [2025-10-01] GLD: ELIGIBLE (Price 356.03 > SMA 314.56). Distance: 13.18% | Threshold: > 0%
2026-02-25 15:18:00,761 - US_ETF_Swing_Strategy - INFO - strategyLogger:108 - [L1][signal] [2025-10-01] IWM: ELIGIBLE (Price 242.49 > SMA 222.51). Distance: 8.98% | Threshold: > 0%
2026-02-25 15:18:00,764 - US_ETF_Swing_Strategy - INFO - strategyLogger:108 - [L1][signal] [2025-10-01] SLV: ELIGIBLE (Price 42.91 > SMA 34.45). Distance: 24.56% | Threshold: > 0%
2026-02-25 15:18:00,768 - US_ETF_Swing_Strategy - INFO - strategyLogger:108 - [L1][signal] [2025-10-01] QQQ: ELIGIBLE (Price 603.25 > SMA 556.50). Distance: 8.40% | Threshold: > 0%
2026-02-25 15:18:00,775 - US_ETF_Swing_Strategy - INFO - strategyLogger:108 - [L1][signal] [2025-10-01] VGT: ELIGIBLE (Price 752.52 > SMA 672.61). Distance: 11.88% | Threshold: > 0%
2026-02-25 15:18:00,777 - US_ETF_Swing_Strategy - INFO - strategyLogger:108 - [L1][execution] [2025-10-02] SLOTS: 4 Occupied / 4 Total
2026-02-25 15:18:00,783 - US_ETF_Swing_Strategy - INFO - strategyLogger:108 - [L1][signal] [2025-10-02] GLD: ELIGIBLE (Price 354.79 > SMA 315.04). Distance: 12.62% | Threshold: > 0%
2026-02-25 15:18:00,786 - US_ETF_Swing_Strategy - INFO - strategyLogger:108 - [L1][signal] [2025-10-02] IWM: ELIGIBLE (Price 244.02 > SMA 222.94). Distance: 9.46% | Threshold: > 0%
2026-02-25 15:18:00,792 - US_ETF_Swing_Strategy - INFO - strategyLogger:108 - [L1][signal] [2025-10-02] SLV: ELIGIBLE (Price 42.53 > SMA 34.58). Distance: 23.00% | Threshold: > 0%
2026-02-25 15:18:00,794 - US_ETF_Swing_Strategy - INFO - strategyLogger:108 - [L1][signal] [2025-10-02] QQQ: ELIGIBLE (Price 605.73 > SMA 557.68). Distance: 8.62% | Threshold: > 0%
2026-02-25 15:18:00,796 - US_ETF_Swing_Strategy - INFO - strategyLogger:108 - [L1][signal] [2025-10-02] VGT: ELIGIBLE (Price 757.99 > SMA 674.48). Distance: 12.38% | Threshold: > 0%
2026-02-25 15:18:00,798 - US_ETF_Swing_Strategy - INFO - strategyLogger:108 - [L1][execution] [2025-10-03] SLOTS: 4 Occupied / 4 Total
2026-02-25 15:18:00,802 - US_ETF_Swing_Strategy - INFO - strategyLogger:108 - [L1][signal] [2025-10-03] GLD: ELIGIBLE (Price 357.64 > SMA 315.63). Distance: 13.31% | Threshold: > 0%
2026-02-25 15:18:00,805 - US_ETF_Swing_Strategy - INFO - strategyLogger:108 - [L1][signal] [2025-10-03] IWM: ELIGIBLE (Price 245.83 > SMA 223.32). Distance: 10.08% | Threshold: > 0%
2026-02-25 15:18:00,809 - US_ETF_Swing_Strategy - INFO - strategyLogger:108 - [L1][signal] [2025-10-03] SLV: ELIGIBLE (Price 43.52 > SMA 34.72). Distance: 25.36% | Threshold: > 0%
2026-02-25 15:18:00,812 - US_ETF_Swing_Strategy - INFO - strategyLogger:108 - [L1][signal] [2025-10-03] QQQ: ELIGIBLE (Price 603.18 > SMA 558.63). Distance: 7.98% | Threshold: > 0%
2026-02-25 15:18:00,815 - US_ETF_Swing_Strategy - INFO - strategyLogger:108 - [L1][signal] [2025-10-03] VGT: ELIGIBLE (Price 755.67 > SMA 676.05). Distance: 11.78% | Threshold: > 0%
2026-02-25 15:18:00,818 - US_ETF_Swing_Strategy - INFO - strategyLogger:108 - [L1][execution] [2025-10-06] SLOTS: 4 Occupied / 4 Total
2026-02-25 15:18:00,828 - US_ETF_Swing_Strategy - INFO - strategyLogger:108 - [L1][signal] [2025-10-06] GLD: ELIGIBLE (Price 364.38 > SMA 316.28). Distance: 15.21% | Threshold: > 0%
2026-02-25 15:18:00,831 - US_ETF_Swing_Strategy - INFO - strategyLogger:108 - [L1][signal] [2025-10-06] IWM: ELIGIBLE (Price 246.81 > SMA 223.70). Distance: 10.33% | Threshold: > 0%
2026-02-25 15:18:00,833 - US_ETF_Swing_Strategy - INFO - strategyLogger:108 - [L1][signal] [2025-10-06] SLV: ELIGIBLE (Price 44.06 > SMA 34.86). Distance: 26.40% | Threshold: > 0%
2026-02-25 15:18:00,836 - US_ETF_Swing_Strategy - INFO - strategyLogger:108 - [L1][signal] [2025-10-06] QQQ: ELIGIBLE (Price 607.71 > SMA 559.55). Distance: 8.61% | Threshold: > 0%
2026-02-25 15:18:00,839 - US_ETF_Swing_Strategy - INFO - strategyLogger:108 - [L1][signal] [2025-10-06] VGT: ELIGIBLE (Price 762.18 > SMA 677.56). Distance: 12.49% | Threshold: > 0%
2026-02-25 15:18:00,842 - US_ETF_Swing_Strategy - INFO - strategyLogger:108 - [L1][execution] [2025-10-07] SLOTS: 4 Occupied / 4 Total
2026-02-25 15:18:00,849 - US_ETF_Swing_Strategy - INFO - strategyLogger:108 - [L1][signal] [2025-10-07] GLD: ELIGIBLE (Price 366.26 > SMA 317.02). Distance: 15.53% | Threshold: > 0%
2026-02-25 15:18:00,850 - US_ETF_Swing_Strategy - INFO - strategyLogger:108 - [L1][signal] [2025-10-07] IWM: ELIGIBLE (Price 244.16 > SMA 224.07). Distance: 8.96% | Threshold: > 0%
2026-02-25 15:18:00,853 - US_ETF_Swing_Strategy - INFO - strategyLogger:108 - [L1][signal] [2025-10-07] SLV: ELIGIBLE (Price 43.39 > SMA 35.00). Distance: 23.98% | Threshold: > 0%
2026-02-25 15:18:00,860 - US_ETF_Swing_Strategy - INFO - strategyLogger:108 - [L1][signal] [2025-10-07] QQQ: ELIGIBLE (Price 604.51 > SMA 560.41). Distance: 7.87% | Threshold: > 0%
2026-02-25 15:18:00,863 - US_ETF_Swing_Strategy - INFO - strategyLogger:108 - [L1][signal] [2025-10-07] VGT: ELIGIBLE (Price 755.19 > SMA 678.95). Distance: 11.23% | Threshold: > 0%
2026-02-25 15:18:00,865 - US_ETF_Swing_Strategy - INFO - strategyLogger:108 - [L1][execution] [2025-10-08] SLOTS: 4 Occupied / 4 Total
2026-02-25 15:18:00,872 - US_ETF_Swing_Strategy - INFO - strategyLogger:108 - [L1][signal] [2025-10-08] GLD: ELIGIBLE (Price 372.30 > SMA 317.76). Distance: 17.16% | Threshold: > 0%
2026-02-25 15:18:00,877 - US_ETF_Swing_Strategy - INFO - strategyLogger:108 - [L1][signal] [2025-10-08] IWM: ELIGIBLE (Price 246.72 > SMA 224.46). Distance: 9.92% | Threshold: > 0%
2026-02-25 15:18:00,880 - US_ETF_Swing_Strategy - INFO - strategyLogger:108 - [L1][signal] [2025-10-08] SLV: ELIGIBLE (Price 44.56 > SMA 35.15). Distance: 26.78% | Threshold: > 0%
2026-02-25 15:18:00,881 - US_ETF_Swing_Strategy - INFO - strategyLogger:108 - [L1][signal] [2025-10-08] QQQ: ELIGIBLE (Price 611.44 > SMA 561.33). Distance: 8.93% | Threshold: > 0%
2026-02-25 15:18:00,884 - US_ETF_Swing_Strategy - INFO - strategyLogger:108 - [L1][signal] [2025-10-08] VGT: ELIGIBLE (Price 768.02 > SMA 680.48). Distance: 12.86% | Threshold: > 0%
2026-02-25 15:18:00,886 - US_ETF_Swing_Strategy - INFO - strategyLogger:108 - [L1][execution] [2025-10-09] SLOTS: 4 Occupied / 4 Total
2026-02-25 15:18:00,893 - US_ETF_Swing_Strategy - INFO - strategyLogger:108 - [L1][signal] [2025-10-09] GLD: ELIGIBLE (Price 365.43 > SMA 318.47). Distance: 14.74% | Threshold: > 0%
2026-02-25 15:18:00,896 - US_ETF_Swing_Strategy - INFO - strategyLogger:108 - [L1][signal] [2025-10-09] IWM: ELIGIBLE (Price 245.13 > SMA 224.81). Distance: 9.04% | Threshold: > 0%
2026-02-25 15:18:00,899 - US_ETF_Swing_Strategy - INFO - strategyLogger:108 - [L1][signal] [2025-10-09] SLV: ELIGIBLE (Price 44.71 > SMA 35.30). Distance: 26.65% | Threshold: > 0%
2026-02-25 15:18:00,903 - US_ETF_Swing_Strategy - INFO - strategyLogger:108 - [L1][signal] [2025-10-09] QQQ: ELIGIBLE (Price 610.70 > SMA 562.22). Distance: 8.62% | Threshold: > 0%
2026-02-25 15:18:00,905 - US_ETF_Swing_Strategy - INFO - strategyLogger:108 - [L1][signal] [2025-10-09] VGT: ELIGIBLE (Price 767.64 > SMA 681.99). Distance: 12.56% | Threshold: > 0%
2026-02-25 15:18:00,910 - US_ETF_Swing_Strategy - INFO - strategyLogger:108 - [L1][execution] [2025-10-10] SLOTS: 4 Occupied / 4 Total
2026-02-25 15:18:00,916 - US_ETF_Swing_Strategy - INFO - strategyLogger:108 - [L1][signal] [2025-10-10] GLD: ELIGIBLE (Price 369.12 > SMA 319.18). Distance: 15.65% | Threshold: > 0%
2026-02-25 15:18:00,918 - US_ETF_Swing_Strategy - INFO - strategyLogger:108 - [L1][signal] [2025-10-10] IWM: ELIGIBLE (Price 237.79 > SMA 225.10). Distance: 5.64% | Threshold: > 0%
2026-02-25 15:18:00,919 - US_ETF_Swing_Strategy - INFO - strategyLogger:108 - [L1][signal] [2025-10-10] SLV: ELIGIBLE (Price 45.43 > SMA 35.46). Distance: 28.11% | Threshold: > 0%
2026-02-25 15:18:00,923 - US_ETF_Swing_Strategy - INFO - strategyLogger:108 - [L1][signal] [2025-10-10] QQQ: ELIGIBLE (Price 589.50 > SMA 562.90). Distance: 4.73% | Threshold: > 0%
2026-02-25 15:18:00,928 - US_ETF_Swing_Strategy - INFO - strategyLogger:108 - [L1][signal] [2025-10-10] VGT: ELIGIBLE (Price 736.33 > SMA 683.20). Distance: 7.78% | Threshold: > 0%
2026-02-25 15:18:00,931 - US_ETF_Swing_Strategy - INFO - strategyLogger:108 - [L1][execution] [2025-10-13] SLOTS: 4 Occupied / 4 Total
2026-02-25 15:18:00,942 - US_ETF_Swing_Strategy - INFO - strategyLogger:108 - [L1][signal] [2025-10-13] GLD: ELIGIBLE (Price 378.09 > SMA 319.93). Distance: 18.18% | Threshold: > 0%
2026-02-25 15:18:00,946 - US_ETF_Swing_Strategy - INFO - strategyLogger:108 - [L1][signal] [2025-10-13] IWM: ELIGIBLE (Price 244.41 > SMA 225.45). Distance: 8.41% | Threshold: > 0%
2026-02-25 15:18:00,949 - US_ETF_Swing_Strategy - INFO - strategyLogger:108 - [L1][signal] [2025-10-13] SLV: ELIGIBLE (Price 47.26 > SMA 35.63). Distance: 32.63% | Threshold: > 0%
2026-02-25 15:18:00,953 - US_ETF_Swing_Strategy - INFO - strategyLogger:108 - [L1][signal] [2025-10-13] QQQ: ELIGIBLE (Price 602.01 > SMA 563.71). Distance: 6.79% | Threshold: > 0%
2026-02-25 15:18:00,960 - US_ETF_Swing_Strategy - INFO - strategyLogger:108 - [L1][signal] [2025-10-13] VGT: ELIGIBLE (Price 755.49 > SMA 684.63). Distance: 10.35% | Threshold: > 0%
2026-02-25 15:18:00,965 - US_ETF_Swing_Strategy - INFO - strategyLogger:108 - [L1][execution] [2025-10-14] SLOTS: 4 Occupied / 4 Total
2026-02-25 15:18:00,972 - US_ETF_Swing_Strategy - INFO - strategyLogger:108 - [L1][signal] [2025-10-14] GLD: ELIGIBLE (Price 380.79 > SMA 320.68). Distance: 18.75% | Threshold: > 0%
2026-02-25 15:18:00,977 - US_ETF_Swing_Strategy - INFO - strategyLogger:108 - [L1][signal] [2025-10-14] IWM: ELIGIBLE (Price 247.90 > SMA 225.90). Distance: 9.74% | Threshold: > 0%
2026-02-25 15:18:00,980 - US_ETF_Swing_Strategy - INFO - strategyLogger:108 - [L1][signal] [2025-10-14] SLV: ELIGIBLE (Price 46.80 > SMA 35.80). Distance: 30.74% | Threshold: > 0%
2026-02-25 15:18:00,983 - US_ETF_Swing_Strategy - INFO - strategyLogger:108 - [L1][signal] [2025-10-14] QQQ: ELIGIBLE (Price 598.00 > SMA 564.56). Distance: 5.92% | Threshold: > 0%
2026-02-25 15:18:00,986 - US_ETF_Swing_Strategy - INFO - strategyLogger:108 - [L1][signal] [2025-10-14] VGT: ELIGIBLE (Price 745.84 > SMA 686.07). Distance: 8.71% | Threshold: > 0%
2026-02-25 15:18:00,991 - US_ETF_Swing_Strategy - INFO - strategyLogger:108 - [L1][execution] [2025-10-15] SLOTS: 4 Occupied / 4 Total
2026-02-25 15:18:00,999 - US_ETF_Swing_Strategy - INFO - strategyLogger:108 - [L1][signal] [2025-10-15] GLD: ELIGIBLE (Price 387.39 > SMA 321.52). Distance: 20.49% | Threshold: > 0%
2026-02-25 15:18:01,001 - US_ETF_Swing_Strategy - INFO - strategyLogger:108 - [L1][signal] [2025-10-15] IWM: ELIGIBLE (Price 250.33 > SMA 226.37). Distance: 10.58% | Threshold: > 0%
2026-02-25 15:18:01,005 - US_ETF_Swing_Strategy - INFO - strategyLogger:108 - [L1][signal] [2025-10-15] SLV: ELIGIBLE (Price 48.33 > SMA 35.98). Distance: 34.33% | Threshold: > 0%
2026-02-25 15:18:01,009 - US_ETF_Swing_Strategy - INFO - strategyLogger:108 - [L1][signal] [2025-10-15] QQQ: ELIGIBLE (Price 602.22 > SMA 565.45). Distance: 6.50% | Threshold: > 0%
2026-02-25 15:18:01,012 - US_ETF_Swing_Strategy - INFO - strategyLogger:108 - [L1][signal] [2025-10-15] VGT: ELIGIBLE (Price 752.77 > SMA 687.58). Distance: 9.48% | Threshold: > 0%
2026-02-25 15:18:01,015 - US_ETF_Swing_Strategy - INFO - strategyLogger:108 - [L1][execution] [2025-10-16] SLOTS: 4 Occupied / 4 Total
2026-02-25 15:18:01,024 - US_ETF_Swing_Strategy - INFO - strategyLogger:108 - [L1][signal] [2025-10-16] GLD: ELIGIBLE (Price 396.45 > SMA 322.39). Distance: 22.97% | Threshold: > 0%
2026-02-25 15:18:01,027 - US_ETF_Swing_Strategy - INFO - strategyLogger:108 - [L1][signal] [2025-10-16] IWM: ELIGIBLE (Price 245.06 > SMA 226.80). Distance: 8.05% | Threshold: > 0%
2026-02-25 15:18:01,028 - US_ETF_Swing_Strategy - INFO - strategyLogger:108 - [L1][signal] [2025-10-16] SLV: ELIGIBLE (Price 49.17 > SMA 36.17). Distance: 35.95% | Threshold: > 0%
2026-02-25 15:18:01,031 - US_ETF_Swing_Strategy - INFO - strategyLogger:108 - [L1][signal] [2025-10-16] QQQ: ELIGIBLE (Price 599.99 > SMA 566.35). Distance: 5.94% | Threshold: > 0%
2026-02-25 15:18:01,034 - US_ETF_Swing_Strategy - INFO - strategyLogger:108 - [L1][signal] [2025-10-16] VGT: ELIGIBLE (Price 750.35 > SMA 689.13). Distance: 8.88% | Threshold: > 0%
2026-02-25 15:18:01,036 - US_ETF_Swing_Strategy - INFO - strategyLogger:108 - [L1][execution] [2025-10-17] SLOTS: 4 Occupied / 4 Total
2026-02-25 15:18:01,046 - US_ETF_Swing_Strategy - INFO - strategyLogger:108 - [L1][signal] [2025-10-17] GLD: ELIGIBLE (Price 388.99 > SMA 323.23). Distance: 20.34% | Threshold: > 0%
2026-02-25 15:18:01,049 - US_ETF_Swing_Strategy - INFO - strategyLogger:108 - [L1][signal] [2025-10-17] IWM: ELIGIBLE (Price 243.41 > SMA 227.15). Distance: 7.16% | Threshold: > 0%
2026-02-25 15:18:01,052 - US_ETF_Swing_Strategy - INFO - strategyLogger:108 - [L1][signal] [2025-10-17] SLV: ELIGIBLE (Price 46.99 > SMA 36.33). Distance: 29.33% | Threshold: > 0%
2026-02-25 15:18:01,056 - US_ETF_Swing_Strategy - INFO - strategyLogger:108 - [L1][signal] [2025-10-17] QQQ: ELIGIBLE (Price 603.93 > SMA 567.18). Distance: 6.48% | Threshold: > 0%
2026-02-25 15:18:01,058 - US_ETF_Swing_Strategy - INFO - strategyLogger:108 - [L1][signal] [2025-10-17] VGT: ELIGIBLE (Price 752.16 > SMA 690.56). Distance: 8.92% | Threshold: > 0%
2026-02-25 15:18:01,061 - US_ETF_Swing_Strategy - INFO - strategyLogger:108 - [L1][execution] [2025-10-20] SLOTS: 4 Occupied / 4 Total
2026-02-25 15:18:01,067 - US_ETF_Swing_Strategy - INFO - strategyLogger:108 - [L1][signal] [2025-10-20] GLD: ELIGIBLE (Price 403.15 > SMA 324.23). Distance: 24.34% | Threshold: > 0%
2026-02-25 15:18:01,068 - US_ETF_Swing_Strategy - INFO - strategyLogger:108 - [L1][signal] [2025-10-20] IWM: ELIGIBLE (Price 248.16 > SMA 227.58). Distance: 9.04% | Threshold: > 0%
2026-02-25 15:18:01,073 - US_ETF_Swing_Strategy - INFO - strategyLogger:108 - [L1][signal] [2025-10-20] SLV: ELIGIBLE (Price 47.72 > SMA 36.51). Distance: 30.70% | Threshold: > 0%
2026-02-25 15:18:01,076 - US_ETF_Swing_Strategy - INFO - strategyLogger:108 - [L1][signal] [2025-10-20] QQQ: ELIGIBLE (Price 611.54 > SMA 568.11). Distance: 7.65% | Threshold: > 0%
2026-02-25 15:18:01,079 - US_ETF_Swing_Strategy - INFO - strategyLogger:108 - [L1][signal] [2025-10-20] VGT: ELIGIBLE (Price 762.18 > SMA 692.11). Distance: 10.12% | Threshold: > 0%
2026-02-25 15:18:01,081 - US_ETF_Swing_Strategy - INFO - strategyLogger:108 - [L1][execution] [2025-10-21] SLOTS: 4 Occupied / 4 Total
2026-02-25 15:18:01,088 - US_ETF_Swing_Strategy - INFO - strategyLogger:108 - [L1][signal] [2025-10-21] GLD: ELIGIBLE (Price 377.24 > SMA 324.94). Distance: 16.09% | Threshold: > 0%
2026-02-25 15:18:01,093 - US_ETF_Swing_Strategy - INFO - strategyLogger:108 - [L1][signal] [2025-10-21] IWM: ELIGIBLE (Price 246.99 > SMA 227.99). Distance: 8.33% | Threshold: > 0%
2026-02-25 15:18:01,095 - US_ETF_Swing_Strategy - INFO - strategyLogger:108 - [L1][signal] [2025-10-21] SLV: ELIGIBLE (Price 43.79 > SMA 36.65). Distance: 19.49% | Threshold: > 0%
2026-02-25 15:18:01,098 - US_ETF_Swing_Strategy - INFO - strategyLogger:108 - [L1][signal] [2025-10-21] QQQ: ELIGIBLE (Price 611.38 > SMA 569.02). Distance: 7.44% | Threshold: > 0%
2026-02-25 15:18:01,101 - US_ETF_Swing_Strategy - INFO - strategyLogger:108 - [L1][signal] [2025-10-21] VGT: ELIGIBLE (Price 761.41 > SMA 693.63). Distance: 9.77% | Threshold: > 0%
2026-02-25 15:18:01,104 - US_ETF_Swing_Strategy - INFO - strategyLogger:108 - [L1][execution] [2025-10-22] SLOTS: 4 Occupied / 4 Total
2026-02-25 15:18:01,112 - US_ETF_Swing_Strategy - INFO - strategyLogger:108 - [L1][signal] [2025-10-22] GLD: ELIGIBLE (Price 377.28 > SMA 325.68). Distance: 15.84% | Threshold: > 0%
2026-02-25 15:18:01,115 - US_ETF_Swing_Strategy - INFO - strategyLogger:108 - [L1][signal] [2025-10-22] IWM: ELIGIBLE (Price 243.34 > SMA 228.37). Distance: 6.55% | Threshold: > 0%
2026-02-25 15:18:01,117 - US_ETF_Swing_Strategy - INFO - strategyLogger:108 - [L1][signal] [2025-10-22] SLV: ELIGIBLE (Price 43.88 > SMA 36.79). Distance: 19.29% | Threshold: > 0%
2026-02-25 15:18:01,119 - US_ETF_Swing_Strategy - INFO - strategyLogger:108 - [L1][signal] [2025-10-22] QQQ: ELIGIBLE (Price 605.49 > SMA 569.89). Distance: 6.25% | Threshold: > 0%
2026-02-25 15:18:01,126 - US_ETF_Swing_Strategy - INFO - strategyLogger:108 - [L1][signal] [2025-10-22] VGT: ELIGIBLE (Price 752.41 > SMA 695.09). Distance: 8.25% | Threshold: > 0%
2026-02-25 15:18:01,128 - US_ETF_Swing_Strategy - INFO - strategyLogger:108 - [L1][execution] [2025-10-23] SLOTS: 4 Occupied / 4 Total
2026-02-25 15:18:01,133 - US_ETF_Swing_Strategy - INFO - strategyLogger:108 - [L1][signal] [2025-10-23] GLD: ELIGIBLE (Price 378.79 > SMA 326.35). Distance: 16.07% | Threshold: > 0%
2026-02-25 15:18:01,135 - US_ETF_Swing_Strategy - INFO - strategyLogger:108 - [L1][signal] [2025-10-23] IWM: ELIGIBLE (Price 246.42 > SMA 228.78). Distance: 7.71% | Threshold: > 0%
2026-02-25 15:18:01,136 - US_ETF_Swing_Strategy - INFO - strategyLogger:108 - [L1][signal] [2025-10-23] SLV: ELIGIBLE (Price 44.18 > SMA 36.91). Distance: 19.69% | Threshold: > 0%
2026-02-25 15:18:01,141 - US_ETF_Swing_Strategy - INFO - strategyLogger:108 - [L1][signal] [2025-10-23] QQQ: ELIGIBLE (Price 610.58 > SMA 570.76). Distance: 6.98% | Threshold: > 0%
2026-02-25 15:18:01,143 - US_ETF_Swing_Strategy - INFO - strategyLogger:108 - [L1][signal] [2025-10-23] VGT: ELIGIBLE (Price 762.26 > SMA 696.60). Distance: 9.43% | Threshold: > 0%
2026-02-25 15:18:01,146 - US_ETF_Swing_Strategy - INFO - strategyLogger:108 - [L1][execution] [2025-10-24] SLOTS: 4 Occupied / 4 Total
2026-02-25 15:18:01,150 - US_ETF_Swing_Strategy - INFO - strategyLogger:108 - [L1][signal] [2025-10-24] GLD: ELIGIBLE (Price 377.52 > SMA 327.04). Distance: 15.44% | Threshold: > 0%
2026-02-25 15:18:01,153 - US_ETF_Swing_Strategy - INFO - strategyLogger:108 - [L1][signal] [2025-10-24] IWM: ELIGIBLE (Price 249.43 > SMA 229.18). Distance: 8.83% | Threshold: > 0%
2026-02-25 15:18:01,158 - US_ETF_Swing_Strategy - INFO - strategyLogger:108 - [L1][signal] [2025-10-24] SLV: ELIGIBLE (Price 43.99 > SMA 37.04). Distance: 18.77% | Threshold: > 0%
2026-02-25 15:18:01,160 - US_ETF_Swing_Strategy - INFO - strategyLogger:108 - [L1][signal] [2025-10-24] QQQ: ELIGIBLE (Price 617.10 > SMA 571.66). Distance: 7.95% | Threshold: > 0%
2026-02-25 15:18:01,161 - US_ETF_Swing_Strategy - INFO - strategyLogger:108 - [L1][signal] [2025-10-24] VGT: ELIGIBLE (Price 774.14 > SMA 698.12). Distance: 10.89% | Threshold: > 0%
2026-02-25 15:18:01,163 - US_ETF_Swing_Strategy - INFO - strategyLogger:108 - [L1][execution] [2025-10-27] SLOTS: 4 Occupied / 4 Total
2026-02-25 15:18:01,167 - US_ETF_Swing_Strategy - INFO - strategyLogger:108 - [L1][signal] [2025-10-27] GLD: ELIGIBLE (Price 367.01 > SMA 327.60). Distance: 12.03% | Threshold: > 0%
2026-02-25 15:18:01,169 - US_ETF_Swing_Strategy - INFO - strategyLogger:108 - [L1][signal] [2025-10-27] IWM: ELIGIBLE (Price 250.30 > SMA 229.60). Distance: 9.01% | Threshold: > 0%
2026-02-25 15:18:01,175 - US_ETF_Swing_Strategy - INFO - strategyLogger:108 - [L1][signal] [2025-10-27] SLV: ELIGIBLE (Price 42.40 > SMA 37.15). Distance: 14.14% | Threshold: > 0%
2026-02-25 15:18:01,178 - US_ETF_Swing_Strategy - INFO - strategyLogger:108 - [L1][signal] [2025-10-27] QQQ: ELIGIBLE (Price 628.09 > SMA 572.65). Distance: 9.68% | Threshold: > 0%
2026-02-25 15:18:01,180 - US_ETF_Swing_Strategy - INFO - strategyLogger:108 - [L1][signal] [2025-10-27] VGT: ELIGIBLE (Price 788.01 > SMA 699.77). Distance: 12.61% | Threshold: > 0%
2026-02-25 15:18:01,183 - US_ETF_Swing_Strategy - INFO - strategyLogger:108 - [L1][execution] [2025-10-28] SLOTS: 4 Occupied / 4 Total
2026-02-25 15:18:01,190 - US_ETF_Swing_Strategy - INFO - strategyLogger:108 - [L1][signal] [2025-10-28] GLD: ELIGIBLE (Price 364.38 > SMA 328.15). Distance: 11.04% | Threshold: > 0%
2026-02-25 15:18:01,193 - US_ETF_Swing_Strategy - INFO - strategyLogger:108 - [L1][signal] [2025-10-28] IWM: ELIGIBLE (Price 248.96 > SMA 230.01). Distance: 8.24% | Threshold: > 0%
2026-02-25 15:18:01,195 - US_ETF_Swing_Strategy - INFO - strategyLogger:108 - [L1][signal] [2025-10-28] SLV: ELIGIBLE (Price 42.70 > SMA 37.25). Distance: 14.63% | Threshold: > 0%
2026-02-25 15:18:01,197 - US_ETF_Swing_Strategy - INFO - strategyLogger:108 - [L1][signal] [2025-10-28] QQQ: ELIGIBLE (Price 632.92 > SMA 573.73). Distance: 10.32% | Threshold: > 0%
2026-02-25 15:18:01,200 - US_ETF_Swing_Strategy - INFO - strategyLogger:108 - [L1][signal] [2025-10-28] VGT: ELIGIBLE (Price 796.14 > SMA 701.52). Distance: 13.49% | Threshold: > 0%
2026-02-25 15:18:01,203 - US_ETF_Swing_Strategy - INFO - strategyLogger:108 - [L1][execution] [2025-10-29] SLOTS: 4 Occupied / 4 Total
2026-02-25 15:18:01,211 - US_ETF_Swing_Strategy - INFO - strategyLogger:108 - [L1][signal] [2025-10-29] GLD: ELIGIBLE (Price 363.00 > SMA 328.73). Distance: 10.43% | Threshold: > 0%
2026-02-25 15:18:01,213 - US_ETF_Swing_Strategy - INFO - strategyLogger:108 - [L1][signal] [2025-10-29] IWM: ELIGIBLE (Price 246.84 > SMA 230.36). Distance: 7.16% | Threshold: > 0%
2026-02-25 15:18:01,217 - US_ETF_Swing_Strategy - INFO - strategyLogger:108 - [L1][signal] [2025-10-29] SLV: ELIGIBLE (Price 43.23 > SMA 37.36). Distance: 15.73% | Threshold: > 0%
2026-02-25 15:18:01,219 - US_ETF_Swing_Strategy - INFO - strategyLogger:108 - [L1][signal] [2025-10-29] QQQ: ELIGIBLE (Price 635.77 > SMA 574.79). Distance: 10.61% | Threshold: > 0%
2026-02-25 15:18:01,223 - US_ETF_Swing_Strategy - INFO - strategyLogger:108 - [L1][signal] [2025-10-29] VGT: ELIGIBLE (Price 801.52 > SMA 703.27). Distance: 13.97% | Threshold: > 0%
2026-02-25 15:18:01,226 - US_ETF_Swing_Strategy - INFO - strategyLogger:108 - [L1][execution] [2025-10-30] SLOTS: 4 Occupied / 4 Total
2026-02-25 15:18:01,230 - US_ETF_Swing_Strategy - INFO - strategyLogger:108 - [L1][signal] [2025-10-30] GLD: ELIGIBLE (Price 370.13 > SMA 329.36). Distance: 12.38% | Threshold: > 0%
2026-02-25 15:18:01,233 - US_ETF_Swing_Strategy - INFO - strategyLogger:108 - [L1][signal] [2025-10-30] IWM: ELIGIBLE (Price 244.85 > SMA 230.67). Distance: 6.15% | Threshold: > 0%
2026-02-25 15:18:01,234 - US_ETF_Swing_Strategy - INFO - strategyLogger:108 - [L1][signal] [2025-10-30] SLV: ELIGIBLE (Price 44.34 > SMA 37.46). Distance: 18.35% | Threshold: > 0%
2026-02-25 15:18:01,236 - US_ETF_Swing_Strategy - INFO - strategyLogger:108 - [L1][signal] [2025-10-30] QQQ: ELIGIBLE (Price 626.05 > SMA 575.74). Distance: 8.74% | Threshold: > 0%
2026-02-25 15:18:01,242 - US_ETF_Swing_Strategy - INFO - strategyLogger:108 - [L1][signal] [2025-10-30] VGT: ELIGIBLE (Price 790.95 > SMA 704.89). Distance: 12.21% | Threshold: > 0%
2026-02-25 15:18:01,244 - US_ETF_Swing_Strategy - INFO - strategyLogger:108 - [L1][execution] [2025-10-31] SLOTS: 4 Occupied / 4 Total
2026-02-25 15:18:01,251 - US_ETF_Swing_Strategy - INFO - strategyLogger:108 - [L1][signal] [2025-10-31] GLD: ELIGIBLE (Price 368.12 > SMA 329.97). Distance: 11.56% | Threshold: > 0%
2026-02-25 15:18:01,253 - US_ETF_Swing_Strategy - INFO - strategyLogger:108 - [L1][signal] [2025-10-31] IWM: ELIGIBLE (Price 246.23 > SMA 230.99). Distance: 6.60% | Threshold: > 0%
2026-02-25 15:18:01,258 - US_ETF_Swing_Strategy - INFO - strategyLogger:108 - [L1][signal] [2025-10-31] SLV: ELIGIBLE (Price 44.01 > SMA 37.57). Distance: 17.13% | Threshold: > 0%
2026-02-25 15:18:01,261 - US_ETF_Swing_Strategy - INFO - strategyLogger:108 - [L1][signal] [2025-10-31] QQQ: ELIGIBLE (Price 629.07 > SMA 576.69). Distance: 9.08% | Threshold: > 0%
2026-02-25 15:18:01,262 - US_ETF_Swing_Strategy - INFO - strategyLogger:108 - [L1][signal] [2025-10-31] VGT: ELIGIBLE (Price 793.21 > SMA 706.51). Distance: 12.27% | Threshold: > 0%
2026-02-25 15:18:01,265 - US_ETF_Swing_Strategy - INFO - strategyLogger:108 - [L1][execution] [2025-11-03] SLOTS: 4 Occupied / 4 Total
2026-02-25 15:18:01,269 - US_ETF_Swing_Strategy - INFO - strategyLogger:108 - [L1][signal] [2025-11-03] GLD: ELIGIBLE (Price 368.78 > SMA 330.58). Distance: 11.56% | Threshold: > 0%
2026-02-25 15:18:01,273 - US_ETF_Swing_Strategy - INFO - strategyLogger:108 - [L1][signal] [2025-11-03] IWM: ELIGIBLE (Price 245.44 > SMA 231.31). Distance: 6.11% | Threshold: > 0%
2026-02-25 15:18:01,275 - US_ETF_Swing_Strategy - INFO - strategyLogger:108 - [L1][signal] [2025-11-03] SLV: ELIGIBLE (Price 43.76 > SMA 37.68). Distance: 16.13% | Threshold: > 0%
2026-02-25 15:18:01,278 - US_ETF_Swing_Strategy - INFO - strategyLogger:108 - [L1][signal] [2025-11-03] QQQ: ELIGIBLE (Price 632.08 > SMA 577.69). Distance: 9.42% | Threshold: > 0%
2026-02-25 15:18:01,281 - US_ETF_Swing_Strategy - INFO - strategyLogger:108 - [L1][signal] [2025-11-03] VGT: ELIGIBLE (Price 795.95 > SMA 708.17). Distance: 12.39% | Threshold: > 0%
2026-02-25 15:18:01,284 - US_ETF_Swing_Strategy - INFO - strategyLogger:108 - [L1][execution] [2025-11-04] SLOTS: 4 Occupied / 4 Total
2026-02-25 15:18:01,292 - US_ETF_Swing_Strategy - INFO - strategyLogger:108 - [L1][signal] [2025-11-04] GLD: ELIGIBLE (Price 362.32 > SMA 331.08). Distance: 9.44% | Threshold: > 0%
2026-02-25 15:18:01,295 - US_ETF_Swing_Strategy - INFO - strategyLogger:108 - [L1][signal] [2025-11-04] IWM: ELIGIBLE (Price 241.20 > SMA 231.59). Distance: 4.15% | Threshold: > 0%
2026-02-25 15:18:01,299 - US_ETF_Swing_Strategy - INFO - strategyLogger:108 - [L1][signal] [2025-11-04] SLV: ELIGIBLE (Price 42.74 > SMA 37.78). Distance: 13.14% | Threshold: > 0%
2026-02-25 15:18:01,301 - US_ETF_Swing_Strategy - INFO - strategyLogger:108 - [L1][signal] [2025-11-04] QQQ: ELIGIBLE (Price 619.25 > SMA 578.54). Distance: 7.04% | Threshold: > 0%
2026-02-25 15:18:01,307 - US_ETF_Swing_Strategy - INFO - strategyLogger:108 - [L1][signal] [2025-11-04] VGT: ELIGIBLE (Price 774.45 > SMA 709.58). Distance: 9.14% | Threshold: > 0%
2026-02-25 15:18:01,309 - US_ETF_Swing_Strategy - INFO - strategyLogger:108 - [L1][execution] [2025-11-05] SLOTS: 4 Occupied / 4 Total
2026-02-25 15:18:01,316 - US_ETF_Swing_Strategy - INFO - strategyLogger:108 - [L1][signal] [2025-11-05] GLD: ELIGIBLE (Price 366.51 > SMA 331.58). Distance: 10.53% | Threshold: > 0%
2026-02-25 15:18:01,318 - US_ETF_Swing_Strategy - INFO - strategyLogger:108 - [L1][signal] [2025-11-05] IWM: ELIGIBLE (Price 244.68 > SMA 231.95). Distance: 5.49% | Threshold: > 0%
2026-02-25 15:18:01,325 - US_ETF_Swing_Strategy - INFO - strategyLogger:108 - [L1][signal] [2025-11-05] SLV: ELIGIBLE (Price 43.65 > SMA 37.88). Distance: 15.22% | Threshold: > 0%
2026-02-25 15:18:01,327 - US_ETF_Swing_Strategy - INFO - strategyLogger:108 - [L1][signal] [2025-11-05] QQQ: ELIGIBLE (Price 623.28 > SMA 579.51). Distance: 7.55% | Threshold: > 0%
2026-02-25 15:18:01,330 - US_ETF_Swing_Strategy - INFO - strategyLogger:108 - [L1][signal] [2025-11-05] VGT: ELIGIBLE (Price 777.66 > SMA 711.12). Distance: 9.36% | Threshold: > 0%
2026-02-25 15:18:01,333 - US_ETF_Swing_Strategy - INFO - strategyLogger:108 - [L1][execution] [2025-11-06] SLOTS: 4 Occupied / 4 Total
2026-02-25 15:18:01,342 - US_ETF_Swing_Strategy - INFO - strategyLogger:108 - [L1][signal] [2025-11-06] GLD: ELIGIBLE (Price 366.07 > SMA 332.13). Distance: 10.22% | Threshold: > 0%
2026-02-25 15:18:01,347 - US_ETF_Swing_Strategy - INFO - strategyLogger:108 - [L1][signal] [2025-11-06] IWM: ELIGIBLE (Price 240.35 > SMA 232.24). Distance: 3.49% | Threshold: > 0%
2026-02-25 15:18:01,350 - US_ETF_Swing_Strategy - INFO - strategyLogger:108 - [L1][signal] [2025-11-06] SLV: ELIGIBLE (Price 43.55 > SMA 37.99). Distance: 14.64% | Threshold: > 0%
2026-02-25 15:18:01,353 - US_ETF_Swing_Strategy - INFO - strategyLogger:108 - [L1][signal] [2025-11-06] QQQ: ELIGIBLE (Price 611.67 > SMA 580.28). Distance: 5.41% | Threshold: > 0%
2026-02-25 15:18:01,358 - US_ETF_Swing_Strategy - INFO - strategyLogger:108 - [L1][signal] [2025-11-06] VGT: ELIGIBLE (Price 762.40 > SMA 712.41). Distance: 7.02% | Threshold: > 0%
2026-02-25 15:18:01,362 - US_ETF_Swing_Strategy - INFO - strategyLogger:108 - [L1][execution] [2025-11-07] SLOTS: 4 Occupied / 4 Total
2026-02-25 15:18:01,367 - US_ETF_Swing_Strategy - INFO - strategyLogger:108 - [L1][signal] [2025-11-07] GLD: ELIGIBLE (Price 368.31 > SMA 332.69). Distance: 10.71% | Threshold: > 0%
2026-02-25 15:18:01,369 - US_ETF_Swing_Strategy - INFO - strategyLogger:108 - [L1][signal] [2025-11-07] IWM: ELIGIBLE (Price 241.61 > SMA 232.57). Distance: 3.89% | Threshold: > 0%
2026-02-25 15:18:01,377 - US_ETF_Swing_Strategy - INFO - strategyLogger:108 - [L1][signal] [2025-11-07] SLV: ELIGIBLE (Price 43.92 > SMA 38.09). Distance: 15.30% | Threshold: > 0%
2026-02-25 15:18:01,381 - US_ETF_Swing_Strategy - INFO - strategyLogger:108 - [L1][signal] [2025-11-07] QQQ: ELIGIBLE (Price 609.74 > SMA 581.09). Distance: 4.93% | Threshold: > 0%
2026-02-25 15:18:01,385 - US_ETF_Swing_Strategy - INFO - strategyLogger:108 - [L1][signal] [2025-11-07] VGT: ELIGIBLE (Price 761.37 > SMA 713.73). Distance: 6.67% | Threshold: > 0%
2026-02-25 15:18:01,392 - US_ETF_Swing_Strategy - INFO - strategyLogger:108 - [L1][execution] [2025-11-10] SLOTS: 4 Occupied / 4 Total
2026-02-25 15:18:01,399 - US_ETF_Swing_Strategy - INFO - strategyLogger:108 - [L1][signal] [2025-11-10] GLD: ELIGIBLE (Price 378.38 > SMA 333.37). Distance: 13.50% | Threshold: > 0%
2026-02-25 15:18:01,403 - US_ETF_Swing_Strategy - INFO - strategyLogger:108 - [L1][signal] [2025-11-10] IWM: ELIGIBLE (Price 244.03 > SMA 232.92). Distance: 4.77% | Threshold: > 0%
2026-02-25 15:18:01,410 - US_ETF_Swing_Strategy - INFO - strategyLogger:108 - [L1][signal] [2025-11-10] SLV: ELIGIBLE (Price 45.79 > SMA 38.22). Distance: 19.82% | Threshold: > 0%
2026-02-25 15:18:01,414 - US_ETF_Swing_Strategy - INFO - strategyLogger:108 - [L1][signal] [2025-11-10] QQQ: ELIGIBLE (Price 623.23 > SMA 582.03). Distance: 7.08% | Threshold: > 0%
2026-02-25 15:18:01,417 - US_ETF_Swing_Strategy - INFO - strategyLogger:108 - [L1][signal] [2025-11-10] VGT: ELIGIBLE (Price 780.37 > SMA 715.22). Distance: 9.11% | Threshold: > 0%
2026-02-25 15:18:01,421 - US_ETF_Swing_Strategy - INFO - strategyLogger:108 - [L1][execution] [2025-11-11] SLOTS: 4 Occupied / 4 Total
2026-02-25 15:18:01,429 - US_ETF_Swing_Strategy - INFO - strategyLogger:108 - [L1][signal] [2025-11-11] GLD: ELIGIBLE (Price 379.87 > SMA 334.07). Distance: 13.71% | Threshold: > 0%
2026-02-25 15:18:01,431 - US_ETF_Swing_Strategy - INFO - strategyLogger:108 - [L1][signal] [2025-11-11] IWM: ELIGIBLE (Price 244.24 > SMA 233.27). Distance: 4.70% | Threshold: > 0%
2026-02-25 15:18:01,435 - US_ETF_Swing_Strategy - INFO - strategyLogger:108 - [L1][signal] [2025-11-11] SLV: ELIGIBLE (Price 46.45 > SMA 38.35). Distance: 21.11% | Threshold: > 0%
2026-02-25 15:18:01,441 - US_ETF_Swing_Strategy - INFO - strategyLogger:108 - [L1][signal] [2025-11-11] QQQ: ELIGIBLE (Price 621.57 > SMA 582.98). Distance: 6.62% | Threshold: > 0%
2026-02-25 15:18:01,444 - US_ETF_Swing_Strategy - INFO - strategyLogger:108 - [L1][signal] [2025-11-11] VGT: ELIGIBLE (Price 773.30 > SMA 716.67). Distance: 7.90% | Threshold: > 0%
2026-02-25 15:18:01,446 - US_ETF_Swing_Strategy - INFO - strategyLogger:108 - [L1][execution] [2025-11-12] SLOTS: 4 Occupied / 4 Total
2026-02-25 15:18:01,451 - US_ETF_Swing_Strategy - INFO - strategyLogger:108 - [L1][signal] [2025-11-12] GLD: ELIGIBLE (Price 385.99 > SMA 334.82). Distance: 15.28% | Threshold: > 0%
2026-02-25 15:18:01,453 - US_ETF_Swing_Strategy - INFO - strategyLogger:108 - [L1][signal] [2025-11-12] IWM: ELIGIBLE (Price 243.64 > SMA 233.59). Distance: 4.30% | Threshold: > 0%
2026-02-25 15:18:01,459 - US_ETF_Swing_Strategy - INFO - strategyLogger:108 - [L1][signal] [2025-11-12] SLV: ELIGIBLE (Price 48.32 > SMA 38.51). Distance: 25.48% | Threshold: > 0%
2026-02-25 15:18:01,461 - US_ETF_Swing_Strategy - INFO - strategyLogger:108 - [L1][signal] [2025-11-12] QQQ: ELIGIBLE (Price 621.08 > SMA 583.87). Distance: 6.37% | Threshold: > 0%
2026-02-25 15:18:01,463 - US_ETF_Swing_Strategy - INFO - strategyLogger:108 - [L1][signal] [2025-11-12] VGT: ELIGIBLE (Price 774.17 > SMA 718.06). Distance: 7.81% | Threshold: > 0%
2026-02-25 15:18:01,466 - US_ETF_Swing_Strategy - INFO - strategyLogger:108 - [L1][execution] [2025-11-13] SLOTS: 4 Occupied / 4 Total
2026-02-25 15:18:01,471 - US_ETF_Swing_Strategy - INFO - strategyLogger:108 - [L1][signal] [2025-11-13] GLD: ELIGIBLE (Price 382.87 > SMA 335.58). Distance: 14.09% | Threshold: > 0%
2026-02-25 15:18:01,476 - US_ETF_Swing_Strategy - INFO - strategyLogger:108 - [L1][signal] [2025-11-13] IWM: ELIGIBLE (Price 236.79 > SMA 233.81). Distance: 1.27% | Threshold: > 0%
2026-02-25 15:18:01,479 - US_ETF_Swing_Strategy - INFO - strategyLogger:108 - [L1][signal] [2025-11-13] SLV: ELIGIBLE (Price 47.42 > SMA 38.66). Distance: 22.67% | Threshold: > 0%
2026-02-25 15:18:01,481 - US_ETF_Swing_Strategy - INFO - strategyLogger:108 - [L1][signal] [2025-11-13] QQQ: ELIGIBLE (Price 608.40 > SMA 584.56). Distance: 4.08% | Threshold: > 0%
2026-02-25 15:18:01,484 - US_ETF_Swing_Strategy - INFO - strategyLogger:108 - [L1][signal] [2025-11-13] VGT: ELIGIBLE (Price 752.36 > SMA 719.12). Distance: 4.62% | Threshold: > 0%
2026-02-25 15:18:01,486 - US_ETF_Swing_Strategy - INFO - strategyLogger:108 - [L1][execution] [2025-11-14] SLOTS: 4 Occupied / 4 Total
2026-02-25 15:18:01,494 - US_ETF_Swing_Strategy - INFO - strategyLogger:108 - [L1][signal] [2025-11-14] GLD: ELIGIBLE (Price 375.96 > SMA 336.27). Distance: 11.80% | Threshold: > 0%
2026-02-25 15:18:01,496 - US_ETF_Swing_Strategy - INFO - strategyLogger:108 - [L1][signal] [2025-11-14] IWM: ELIGIBLE (Price 237.48 > SMA 234.07). Distance: 1.46% | Threshold: > 0%
2026-02-25 15:18:01,499 - US_ETF_Swing_Strategy - INFO - strategyLogger:108 - [L1][signal] [2025-11-14] SLV: ELIGIBLE (Price 45.96 > SMA 38.78). Distance: 18.50% | Threshold: > 0%
2026-02-25 15:18:01,502 - US_ETF_Swing_Strategy - INFO - strategyLogger:108 - [L1][signal] [2025-11-14] QQQ: ELIGIBLE (Price 608.86 > SMA 585.24). Distance: 4.04% | Threshold: > 0%
2026-02-25 15:18:01,506 - US_ETF_Swing_Strategy - INFO - strategyLogger:108 - [L1][signal] [2025-11-14] VGT: ELIGIBLE (Price 756.26 > SMA 720.16). Distance: 5.01% | Threshold: > 0%
2026-02-25 15:18:01,510 - US_ETF_Swing_Strategy - INFO - strategyLogger:108 - [L1][execution] [2025-11-17] SLOTS: 4 Occupied / 4 Total
2026-02-25 15:18:01,515 - US_ETF_Swing_Strategy - INFO - strategyLogger:108 - [L1][signal] [2025-11-17] GLD: ELIGIBLE (Price 371.65 > SMA 336.92). Distance: 10.31% | Threshold: > 0%
2026-02-25 15:18:01,519 - US_ETF_Swing_Strategy - INFO - strategyLogger:108 - [L1][signal] [2025-11-17] SLV: ELIGIBLE (Price 45.47 > SMA 38.91). Distance: 16.87% | Threshold: > 0%
2026-02-25 15:18:01,526 - US_ETF_Swing_Strategy - INFO - strategyLogger:108 - [L1][signal] [2025-11-17] QQQ: ELIGIBLE (Price 603.66 > SMA 585.81). Distance: 3.05% | Threshold: > 0%
2026-02-25 15:18:01,529 - US_ETF_Swing_Strategy - INFO - strategyLogger:108 - [L1][signal] [2025-11-17] VGT: ELIGIBLE (Price 743.70 > SMA 721.03). Distance: 3.14% | Threshold: > 0%
2026-02-25 15:18:01,533 - US_ETF_Swing_Strategy - INFO - strategyLogger:108 - [L1][execution] [2025-11-18] SLOTS: 4 Occupied / 4 Total
2026-02-25 15:18:01,540 - US_ETF_Swing_Strategy - INFO - strategyLogger:108 - [L1][signal] [2025-11-18] GLD: ELIGIBLE (Price 374.35 > SMA 337.65). Distance: 10.87% | Threshold: > 0%
2026-02-25 15:18:01,544 - US_ETF_Swing_Strategy - INFO - strategyLogger:108 - [L1][signal] [2025-11-18] SLV: ELIGIBLE (Price 46.10 > SMA 39.04). Distance: 18.08% | Threshold: > 0%
2026-02-25 15:18:01,547 - US_ETF_Swing_Strategy - INFO - strategyLogger:108 - [L1][signal] [2025-11-18] QQQ: ELIGIBLE (Price 596.31 > SMA 586.29). Distance: 1.71% | Threshold: > 0%
2026-02-25 15:18:01,550 - US_ETF_Swing_Strategy - INFO - strategyLogger:108 - [L1][signal] [2025-11-18] VGT: ELIGIBLE (Price 732.59 > SMA 721.79). Distance: 1.50% | Threshold: > 0%
2026-02-25 15:18:01,553 - US_ETF_Swing_Strategy - INFO - strategyLogger:108 - [L1][execution] [2025-11-19] SLOTS: 4 Occupied / 4 Total
2026-02-25 15:18:01,560 - US_ETF_Swing_Strategy - INFO - strategyLogger:108 - [L1][execution] PROFIT EXIT TRIGGERED: VGT at 715.70 (Profit: 17.04%)
2026-02-25 15:18:01,561 - US_ETF_Swing_Strategy - INFO - strategyLogger:108 - [L1][execution] [2025-11-20] [EXIT - SELL] Sold VGT. Qty: 4.1763, Price: $715.70, Buy Price: $611.49, PnL: $435.21 (17.04%)
2026-02-25 15:18:01,562 - US_ETF_Swing_Strategy - INFO - strategyLogger:108 - [L1][execution] Transaction Costs for VGT (SELL): Brokerage=$5.98, Taxes=$0.00, Total Costs=$5.98. Net Proceeds: $2,983.00
2026-02-25 15:18:01,563 - US_ETF_Swing_Strategy - INFO - strategyLogger:108 - [L3][signal] QQQ: Trend violated (Price < SMA) but Profit (13.59%) below threshold. Holding.
2026-02-25 15:18:01,565 - US_ETF_Swing_Strategy - INFO - strategyLogger:108 - [L1][signal] [2025-11-19] GLD: ELIGIBLE (Price 374.96 > SMA 338.35). Distance: 10.82% | Threshold: > 0%
2026-02-25 15:18:01,569 - US_ETF_Swing_Strategy - INFO - strategyLogger:108 - [L1][signal] [2025-11-19] SLV: ELIGIBLE (Price 46.45 > SMA 39.18). Distance: 18.56% | Threshold: > 0%
2026-02-25 15:18:01,574 - US_ETF_Swing_Strategy - INFO - strategyLogger:108 - [L1][signal] [2025-11-19] QQQ: ELIGIBLE (Price 599.87 > SMA 586.77). Distance: 2.23% | Threshold: > 0%
2026-02-25 15:18:01,577 - US_ETF_Swing_Strategy - INFO - strategyLogger:108 - [L1][signal] [2025-11-19] VGT: ELIGIBLE (Price 737.57 > SMA 722.53). Distance: 2.08% | Threshold: > 0%
2026-02-25 15:18:01,577 - US_ETF_Swing_Strategy - INFO - strategyLogger:108 - [L2][execution] RECALCULATING: Available Cash: $2,977.92. New Slot Capital: $2,977.92
2026-02-25 15:18:01,581 - US_ETF_Swing_Strategy - INFO - strategyLogger:108 - [L1][execution] [2025-11-20] SLOTS: 3 Occupied / 4 Total
2026-02-25 15:18:01,591 - US_ETF_Swing_Strategy - INFO - strategyLogger:108 - [L1][signal] [2025-11-20] GLD: ELIGIBLE (Price 374.85 > SMA 339.03). Distance: 10.57% | Threshold: > 0%
2026-02-25 15:18:01,597 - US_ETF_Swing_Strategy - INFO - strategyLogger:108 - [L1][signal] [2025-11-20] SLV: ELIGIBLE (Price 45.78 > SMA 39.31). Distance: 16.47% | Threshold: > 0%
2026-02-25 15:18:01,608 - US_ETF_Swing_Strategy - INFO - strategyLogger:108 - [L1][execution] [2025-11-21] SLOTS: 3 Occupied / 4 Total
2026-02-25 15:18:01,612 - US_ETF_Swing_Strategy - INFO - strategyLogger:108 - [L1][signal] [2025-11-21] GLD: ELIGIBLE (Price 374.27 > SMA 339.68). Distance: 10.18% | Threshold: > 0%
2026-02-25 15:18:01,614 - US_ETF_Swing_Strategy - INFO - strategyLogger:108 - [L1][signal] [2025-11-21] IWM: ELIGIBLE (Price 235.60 > SMA 234.85). Distance: 0.32% | Threshold: > 0%
2026-02-25 15:18:01,617 - US_ETF_Swing_Strategy - INFO - strategyLogger:108 - [L1][signal] [2025-11-21] SLV: ELIGIBLE (Price 45.30 > SMA 39.43). Distance: 14.89% | Threshold: > 0%
2026-02-25 15:18:01,621 - US_ETF_Swing_Strategy - INFO - strategyLogger:108 - [L1][signal] [2025-11-21] QQQ: ELIGIBLE (Price 590.07 > SMA 587.55). Distance: 0.43% | Threshold: > 0%
2026-02-25 15:18:01,626 - US_ETF_Swing_Strategy - INFO - strategyLogger:108 - [L1][execution] [2025-11-24] [ENTRY - BUY] Bought IWM. Qty: 12.4132, Price: $239.90, Amount: $2,977.93
2026-02-25 15:18:01,626 - US_ETF_Swing_Strategy - INFO - strategyLogger:108 - [L1][execution] Transaction Costs for IWM (BUY): Brokerage=$5.96, Taxes=$0.00, Total Costs=$5.96. Net Outflow: $2,983.88
2026-02-25 15:18:01,629 - US_ETF_Swing_Strategy - INFO - strategyLogger:108 - [L1][execution] [2025-11-24] SLOTS: 4 Occupied / 4 Total
2026-02-25 15:18:01,634 - US_ETF_Swing_Strategy - INFO - strategyLogger:108 - [L1][signal] [2025-11-24] GLD: ELIGIBLE (Price 380.20 > SMA 340.41). Distance: 11.69% | Threshold: > 0%
2026-02-25 15:18:01,636 - US_ETF_Swing_Strategy - INFO - strategyLogger:108 - [L1][signal] [2025-11-24] IWM: ELIGIBLE (Price 239.90 > SMA 235.02). Distance: 2.08% | Threshold: > 0%
2026-02-25 15:18:01,643 - US_ETF_Swing_Strategy - INFO - strategyLogger:108 - [L1][signal] [2025-11-24] SLV: ELIGIBLE (Price 46.63 > SMA 39.56). Distance: 17.87% | Threshold: > 0%
2026-02-25 15:18:01,645 - US_ETF_Swing_Strategy - INFO - strategyLogger:108 - [L1][signal] [2025-11-24] QQQ: ELIGIBLE (Price 605.16 > SMA 588.04). Distance: 2.91% | Threshold: > 0%
2026-02-25 15:18:01,647 - US_ETF_Swing_Strategy - INFO - strategyLogger:108 - [L1][signal] [2025-11-24] VGT: ELIGIBLE (Price 736.95 > SMA 724.30). Distance: 1.75% | Threshold: > 0%
2026-02-25 15:18:01,649 - US_ETF_Swing_Strategy - INFO - strategyLogger:108 - [L1][execution] [2025-11-25] SLOTS: 4 Occupied / 4 Total
2026-02-25 15:18:01,654 - US_ETF_Swing_Strategy - INFO - strategyLogger:108 - [L1][signal] [2025-11-25] GLD: ELIGIBLE (Price 380.08 > SMA 341.13). Distance: 11.42% | Threshold: > 0%
2026-02-25 15:18:01,658 - US_ETF_Swing_Strategy - INFO - strategyLogger:108 - [L1][signal] [2025-11-25] IWM: ELIGIBLE (Price 245.13 > SMA 235.27). Distance: 4.19% | Threshold: > 0%
2026-02-25 15:18:01,660 - US_ETF_Swing_Strategy - INFO - strategyLogger:108 - [L1][signal] [2025-11-25] SLV: ELIGIBLE (Price 46.67 > SMA 39.69). Distance: 17.58% | Threshold: > 0%
2026-02-25 15:18:01,662 - US_ETF_Swing_Strategy - INFO - strategyLogger:108 - [L1][signal] [2025-11-25] QQQ: ELIGIBLE (Price 608.89 > SMA 588.61). Distance: 3.45% | Threshold: > 0%
2026-02-25 15:18:01,665 - US_ETF_Swing_Strategy - INFO - strategyLogger:108 - [L1][signal] [2025-11-25] VGT: ELIGIBLE (Price 739.21 > SMA 725.01). Distance: 1.96% | Threshold: > 0%
2026-02-25 15:18:01,667 - US_ETF_Swing_Strategy - INFO - strategyLogger:108 - [L1][execution] [2025-11-26] SLOTS: 4 Occupied / 4 Total
2026-02-25 15:18:01,676 - US_ETF_Swing_Strategy - INFO - strategyLogger:108 - [L1][signal] [2025-11-26] GLD: ELIGIBLE (Price 383.12 > SMA 341.92). Distance: 12.05% | Threshold: > 0%
2026-02-25 15:18:01,678 - US_ETF_Swing_Strategy - INFO - strategyLogger:108 - [L1][signal] [2025-11-26] IWM: ELIGIBLE (Price 247.30 > SMA 235.53). Distance: 5.00% | Threshold: > 0%
2026-02-25 15:18:01,681 - US_ETF_Swing_Strategy - INFO - strategyLogger:108 - [L1][signal] [2025-11-26] SLV: ELIGIBLE (Price 48.40 > SMA 39.84). Distance: 21.48% | Threshold: > 0%
2026-02-25 15:18:01,684 - US_ETF_Swing_Strategy - INFO - strategyLogger:108 - [L1][signal] [2025-11-26] QQQ: ELIGIBLE (Price 614.27 > SMA 589.23). Distance: 4.25% | Threshold: > 0%
2026-02-25 15:18:01,687 - US_ETF_Swing_Strategy - INFO - strategyLogger:108 - [L1][signal] [2025-11-26] VGT: ELIGIBLE (Price 746.93 > SMA 725.76). Distance: 2.92% | Threshold: > 0%
2026-02-25 15:18:01,690 - US_ETF_Swing_Strategy - INFO - strategyLogger:108 - [L1][execution] [2025-11-28] SLOTS: 4 Occupied / 4 Total
2026-02-25 15:18:01,695 - US_ETF_Swing_Strategy - INFO - strategyLogger:108 - [L1][signal] [2025-11-28] GLD: ELIGIBLE (Price 387.88 > SMA 342.75). Distance: 13.17% | Threshold: > 0%
2026-02-25 15:18:01,698 - US_ETF_Swing_Strategy - INFO - strategyLogger:108 - [L1][signal] [2025-11-28] IWM: ELIGIBLE (Price 248.75 > SMA 235.79). Distance: 5.50% | Threshold: > 0%
2026-02-25 15:18:01,700 - US_ETF_Swing_Strategy - INFO - strategyLogger:108 - [L1][signal] [2025-11-28] SLV: ELIGIBLE (Price 51.21 > SMA 40.03). Distance: 27.94% | Threshold: > 0%
2026-02-25 15:18:01,701 - US_ETF_Swing_Strategy - INFO - strategyLogger:108 - [L1][signal] [2025-11-28] QQQ: ELIGIBLE (Price 619.25 > SMA 589.86). Distance: 4.98% | Threshold: > 0%
2026-02-25 15:18:01,708 - US_ETF_Swing_Strategy - INFO - strategyLogger:108 - [L1][signal] [2025-11-28] VGT: ELIGIBLE (Price 752.20 > SMA 726.52). Distance: 3.53% | Threshold: > 0%
2026-02-25 15:18:01,710 - US_ETF_Swing_Strategy - INFO - strategyLogger:108 - [L1][execution] [2025-12-01] SLOTS: 4 Occupied / 4 Total
2026-02-25 15:18:01,715 - US_ETF_Swing_Strategy - INFO - strategyLogger:108 - [L1][signal] [2025-12-01] GLD: ELIGIBLE (Price 389.75 > SMA 343.58). Distance: 13.44% | Threshold: > 0%
2026-02-25 15:18:01,718 - US_ETF_Swing_Strategy - INFO - strategyLogger:108 - [L1][signal] [2025-12-01] IWM: ELIGIBLE (Price 245.62 > SMA 235.99). Distance: 4.08% | Threshold: > 0%
2026-02-25 15:18:01,721 - US_ETF_Swing_Strategy - INFO - strategyLogger:108 - [L1][signal] [2025-12-01] SLV: ELIGIBLE (Price 52.52 > SMA 40.21). Distance: 30.61% | Threshold: > 0%
2026-02-25 15:18:01,725 - US_ETF_Swing_Strategy - INFO - strategyLogger:108 - [L1][signal] [2025-12-01] QQQ: ELIGIBLE (Price 617.17 > SMA 590.48). Distance: 4.52% | Threshold: > 0%
2026-02-25 15:18:01,728 - US_ETF_Swing_Strategy - INFO - strategyLogger:108 - [L1][signal] [2025-12-01] VGT: ELIGIBLE (Price 751.89 > SMA 727.29). Distance: 3.38% | Threshold: > 0%
2026-02-25 15:18:01,731 - US_ETF_Swing_Strategy - INFO - strategyLogger:108 - [L1][execution] [2025-12-02] SLOTS: 4 Occupied / 4 Total
2026-02-25 15:18:01,738 - US_ETF_Swing_Strategy - INFO - strategyLogger:108 - [L1][signal] [2025-12-02] GLD: ELIGIBLE (Price 387.24 > SMA 344.36). Distance: 12.45% | Threshold: > 0%
2026-02-25 15:18:01,743 - US_ETF_Swing_Strategy - INFO - strategyLogger:108 - [L1][signal] [2025-12-02] IWM: ELIGIBLE (Price 245.17 > SMA 236.23). Distance: 3.79% | Threshold: > 0%
2026-02-25 15:18:01,745 - US_ETF_Swing_Strategy - INFO - strategyLogger:108 - [L1][signal] [2025-12-02] SLV: ELIGIBLE (Price 53.13 > SMA 40.39). Distance: 31.53% | Threshold: > 0%
2026-02-25 15:18:01,749 - US_ETF_Swing_Strategy - INFO - strategyLogger:108 - [L1][signal] [2025-12-02] QQQ: ELIGIBLE (Price 622.00 > SMA 591.16). Distance: 5.22% | Threshold: > 0%
2026-02-25 15:18:01,751 - US_ETF_Swing_Strategy - INFO - strategyLogger:108 - [L1][signal] [2025-12-02] VGT: ELIGIBLE (Price 759.71 > SMA 728.18). Distance: 4.33% | Threshold: > 0%
2026-02-25 15:18:01,756 - US_ETF_Swing_Strategy - INFO - strategyLogger:108 - [L1][execution] [2025-12-03] SLOTS: 4 Occupied / 4 Total
2026-02-25 15:18:01,760 - US_ETF_Swing_Strategy - INFO - strategyLogger:108 - [L1][signal] [2025-12-03] GLD: ELIGIBLE (Price 386.88 > SMA 345.15). Distance: 12.09% | Threshold: > 0%
2026-02-25 15:18:01,763 - US_ETF_Swing_Strategy - INFO - strategyLogger:108 - [L1][signal] [2025-12-03] IWM: ELIGIBLE (Price 249.63 > SMA 236.49). Distance: 5.55% | Threshold: > 0%
2026-02-25 15:18:01,765 - US_ETF_Swing_Strategy - INFO - strategyLogger:108 - [L1][signal] [2025-12-03] SLV: ELIGIBLE (Price 53.07 > SMA 40.58). Distance: 30.78% | Threshold: > 0%
2026-02-25 15:18:01,767 - US_ETF_Swing_Strategy - INFO - strategyLogger:108 - [L1][signal] [2025-12-03] QQQ: ELIGIBLE (Price 623.52 > SMA 591.83). Distance: 5.35% | Threshold: > 0%
2026-02-25 15:18:01,773 - US_ETF_Swing_Strategy - INFO - strategyLogger:108 - [L1][signal] [2025-12-03] VGT: ELIGIBLE (Price 761.12 > SMA 729.09). Distance: 4.39% | Threshold: > 0%
2026-02-25 15:18:01,775 - US_ETF_Swing_Strategy - INFO - strategyLogger:108 - [L1][execution] [2025-12-04] SLOTS: 4 Occupied / 4 Total
2026-02-25 15:18:01,780 - US_ETF_Swing_Strategy - INFO - strategyLogger:108 - [L1][signal] [2025-12-04] GLD: ELIGIBLE (Price 387.13 > SMA 345.96). Distance: 11.90% | Threshold: > 0%
2026-02-25 15:18:01,783 - US_ETF_Swing_Strategy - INFO - strategyLogger:108 - [L1][signal] [2025-12-04] IWM: ELIGIBLE (Price 251.82 > SMA 236.82). Distance: 6.33% | Threshold: > 0%
2026-02-25 15:18:01,785 - US_ETF_Swing_Strategy - INFO - strategyLogger:108 - [L1][signal] [2025-12-04] SLV: ELIGIBLE (Price 51.76 > SMA 40.75). Distance: 27.01% | Threshold: > 0%
2026-02-25 15:18:01,789 - US_ETF_Swing_Strategy - INFO - strategyLogger:108 - [L1][signal] [2025-12-04] QQQ: ELIGIBLE (Price 622.94 > SMA 592.49). Distance: 5.14% | Threshold: > 0%
2026-02-25 15:18:01,792 - US_ETF_Swing_Strategy - INFO - strategyLogger:108 - [L1][signal] [2025-12-04] VGT: ELIGIBLE (Price 764.65 > SMA 729.98). Distance: 4.75% | Threshold: > 0%
2026-02-25 15:18:01,795 - US_ETF_Swing_Strategy - INFO - strategyLogger:108 - [L1][execution] [2025-12-05] SLOTS: 4 Occupied / 4 Total
2026-02-25 15:18:01,799 - US_ETF_Swing_Strategy - INFO - strategyLogger:108 - [L1][signal] [2025-12-05] GLD: ELIGIBLE (Price 386.44 > SMA 346.74). Distance: 11.45% | Threshold: > 0%
2026-02-25 15:18:01,801 - US_ETF_Swing_Strategy - INFO - strategyLogger:108 - [L1][signal] [2025-12-05] IWM: ELIGIBLE (Price 250.77 > SMA 237.12). Distance: 5.76% | Threshold: > 0%
2026-02-25 15:18:01,803 - US_ETF_Swing_Strategy - INFO - strategyLogger:108 - [L1][signal] [2025-12-05] SLV: ELIGIBLE (Price 52.95 > SMA 40.94). Distance: 29.34% | Threshold: > 0%
2026-02-25 15:18:01,808 - US_ETF_Swing_Strategy - INFO - strategyLogger:108 - [L1][signal] [2025-12-05] QQQ: ELIGIBLE (Price 625.48 > SMA 593.17). Distance: 5.45% | Threshold: > 0%
2026-02-25 15:18:01,810 - US_ETF_Swing_Strategy - INFO - strategyLogger:108 - [L1][signal] [2025-12-05] VGT: ELIGIBLE (Price 767.97 > SMA 730.87). Distance: 5.08% | Threshold: > 0%
2026-02-25 15:18:01,812 - US_ETF_Swing_Strategy - INFO - strategyLogger:108 - [L1][execution] [2025-12-08] SLOTS: 4 Occupied / 4 Total
2026-02-25 15:18:01,817 - US_ETF_Swing_Strategy - INFO - strategyLogger:108 - [L1][signal] [2025-12-08] GLD: ELIGIBLE (Price 385.42 > SMA 347.52). Distance: 10.91% | Threshold: > 0%
2026-02-25 15:18:01,820 - US_ETF_Swing_Strategy - INFO - strategyLogger:108 - [L1][signal] [2025-12-08] IWM: ELIGIBLE (Price 250.87 > SMA 237.39). Distance: 5.68% | Threshold: > 0%
2026-02-25 15:18:01,825 - US_ETF_Swing_Strategy - INFO - strategyLogger:108 - [L1][signal] [2025-12-08] SLV: ELIGIBLE (Price 52.71 > SMA 41.12). Distance: 28.19% | Threshold: > 0%
2026-02-25 15:18:01,828 - US_ETF_Swing_Strategy - INFO - strategyLogger:108 - [L1][signal] [2025-12-08] QQQ: ELIGIBLE (Price 624.28 > SMA 593.80). Distance: 5.13% | Threshold: > 0%
2026-02-25 15:18:01,830 - US_ETF_Swing_Strategy - INFO - strategyLogger:108 - [L1][signal] [2025-12-08] VGT: ELIGIBLE (Price 774.68 > SMA 731.76). Distance: 5.87% | Threshold: > 0%
2026-02-25 15:18:01,832 - US_ETF_Swing_Strategy - INFO - strategyLogger:108 - [L1][execution] [2025-12-09] SLOTS: 4 Occupied / 4 Total
2026-02-25 15:18:01,839 - US_ETF_Swing_Strategy - INFO - strategyLogger:108 - [L1][signal] [2025-12-09] GLD: ELIGIBLE (Price 387.40 > SMA 348.31). Distance: 11.22% | Threshold: > 0%
2026-02-25 15:18:01,841 - US_ETF_Swing_Strategy - INFO - strategyLogger:108 - [L1][signal] [2025-12-09] IWM: ELIGIBLE (Price 251.39 > SMA 237.68). Distance: 5.77% | Threshold: > 0%
2026-02-25 15:18:01,844 - US_ETF_Swing_Strategy - INFO - strategyLogger:108 - [L1][signal] [2025-12-09] SLV: ELIGIBLE (Price 55.17 > SMA 41.32). Distance: 33.50% | Threshold: > 0%
2026-02-25 15:18:01,846 - US_ETF_Swing_Strategy - INFO - strategyLogger:108 - [L1][signal] [2025-12-09] QQQ: ELIGIBLE (Price 625.05 > SMA 594.44). Distance: 5.15% | Threshold: > 0%
2026-02-25 15:18:01,849 - US_ETF_Swing_Strategy - INFO - strategyLogger:108 - [L1][signal] [2025-12-09] VGT: ELIGIBLE (Price 776.36 > SMA 732.66). Distance: 5.96% | Threshold: > 0%
2026-02-25 15:18:01,852 - US_ETF_Swing_Strategy - INFO - strategyLogger:108 - [L1][execution] [2025-12-10] SLOTS: 4 Occupied / 4 Total
2026-02-25 15:18:01,858 - US_ETF_Swing_Strategy - INFO - strategyLogger:108 - [L1][signal] [2025-12-10] GLD: ELIGIBLE (Price 389.05 > SMA 349.07). Distance: 11.45% | Threshold: > 0%
2026-02-25 15:18:01,860 - US_ETF_Swing_Strategy - INFO - strategyLogger:108 - [L1][signal] [2025-12-10] IWM: ELIGIBLE (Price 254.81 > SMA 238.01). Distance: 7.06% | Threshold: > 0%
2026-02-25 15:18:01,863 - US_ETF_Swing_Strategy - INFO - strategyLogger:108 - [L1][signal] [2025-12-10] SLV: ELIGIBLE (Price 56.07 > SMA 41.53). Distance: 35.00% | Threshold: > 0%
2026-02-25 15:18:01,865 - US_ETF_Swing_Strategy - INFO - strategyLogger:108 - [L1][signal] [2025-12-10] QQQ: ELIGIBLE (Price 627.61 > SMA 595.07). Distance: 5.47% | Threshold: > 0%
2026-02-25 15:18:01,868 - US_ETF_Swing_Strategy - INFO - strategyLogger:108 - [L1][signal] [2025-12-10] VGT: ELIGIBLE (Price 779.16 > SMA 733.59). Distance: 6.21% | Threshold: > 0%
2026-02-25 15:18:01,871 - US_ETF_Swing_Strategy - INFO - strategyLogger:108 - [L1][execution] [2025-12-11] SLOTS: 4 Occupied / 4 Total
2026-02-25 15:18:01,877 - US_ETF_Swing_Strategy - INFO - strategyLogger:108 - [L1][signal] [2025-12-11] GLD: ELIGIBLE (Price 393.24 > SMA 349.84). Distance: 12.41% | Threshold: > 0%
2026-02-25 15:18:01,880 - US_ETF_Swing_Strategy - INFO - strategyLogger:108 - [L1][signal] [2025-12-11] IWM: ELIGIBLE (Price 257.80 > SMA 238.36). Distance: 8.16% | Threshold: > 0%
2026-02-25 15:18:01,881 - US_ETF_Swing_Strategy - INFO - strategyLogger:108 - [L1][signal] [2025-12-11] SLV: ELIGIBLE (Price 57.62 > SMA 41.75). Distance: 38.01% | Threshold: > 0%
2026-02-25 15:18:01,884 - US_ETF_Swing_Strategy - INFO - strategyLogger:108 - [L1][signal] [2025-12-11] QQQ: ELIGIBLE (Price 625.58 > SMA 595.71). Distance: 5.01% | Threshold: > 0%
2026-02-25 15:18:01,890 - US_ETF_Swing_Strategy - INFO - strategyLogger:108 - [L1][signal] [2025-12-11] VGT: ELIGIBLE (Price 776.34 > SMA 734.56). Distance: 5.69% | Threshold: > 0%
2026-02-25 15:18:01,892 - US_ETF_Swing_Strategy - INFO - strategyLogger:108 - [L1][execution] [2025-12-12] SLOTS: 4 Occupied / 4 Total
2026-02-25 15:18:01,897 - US_ETF_Swing_Strategy - INFO - strategyLogger:108 - [L1][signal] [2025-12-12] GLD: ELIGIBLE (Price 395.44 > SMA 350.67). Distance: 12.77% | Threshold: > 0%
2026-02-25 15:18:01,900 - US_ETF_Swing_Strategy - INFO - strategyLogger:108 - [L1][signal] [2025-12-12] IWM: ELIGIBLE (Price 253.85 > SMA 238.63). Distance: 6.38% | Threshold: > 0%
2026-02-25 15:18:01,901 - US_ETF_Swing_Strategy - INFO - strategyLogger:108 - [L1][signal] [2025-12-12] SLV: ELIGIBLE (Price 56.10 > SMA 41.96). Distance: 33.71% | Threshold: > 0%
2026-02-25 15:18:01,905 - US_ETF_Swing_Strategy - INFO - strategyLogger:108 - [L1][signal] [2025-12-12] QQQ: ELIGIBLE (Price 613.62 > SMA 596.21). Distance: 2.92% | Threshold: > 0%
2026-02-25 15:18:01,908 - US_ETF_Swing_Strategy - INFO - strategyLogger:108 - [L1][signal] [2025-12-12] VGT: ELIGIBLE (Price 753.93 > SMA 735.24). Distance: 2.54% | Threshold: > 0%
2026-02-25 15:18:01,910 - US_ETF_Swing_Strategy - INFO - strategyLogger:108 - [L1][execution] [2025-12-15] SLOTS: 4 Occupied / 4 Total
2026-02-25 15:18:01,916 - US_ETF_Swing_Strategy - INFO - strategyLogger:108 - [L1][signal] [2025-12-15] GLD: ELIGIBLE (Price 395.80 > SMA 351.53). Distance: 12.60% | Threshold: > 0%
2026-02-25 15:18:01,918 - US_ETF_Swing_Strategy - INFO - strategyLogger:108 - [L1][signal] [2025-12-15] IWM: ELIGIBLE (Price 251.93 > SMA 238.92). Distance: 5.45% | Threshold: > 0%
2026-02-25 15:18:01,920 - US_ETF_Swing_Strategy - INFO - strategyLogger:108 - [L1][signal] [2025-12-15] SLV: ELIGIBLE (Price 58.11 > SMA 42.18). Distance: 37.76% | Threshold: > 0%
2026-02-25 15:18:01,925 - US_ETF_Swing_Strategy - INFO - strategyLogger:108 - [L1][signal] [2025-12-15] QQQ: ELIGIBLE (Price 610.54 > SMA 596.67). Distance: 2.32% | Threshold: > 0%
2026-02-25 15:18:01,926 - US_ETF_Swing_Strategy - INFO - strategyLogger:108 - [L1][signal] [2025-12-15] VGT: ELIGIBLE (Price 745.51 > SMA 735.83). Distance: 1.32% | Threshold: > 0%
2026-02-25 15:18:01,928 - US_ETF_Swing_Strategy - INFO - strategyLogger:108 - [L1][execution] [2025-12-16] SLOTS: 4 Occupied / 4 Total
2026-02-25 15:18:01,934 - US_ETF_Swing_Strategy - INFO - strategyLogger:108 - [L1][signal] [2025-12-16] GLD: ELIGIBLE (Price 395.89 > SMA 352.41). Distance: 12.34% | Threshold: > 0%
2026-02-25 15:18:01,936 - US_ETF_Swing_Strategy - INFO - strategyLogger:108 - [L1][signal] [2025-12-16] IWM: ELIGIBLE (Price 249.90 > SMA 239.17). Distance: 4.49% | Threshold: > 0%
2026-02-25 15:18:01,943 - US_ETF_Swing_Strategy - INFO - strategyLogger:108 - [L1][signal] [2025-12-16] SLV: ELIGIBLE (Price 57.73 > SMA 42.41). Distance: 36.12% | Threshold: > 0%
2026-02-25 15:18:01,945 - US_ETF_Swing_Strategy - INFO - strategyLogger:108 - [L1][signal] [2025-12-16] QQQ: ELIGIBLE (Price 611.75 > SMA 597.12). Distance: 2.45% | Threshold: > 0%
2026-02-25 15:18:01,949 - US_ETF_Swing_Strategy - INFO - strategyLogger:108 - [L1][signal] [2025-12-16] VGT: ELIGIBLE (Price 746.68 > SMA 736.41). Distance: 1.40% | Threshold: > 0%
2026-02-25 15:18:01,951 - US_ETF_Swing_Strategy - INFO - strategyLogger:108 - [L1][execution] [2025-12-17] SLOTS: 4 Occupied / 4 Total
2026-02-25 15:18:01,961 - US_ETF_Swing_Strategy - INFO - strategyLogger:108 - [L1][signal] [2025-12-17] GLD: ELIGIBLE (Price 399.29 > SMA 353.35). Distance: 13.00% | Threshold: > 0%
2026-02-25 15:18:01,964 - US_ETF_Swing_Strategy - INFO - strategyLogger:108 - [L1][signal] [2025-12-17] IWM: ELIGIBLE (Price 247.24 > SMA 239.40). Distance: 3.27% | Threshold: > 0%
2026-02-25 15:18:01,967 - US_ETF_Swing_Strategy - INFO - strategyLogger:108 - [L1][signal] [2025-12-17] SLV: ELIGIBLE (Price 60.26 > SMA 42.67). Distance: 41.23% | Threshold: > 0%
2026-02-25 15:18:01,971 - US_ETF_Swing_Strategy - INFO - strategyLogger:108 - [L1][signal] [2025-12-17] QQQ: ELIGIBLE (Price 600.41 > SMA 597.44). Distance: 0.50% | Threshold: > 0%
2026-02-25 15:18:01,976 - US_ETF_Swing_Strategy - INFO - strategyLogger:108 - [L1][execution] [2025-12-18] SLOTS: 4 Occupied / 4 Total
2026-02-25 15:18:01,981 - US_ETF_Swing_Strategy - INFO - strategyLogger:108 - [L1][signal] [2025-12-18] GLD: ELIGIBLE (Price 398.57 > SMA 354.27). Distance: 12.50% | Threshold: > 0%
2026-02-25 15:18:01,984 - US_ETF_Swing_Strategy - INFO - strategyLogger:108 - [L1][signal] [2025-12-18] IWM: ELIGIBLE (Price 248.71 > SMA 239.66). Distance: 3.78% | Threshold: > 0%
2026-02-25 15:18:01,987 - US_ETF_Swing_Strategy - INFO - strategyLogger:108 - [L1][signal] [2025-12-18] SLV: ELIGIBLE (Price 59.32 > SMA 42.91). Distance: 38.23% | Threshold: > 0%
2026-02-25 15:18:01,992 - US_ETF_Swing_Strategy - INFO - strategyLogger:108 - [L1][signal] [2025-12-18] QQQ: ELIGIBLE (Price 609.11 > SMA 597.86). Distance: 1.88% | Threshold: > 0%
2026-02-25 15:18:01,994 - US_ETF_Swing_Strategy - INFO - strategyLogger:108 - [L1][signal] [2025-12-18] VGT: ELIGIBLE (Price 740.62 > SMA 737.25). Distance: 0.46% | Threshold: > 0%
2026-02-25 15:18:01,995 - US_ETF_Swing_Strategy - INFO - strategyLogger:108 - [L1][execution] [2025-12-19] SLOTS: 4 Occupied / 4 Total
2026-02-25 15:18:02,001 - US_ETF_Swing_Strategy - INFO - strategyLogger:108 - [L1][signal] [2025-12-19] GLD: ELIGIBLE (Price 399.02 > SMA 355.25). Distance: 12.32% | Threshold: > 0%
2026-02-25 15:18:02,005 - US_ETF_Swing_Strategy - INFO - strategyLogger:108 - [L1][signal] [2025-12-19] IWM: ELIGIBLE (Price 250.79 > SMA 239.95). Distance: 4.52% | Threshold: > 0%
2026-02-25 15:18:02,008 - US_ETF_Swing_Strategy - INFO - strategyLogger:108 - [L1][signal] [2025-12-19] SLV: ELIGIBLE (Price 60.93 > SMA 43.19). Distance: 41.08% | Threshold: > 0%
2026-02-25 15:18:02,011 - US_ETF_Swing_Strategy - INFO - strategyLogger:108 - [L1][signal] [2025-12-19] QQQ: ELIGIBLE (Price 617.05 > SMA 598.35). Distance: 3.12% | Threshold: > 0%
2026-02-25 15:18:02,013 - US_ETF_Swing_Strategy - INFO - strategyLogger:108 - [L1][signal] [2025-12-19] VGT: ELIGIBLE (Price 755.54 > SMA 737.86). Distance: 2.40% | Threshold: > 0%
2026-02-25 15:18:02,015 - US_ETF_Swing_Strategy - INFO - strategyLogger:108 - [L1][execution] [2025-12-22] SLOTS: 4 Occupied / 4 Total
2026-02-25 15:18:02,023 - US_ETF_Swing_Strategy - INFO - strategyLogger:108 - [L1][signal] [2025-12-22] GLD: ELIGIBLE (Price 408.23 > SMA 356.31). Distance: 14.57% | Threshold: > 0%
2026-02-25 15:18:02,025 - US_ETF_Swing_Strategy - INFO - strategyLogger:108 - [L1][signal] [2025-12-22] IWM: ELIGIBLE (Price 253.58 > SMA 240.30). Distance: 5.53% | Threshold: > 0%
2026-02-25 15:18:02,027 - US_ETF_Swing_Strategy - INFO - strategyLogger:108 - [L1][signal] [2025-12-22] SLV: ELIGIBLE (Price 62.47 > SMA 43.48). Distance: 43.67% | Threshold: > 0%
2026-02-25 15:18:02,030 - US_ETF_Swing_Strategy - INFO - strategyLogger:108 - [L1][signal] [2025-12-22] QQQ: ELIGIBLE (Price 619.21 > SMA 598.89). Distance: 3.39% | Threshold: > 0%
2026-02-25 15:18:02,033 - US_ETF_Swing_Strategy - INFO - strategyLogger:108 - [L1][signal] [2025-12-22] VGT: ELIGIBLE (Price 760.78 > SMA 738.56). Distance: 3.01% | Threshold: > 0%
2026-02-25 15:18:02,036 - US_ETF_Swing_Strategy - INFO - strategyLogger:108 - [L1][execution] [2025-12-23] SLOTS: 4 Occupied / 4 Total
2026-02-25 15:18:02,046 - US_ETF_Swing_Strategy - INFO - strategyLogger:108 - [L1][signal] [2025-12-23] GLD: ELIGIBLE (Price 413.64 > SMA 357.35). Distance: 15.75% | Threshold: > 0%
2026-02-25 15:18:02,049 - US_ETF_Swing_Strategy - INFO - strategyLogger:108 - [L1][signal] [2025-12-23] IWM: ELIGIBLE (Price 252.08 > SMA 240.67). Distance: 4.74% | Threshold: > 0%
2026-02-25 15:18:02,051 - US_ETF_Swing_Strategy - INFO - strategyLogger:108 - [L1][signal] [2025-12-23] SLV: ELIGIBLE (Price 64.84 > SMA 43.79). Distance: 48.06% | Threshold: > 0%
2026-02-25 15:18:02,058 - US_ETF_Swing_Strategy - INFO - strategyLogger:108 - [L1][signal] [2025-12-23] QQQ: ELIGIBLE (Price 622.11 > SMA 599.58). Distance: 3.76% | Threshold: > 0%
2026-02-25 15:18:02,060 - US_ETF_Swing_Strategy - INFO - strategyLogger:108 - [L1][signal] [2025-12-23] VGT: ELIGIBLE (Price 765.03 > SMA 739.47). Distance: 3.46% | Threshold: > 0%
2026-02-25 15:18:02,063 - US_ETF_Swing_Strategy - INFO - strategyLogger:108 - [L1][execution] [2025-12-24] SLOTS: 4 Occupied / 4 Total
2026-02-25 15:18:02,067 - US_ETF_Swing_Strategy - INFO - strategyLogger:108 - [L1][signal] [2025-12-24] GLD: ELIGIBLE (Price 411.93 > SMA 358.36). Distance: 14.95% | Threshold: > 0%
2026-02-25 15:18:02,069 - US_ETF_Swing_Strategy - INFO - strategyLogger:108 - [L1][signal] [2025-12-24] IWM: ELIGIBLE (Price 252.71 > SMA 241.00). Distance: 4.86% | Threshold: > 0%
2026-02-25 15:18:02,073 - US_ETF_Swing_Strategy - INFO - strategyLogger:108 - [L1][signal] [2025-12-24] SLV: ELIGIBLE (Price 65.22 > SMA 44.11). Distance: 47.87% | Threshold: > 0%
2026-02-25 15:18:02,076 - US_ETF_Swing_Strategy - INFO - strategyLogger:108 - [L1][signal] [2025-12-24] QQQ: ELIGIBLE (Price 623.93 > SMA 600.18). Distance: 3.96% | Threshold: > 0%
2026-02-25 15:18:02,078 - US_ETF_Swing_Strategy - INFO - strategyLogger:108 - [L1][signal] [2025-12-24] VGT: ELIGIBLE (Price 766.32 > SMA 740.23). Distance: 3.52% | Threshold: > 0%
2026-02-25 15:18:02,081 - US_ETF_Swing_Strategy - INFO - strategyLogger:108 - [L1][execution] [2025-12-26] SLOTS: 4 Occupied / 4 Total
2026-02-25 15:18:02,090 - US_ETF_Swing_Strategy - INFO - strategyLogger:108 - [L1][signal] [2025-12-26] GLD: ELIGIBLE (Price 416.74 > SMA 359.42). Distance: 15.95% | Threshold: > 0%
2026-02-25 15:18:02,092 - US_ETF_Swing_Strategy - INFO - strategyLogger:108 - [L1][signal] [2025-12-26] IWM: ELIGIBLE (Price 251.42 > SMA 241.30). Distance: 4.19% | Threshold: > 0%
2026-02-25 15:18:02,094 - US_ETF_Swing_Strategy - INFO - strategyLogger:108 - [L1][signal] [2025-12-26] SLV: ELIGIBLE (Price 71.12 > SMA 44.47). Distance: 59.92% | Threshold: > 0%
2026-02-25 15:18:02,098 - US_ETF_Swing_Strategy - INFO - strategyLogger:108 - [L1][signal] [2025-12-26] QQQ: ELIGIBLE (Price 623.89 > SMA 600.81). Distance: 3.84% | Threshold: > 0%
2026-02-25 15:18:02,100 - US_ETF_Swing_Strategy - INFO - strategyLogger:108 - [L1][signal] [2025-12-26] VGT: ELIGIBLE (Price 767.17 > SMA 741.07). Distance: 3.52% | Threshold: > 0%
2026-02-25 15:18:02,103 - US_ETF_Swing_Strategy - INFO - strategyLogger:108 - [L1][execution] [2025-12-29] SLOTS: 4 Occupied / 4 Total
2026-02-25 15:18:02,111 - US_ETF_Swing_Strategy - INFO - strategyLogger:108 - [L1][signal] [2025-12-29] GLD: ELIGIBLE (Price 398.60 > SMA 360.30). Distance: 10.63% | Threshold: > 0%
2026-02-25 15:18:02,113 - US_ETF_Swing_Strategy - INFO - strategyLogger:108 - [L1][signal] [2025-12-29] IWM: ELIGIBLE (Price 249.88 > SMA 241.60). Distance: 3.43% | Threshold: > 0%
2026-02-25 15:18:02,117 - US_ETF_Swing_Strategy - INFO - strategyLogger:108 - [L1][signal] [2025-12-29] SLV: ELIGIBLE (Price 66.01 > SMA 44.79). Distance: 47.38% | Threshold: > 0%
2026-02-25 15:18:02,118 - US_ETF_Swing_Strategy - INFO - strategyLogger:108 - [L1][signal] [2025-12-29] QQQ: ELIGIBLE (Price 620.87 > SMA 601.35). Distance: 3.25% | Threshold: > 0%
2026-02-25 15:18:02,125 - US_ETF_Swing_Strategy - INFO - strategyLogger:108 - [L1][signal] [2025-12-29] VGT: ELIGIBLE (Price 763.10 > SMA 741.78). Distance: 2.87% | Threshold: > 0%
2026-02-25 15:18:02,128 - US_ETF_Swing_Strategy - INFO - strategyLogger:108 - [L1][execution] [2025-12-30] SLOTS: 4 Occupied / 4 Total
2026-02-25 15:18:02,134 - US_ETF_Swing_Strategy - INFO - strategyLogger:108 - [L1][signal] [2025-12-30] GLD: ELIGIBLE (Price 398.89 > SMA 361.16). Distance: 10.45% | Threshold: > 0%
2026-02-25 15:18:02,139 - US_ETF_Swing_Strategy - INFO - strategyLogger:108 - [L1][signal] [2025-12-30] IWM: ELIGIBLE (Price 248.03 > SMA 241.88). Distance: 2.54% | Threshold: > 0%
2026-02-25 15:18:02,142 - US_ETF_Swing_Strategy - INFO - strategyLogger:108 - [L1][signal] [2025-12-30] SLV: ELIGIBLE (Price 68.98 > SMA 45.13). Distance: 52.84% | Threshold: > 0%
2026-02-25 15:18:02,145 - US_ETF_Swing_Strategy - INFO - strategyLogger:108 - [L1][signal] [2025-12-30] QQQ: ELIGIBLE (Price 619.43 > SMA 601.85). Distance: 2.92% | Threshold: > 0%
2026-02-25 15:18:02,147 - US_ETF_Swing_Strategy - INFO - strategyLogger:108 - [L1][signal] [2025-12-30] VGT: ELIGIBLE (Price 760.89 > SMA 742.46). Distance: 2.48% | Threshold: > 0%
2026-02-25 15:18:02,150 - US_ETF_Swing_Strategy - INFO - strategyLogger:108 - [L1][execution] [2025-12-31] SLOTS: 4 Occupied / 4 Total
2026-02-25 15:18:02,157 - US_ETF_Swing_Strategy - INFO - strategyLogger:108 - [L1][signal] [2025-12-31] GLD: ELIGIBLE (Price 396.31 > SMA 361.99). Distance: 9.48% | Threshold: > 0%
2026-02-25 15:18:02,160 - US_ETF_Swing_Strategy - INFO - strategyLogger:108 - [L1][signal] [2025-12-31] IWM: ELIGIBLE (Price 246.16 > SMA 242.14). Distance: 1.66% | Threshold: > 0%
2026-02-25 15:18:02,163 - US_ETF_Swing_Strategy - INFO - strategyLogger:108 - [L1][signal] [2025-12-31] SLV: ELIGIBLE (Price 64.42 > SMA 45.43). Distance: 41.81% | Threshold: > 0%
2026-02-25 15:18:02,165 - US_ETF_Swing_Strategy - INFO - strategyLogger:108 - [L1][signal] [2025-12-31] QQQ: ELIGIBLE (Price 614.31 > SMA 602.25). Distance: 2.00% | Threshold: > 0%
2026-02-25 15:18:02,167 - US_ETF_Swing_Strategy - INFO - strategyLogger:108 - [L1][signal] [2025-12-31] VGT: ELIGIBLE (Price 753.78 > SMA 743.00). Distance: 1.45% | Threshold: > 0%
2026-02-25 15:18:02,173 - US_ETF_Swing_Strategy - INFO - strategyLogger:108 - [L1][execution] [2026-01-02] SLOTS: 4 Occupied / 4 Total
2026-02-25 15:18:02,178 - US_ETF_Swing_Strategy - INFO - strategyLogger:108 - [L1][signal] [2026-01-02] GLD: ELIGIBLE (Price 398.28 > SMA 362.89). Distance: 9.75% | Threshold: > 0%
2026-02-25 15:18:02,181 - US_ETF_Swing_Strategy - INFO - strategyLogger:108 - [L1][signal] [2026-01-02] IWM: ELIGIBLE (Price 248.78 > SMA 242.42). Distance: 2.62% | Threshold: > 0%
2026-02-25 15:18:02,184 - US_ETF_Swing_Strategy - INFO - strategyLogger:108 - [L1][signal] [2026-01-02] SLV: ELIGIBLE (Price 65.75 > SMA 45.74). Distance: 43.74% | Threshold: > 0%
2026-02-25 15:18:02,187 - US_ETF_Swing_Strategy - INFO - strategyLogger:108 - [L1][signal] [2026-01-02] QQQ: ELIGIBLE (Price 613.12 > SMA 602.65). Distance: 1.74% | Threshold: > 0%
2026-02-25 15:18:02,192 - US_ETF_Swing_Strategy - INFO - strategyLogger:108 - [L1][signal] [2026-01-02] VGT: ELIGIBLE (Price 755.98 > SMA 743.61). Distance: 1.66% | Threshold: > 0%
2026-02-25 15:18:02,194 - US_ETF_Swing_Strategy - INFO - strategyLogger:108 - [L1][execution] [2026-01-05] SLOTS: 4 Occupied / 4 Total
2026-02-25 15:18:02,199 - US_ETF_Swing_Strategy - INFO - strategyLogger:108 - [L1][signal] [2026-01-05] GLD: ELIGIBLE (Price 408.76 > SMA 363.89). Distance: 12.33% | Threshold: > 0%
2026-02-25 15:18:02,202 - US_ETF_Swing_Strategy - INFO - strategyLogger:108 - [L1][signal] [2026-01-05] IWM: ELIGIBLE (Price 252.73 > SMA 242.68). Distance: 4.14% | Threshold: > 0%
2026-02-25 15:18:02,207 - US_ETF_Swing_Strategy - INFO - strategyLogger:108 - [L1][signal] [2026-01-05] SLV: ELIGIBLE (Price 69.08 > SMA 46.09). Distance: 49.88% | Threshold: > 0%
2026-02-25 15:18:02,210 - US_ETF_Swing_Strategy - INFO - strategyLogger:108 - [L1][signal] [2026-01-05] QQQ: ELIGIBLE (Price 617.99 > SMA 603.03). Distance: 2.48% | Threshold: > 0%
2026-02-25 15:18:02,212 - US_ETF_Swing_Strategy - INFO - strategyLogger:108 - [L1][signal] [2026-01-05] VGT: ELIGIBLE (Price 757.42 > SMA 744.12). Distance: 1.79% | Threshold: > 0%
2026-02-25 15:18:02,214 - US_ETF_Swing_Strategy - INFO - strategyLogger:108 - [L1][execution] [2026-01-06] SLOTS: 4 Occupied / 4 Total
2026-02-25 15:18:02,217 - US_ETF_Swing_Strategy - INFO - strategyLogger:108 - [L1][signal] [2026-01-06] GLD: ELIGIBLE (Price 413.18 > SMA 364.93). Distance: 13.22% | Threshold: > 0%
2026-02-25 15:18:02,221 - US_ETF_Swing_Strategy - INFO - strategyLogger:108 - [L1][signal] [2026-01-06] IWM: ELIGIBLE (Price 256.08 > SMA 242.93). Distance: 5.41% | Threshold: > 0%
2026-02-25 15:18:02,223 - US_ETF_Swing_Strategy - INFO - strategyLogger:108 - [L1][signal] [2026-01-06] SLV: ELIGIBLE (Price 73.71 > SMA 46.48). Distance: 58.60% | Threshold: > 0%
2026-02-25 15:18:02,226 - US_ETF_Swing_Strategy - INFO - strategyLogger:108 - [L1][signal] [2026-01-06] QQQ: ELIGIBLE (Price 623.42 > SMA 603.46). Distance: 3.31% | Threshold: > 0%
2026-02-25 15:18:02,227 - US_ETF_Swing_Strategy - INFO - strategyLogger:108 - [L1][signal] [2026-01-06] VGT: ELIGIBLE (Price 766.49 > SMA 744.72). Distance: 2.92% | Threshold: > 0%
2026-02-25 15:18:02,228 - US_ETF_Swing_Strategy - INFO - strategyLogger:108 - [L1][execution] [2026-01-07] SLOTS: 4 Occupied / 4 Total
2026-02-25 15:18:02,233 - US_ETF_Swing_Strategy - INFO - strategyLogger:108 - [L1][signal] [2026-01-07] GLD: ELIGIBLE (Price 409.23 > SMA 365.95). Distance: 11.83% | Threshold: > 0%
2026-02-25 15:18:02,235 - US_ETF_Swing_Strategy - INFO - strategyLogger:108 - [L1][signal] [2026-01-07] IWM: ELIGIBLE (Price 255.48 > SMA 243.20). Distance: 5.05% | Threshold: > 0%
2026-02-25 15:18:02,239 - US_ETF_Swing_Strategy - INFO - strategyLogger:108 - [L1][signal] [2026-01-07] SLV: ELIGIBLE (Price 70.96 > SMA 46.84). Distance: 51.49% | Threshold: > 0%
2026-02-25 15:18:02,242 - US_ETF_Swing_Strategy - INFO - strategyLogger:108 - [L1][signal] [2026-01-07] QQQ: ELIGIBLE (Price 624.02 > SMA 603.90). Distance: 3.33% | Threshold: > 0%
2026-02-25 15:18:02,244 - US_ETF_Swing_Strategy - INFO - strategyLogger:108 - [L1][signal] [2026-01-07] VGT: ELIGIBLE (Price 766.10 > SMA 745.33). Distance: 2.79% | Threshold: > 0%
2026-02-25 15:18:02,246 - US_ETF_Swing_Strategy - INFO - strategyLogger:108 - [L1][execution] [2026-01-08] SLOTS: 4 Occupied / 4 Total
2026-02-25 15:18:02,251 - US_ETF_Swing_Strategy - INFO - strategyLogger:108 - [L1][signal] [2026-01-08] GLD: ELIGIBLE (Price 411.49 > SMA 366.99). Distance: 12.13% | Threshold: > 0%
2026-02-25 15:18:02,258 - US_ETF_Swing_Strategy - INFO - strategyLogger:108 - [L1][signal] [2026-01-08] IWM: ELIGIBLE (Price 258.27 > SMA 243.51). Distance: 6.06% | Threshold: > 0%
2026-02-25 15:18:02,260 - US_ETF_Swing_Strategy - INFO - strategyLogger:108 - [L1][signal] [2026-01-08] SLV: ELIGIBLE (Price 69.71 > SMA 47.19). Distance: 47.71% | Threshold: > 0%
2026-02-25 15:18:02,263 - US_ETF_Swing_Strategy - INFO - strategyLogger:108 - [L1][signal] [2026-01-08] QQQ: ELIGIBLE (Price 620.47 > SMA 604.33). Distance: 2.67% | Threshold: > 0%
2026-02-25 15:18:02,267 - US_ETF_Swing_Strategy - INFO - strategyLogger:108 - [L1][signal] [2026-01-08] VGT: ELIGIBLE (Price 754.81 > SMA 745.88). Distance: 1.20% | Threshold: > 0%
2026-02-25 15:18:02,270 - US_ETF_Swing_Strategy - INFO - strategyLogger:108 - [L1][execution] [2026-01-09] SLOTS: 4 Occupied / 4 Total
2026-02-25 15:18:02,276 - US_ETF_Swing_Strategy - INFO - strategyLogger:108 - [L1][signal] [2026-01-09] GLD: ELIGIBLE (Price 414.47 > SMA 368.07). Distance: 12.61% | Threshold: > 0%
2026-02-25 15:18:02,279 - US_ETF_Swing_Strategy - INFO - strategyLogger:108 - [L1][signal] [2026-01-09] IWM: ELIGIBLE (Price 260.23 > SMA 243.84). Distance: 6.72% | Threshold: > 0%
2026-02-25 15:18:02,282 - US_ETF_Swing_Strategy - INFO - strategyLogger:108 - [L1][signal] [2026-01-09] SLV: ELIGIBLE (Price 72.38 > SMA 47.57). Distance: 52.15% | Threshold: > 0%
2026-02-25 15:18:02,284 - US_ETF_Swing_Strategy - INFO - strategyLogger:108 - [L1][signal] [2026-01-09] QQQ: ELIGIBLE (Price 626.65 > SMA 604.83). Distance: 3.61% | Threshold: > 0%
2026-02-25 15:18:02,287 - US_ETF_Swing_Strategy - INFO - strategyLogger:108 - [L1][signal] [2026-01-09] VGT: ELIGIBLE (Price 761.96 > SMA 746.48). Distance: 2.07% | Threshold: > 0%
2026-02-25 15:18:02,291 - US_ETF_Swing_Strategy - INFO - strategyLogger:108 - [L1][execution] [2026-01-12] SLOTS: 4 Occupied / 4 Total
2026-02-25 15:18:02,295 - US_ETF_Swing_Strategy - INFO - strategyLogger:108 - [L1][signal] [2026-01-12] GLD: ELIGIBLE (Price 422.23 > SMA 369.24). Distance: 14.35% | Threshold: > 0%
2026-02-25 15:18:02,300 - US_ETF_Swing_Strategy - INFO - strategyLogger:108 - [L1][signal] [2026-01-12] IWM: ELIGIBLE (Price 261.50 > SMA 244.19). Distance: 7.09% | Threshold: > 0%
2026-02-25 15:18:02,303 - US_ETF_Swing_Strategy - INFO - strategyLogger:108 - [L1][signal] [2026-01-12] SLV: ELIGIBLE (Price 77.23 > SMA 48.01). Distance: 60.88% | Threshold: > 0%
2026-02-25 15:18:02,310 - US_ETF_Swing_Strategy - INFO - strategyLogger:108 - [L1][signal] [2026-01-12] QQQ: ELIGIBLE (Price 627.17 > SMA 605.41). Distance: 3.59% | Threshold: > 0%
2026-02-25 15:18:02,313 - US_ETF_Swing_Strategy - INFO - strategyLogger:108 - [L1][signal] [2026-01-12] VGT: ELIGIBLE (Price 765.51 > SMA 747.24). Distance: 2.44% | Threshold: > 0%
2026-02-25 15:18:02,315 - US_ETF_Swing_Strategy - INFO - strategyLogger:108 - [L1][execution] [2026-01-13] SLOTS: 4 Occupied / 4 Total
2026-02-25 15:18:02,323 - US_ETF_Swing_Strategy - INFO - strategyLogger:108 - [L1][signal] [2026-01-13] GLD: ELIGIBLE (Price 421.63 > SMA 370.37). Distance: 13.84% | Threshold: > 0%
2026-02-25 15:18:02,326 - US_ETF_Swing_Strategy - INFO - strategyLogger:108 - [L1][signal] [2026-01-13] IWM: ELIGIBLE (Price 261.35 > SMA 244.55). Distance: 6.87% | Threshold: > 0%
2026-02-25 15:18:02,329 - US_ETF_Swing_Strategy - INFO - strategyLogger:108 - [L1][signal] [2026-01-13] SLV: ELIGIBLE (Price 78.60 > SMA 48.45). Distance: 62.24% | Threshold: > 0%
2026-02-25 15:18:02,332 - US_ETF_Swing_Strategy - INFO - strategyLogger:108 - [L1][signal] [2026-01-13] QQQ: ELIGIBLE (Price 626.24 > SMA 606.01). Distance: 3.34% | Threshold: > 0%
2026-02-25 15:18:02,335 - US_ETF_Swing_Strategy - INFO - strategyLogger:108 - [L1][signal] [2026-01-13] VGT: ELIGIBLE (Price 764.41 > SMA 748.05). Distance: 2.19% | Threshold: > 0%
2026-02-25 15:18:02,341 - US_ETF_Swing_Strategy - INFO - strategyLogger:108 - [L1][execution] [2026-01-14] SLOTS: 4 Occupied / 4 Total
2026-02-25 15:18:02,345 - US_ETF_Swing_Strategy - INFO - strategyLogger:108 - [L1][signal] [2026-01-14] GLD: ELIGIBLE (Price 425.94 > SMA 371.55). Distance: 14.64% | Threshold: > 0%
2026-02-25 15:18:02,348 - US_ETF_Swing_Strategy - INFO - strategyLogger:108 - [L1][signal] [2026-01-14] IWM: ELIGIBLE (Price 263.19 > SMA 244.92). Distance: 7.46% | Threshold: > 0%
2026-02-25 15:18:02,350 - US_ETF_Swing_Strategy - INFO - strategyLogger:108 - [L1][signal] [2026-01-14] SLV: ELIGIBLE (Price 84.56 > SMA 48.95). Distance: 72.76% | Threshold: > 0%
2026-02-25 15:18:02,353 - US_ETF_Swing_Strategy - INFO - strategyLogger:108 - [L1][signal] [2026-01-14] QQQ: ELIGIBLE (Price 619.55 > SMA 606.57). Distance: 2.14% | Threshold: > 0%
2026-02-25 15:18:02,358 - US_ETF_Swing_Strategy - INFO - strategyLogger:108 - [L1][signal] [2026-01-14] VGT: ELIGIBLE (Price 755.28 > SMA 748.78). Distance: 0.87% | Threshold: > 0%
2026-02-25 15:18:02,360 - US_ETF_Swing_Strategy - INFO - strategyLogger:108 - [L1][execution] [2026-01-15] SLOTS: 4 Occupied / 4 Total
2026-02-25 15:18:02,363 - US_ETF_Swing_Strategy - INFO - strategyLogger:108 - [L1][signal] [2026-01-15] GLD: ELIGIBLE (Price 423.33 > SMA 372.68). Distance: 13.59% | Threshold: > 0%
2026-02-25 15:18:02,369 - US_ETF_Swing_Strategy - INFO - strategyLogger:108 - [L1][signal] [2026-01-15] IWM: ELIGIBLE (Price 265.51 > SMA 245.23). Distance: 8.27% | Threshold: > 0%
2026-02-25 15:18:02,376 - US_ETF_Swing_Strategy - INFO - strategyLogger:108 - [L1][signal] [2026-01-15] SLV: ELIGIBLE (Price 83.32 > SMA 49.43). Distance: 68.57% | Threshold: > 0%
2026-02-25 15:18:02,382 - US_ETF_Swing_Strategy - INFO - strategyLogger:108 - [L1][signal] [2026-01-15] QQQ: ELIGIBLE (Price 621.78 > SMA 607.07). Distance: 2.42% | Threshold: > 0%
2026-02-25 15:18:02,390 - US_ETF_Swing_Strategy - INFO - strategyLogger:108 - [L1][signal] [2026-01-15] VGT: ELIGIBLE (Price 759.35 > SMA 749.43). Distance: 1.32% | Threshold: > 0%
2026-02-25 15:18:02,394 - US_ETF_Swing_Strategy - INFO - strategyLogger:108 - [L1][execution] [2026-01-16] SLOTS: 4 Occupied / 4 Total
2026-02-25 15:18:02,401 - US_ETF_Swing_Strategy - INFO - strategyLogger:108 - [L1][signal] [2026-01-16] GLD: ELIGIBLE (Price 421.29 > SMA 373.80). Distance: 12.71% | Threshold: > 0%
2026-02-25 15:18:02,408 - US_ETF_Swing_Strategy - INFO - strategyLogger:108 - [L1][signal] [2026-01-16] IWM: ELIGIBLE (Price 265.76 > SMA 245.56). Distance: 8.23% | Threshold: > 0%
2026-02-25 15:18:02,411 - US_ETF_Swing_Strategy - INFO - strategyLogger:108 - [L1][signal] [2026-01-16] SLV: ELIGIBLE (Price 81.02 > SMA 49.89). Distance: 62.41% | Threshold: > 0%
2026-02-25 15:18:02,412 - US_ETF_Swing_Strategy - INFO - strategyLogger:108 - [L1][signal] [2026-01-16] QQQ: ELIGIBLE (Price 621.26 > SMA 607.58). Distance: 2.25% | Threshold: > 0%
2026-02-25 15:18:02,415 - US_ETF_Swing_Strategy - INFO - strategyLogger:108 - [L1][signal] [2026-01-16] VGT: ELIGIBLE (Price 758.95 > SMA 750.10). Distance: 1.18% | Threshold: > 0%
2026-02-25 15:18:02,418 - US_ETF_Swing_Strategy - INFO - strategyLogger:108 - [L1][execution] [2026-01-20] SLOTS: 4 Occupied / 4 Total
2026-02-25 15:18:02,427 - US_ETF_Swing_Strategy - INFO - strategyLogger:108 - [L1][signal] [2026-01-20] GLD: ELIGIBLE (Price 437.23 > SMA 375.05). Distance: 16.58% | Threshold: > 0%
2026-02-25 15:18:02,429 - US_ETF_Swing_Strategy - INFO - strategyLogger:108 - [L1][signal] [2026-01-20] IWM: ELIGIBLE (Price 262.58 > SMA 245.84). Distance: 6.81% | Threshold: > 0%
2026-02-25 15:18:02,431 - US_ETF_Swing_Strategy - INFO - strategyLogger:108 - [L1][signal] [2026-01-20] SLV: ELIGIBLE (Price 85.39 > SMA 50.39). Distance: 69.46% | Threshold: > 0%
2026-02-25 15:18:02,434 - US_ETF_Swing_Strategy - INFO - strategyLogger:108 - [L1][signal] [2026-01-20] QQQ: ELIGIBLE (Price 608.06 > SMA 607.93). Distance: 0.02% | Threshold: > 0%
2026-02-25 15:18:02,441 - US_ETF_Swing_Strategy - INFO - strategyLogger:108 - [L1][execution] [2026-01-21] SLOTS: 4 Occupied / 4 Total
2026-02-25 15:18:02,447 - US_ETF_Swing_Strategy - INFO - strategyLogger:108 - [L1][signal] [2026-01-21] GLD: ELIGIBLE (Price 443.60 > SMA 376.36). Distance: 17.87% | Threshold: > 0%
2026-02-25 15:18:02,450 - US_ETF_Swing_Strategy - INFO - strategyLogger:108 - [L1][signal] [2026-01-21] IWM: ELIGIBLE (Price 267.79 > SMA 246.16). Distance: 8.79% | Threshold: > 0%
2026-02-25 15:18:02,454 - US_ETF_Swing_Strategy - INFO - strategyLogger:108 - [L1][signal] [2026-01-21] SLV: ELIGIBLE (Price 83.96 > SMA 50.88). Distance: 65.02% | Threshold: > 0%
2026-02-25 15:18:02,458 - US_ETF_Swing_Strategy - INFO - strategyLogger:108 - [L1][signal] [2026-01-21] QQQ: ELIGIBLE (Price 616.28 > SMA 608.36). Distance: 1.30% | Threshold: > 0%
2026-02-25 15:18:02,462 - US_ETF_Swing_Strategy - INFO - strategyLogger:108 - [L1][execution] [2026-01-22] SLOTS: 4 Occupied / 4 Total
2026-02-25 15:18:02,467 - US_ETF_Swing_Strategy - INFO - strategyLogger:108 - [L1][signal] [2026-01-22] GLD: ELIGIBLE (Price 451.79 > SMA 377.72). Distance: 19.61% | Threshold: > 0%
2026-02-25 15:18:02,471 - US_ETF_Swing_Strategy - INFO - strategyLogger:108 - [L1][signal] [2026-01-22] IWM: ELIGIBLE (Price 269.79 > SMA 246.50). Distance: 9.45% | Threshold: > 0%
2026-02-25 15:18:02,474 - US_ETF_Swing_Strategy - INFO - strategyLogger:108 - [L1][signal] [2026-01-22] SLV: ELIGIBLE (Price 87.13 > SMA 51.40). Distance: 69.53% | Threshold: > 0%
2026-02-25 15:18:02,477 - US_ETF_Swing_Strategy - INFO - strategyLogger:108 - [L1][signal] [2026-01-22] QQQ: ELIGIBLE (Price 620.76 > SMA 608.80). Distance: 1.96% | Threshold: > 0%
2026-02-25 15:18:02,480 - US_ETF_Swing_Strategy - INFO - strategyLogger:108 - [L1][signal] [2026-01-22] VGT: ELIGIBLE (Price 754.25 > SMA 751.47). Distance: 0.37% | Threshold: > 0%
2026-02-25 15:18:02,482 - US_ETF_Swing_Strategy - INFO - strategyLogger:108 - [L1][execution] [2026-01-23] SLOTS: 4 Occupied / 4 Total
2026-02-25 15:18:02,492 - US_ETF_Swing_Strategy - INFO - strategyLogger:108 - [L1][signal] [2026-01-23] GLD: ELIGIBLE (Price 458.00 > SMA 379.12). Distance: 20.80% | Threshold: > 0%
2026-02-25 15:18:02,494 - US_ETF_Swing_Strategy - INFO - strategyLogger:108 - [L1][signal] [2026-01-23] IWM: ELIGIBLE (Price 264.81 > SMA 246.79). Distance: 7.30% | Threshold: > 0%
2026-02-25 15:18:02,497 - US_ETF_Swing_Strategy - INFO - strategyLogger:108 - [L1][signal] [2026-01-23] SLV: ELIGIBLE (Price 92.91 > SMA 51.96). Distance: 78.80% | Threshold: > 0%
2026-02-25 15:18:02,499 - US_ETF_Swing_Strategy - INFO - strategyLogger:108 - [L1][signal] [2026-01-23] QQQ: ELIGIBLE (Price 622.72 > SMA 609.32). Distance: 2.20% | Threshold: > 0%
2026-02-25 15:18:02,501 - US_ETF_Swing_Strategy - INFO - strategyLogger:108 - [L1][signal] [2026-01-23] VGT: ELIGIBLE (Price 754.99 > SMA 752.05). Distance: 0.39% | Threshold: > 0%
2026-02-25 15:18:02,506 - US_ETF_Swing_Strategy - INFO - strategyLogger:108 - [L1][execution] [2026-01-26] SLOTS: 4 Occupied / 4 Total
2026-02-25 15:18:02,512 - US_ETF_Swing_Strategy - INFO - strategyLogger:108 - [L1][signal] [2026-01-26] GLD: ELIGIBLE (Price 464.70 > SMA 380.51). Distance: 22.12% | Threshold: > 0%
2026-02-25 15:18:02,515 - US_ETF_Swing_Strategy - INFO - strategyLogger:108 - [L1][signal] [2026-01-26] IWM: ELIGIBLE (Price 263.98 > SMA 247.10). Distance: 6.83% | Threshold: > 0%
2026-02-25 15:18:02,517 - US_ETF_Swing_Strategy - INFO - strategyLogger:108 - [L1][signal] [2026-01-26] SLV: ELIGIBLE (Price 98.34 > SMA 52.57). Distance: 87.05% | Threshold: > 0%
2026-02-25 15:18:02,523 - US_ETF_Swing_Strategy - INFO - strategyLogger:108 - [L1][signal] [2026-01-26] QQQ: ELIGIBLE (Price 625.46 > SMA 609.92). Distance: 2.55% | Threshold: > 0%
2026-02-25 15:18:02,525 - US_ETF_Swing_Strategy - INFO - strategyLogger:108 - [L1][signal] [2026-01-26] VGT: ELIGIBLE (Price 760.43 > SMA 752.75). Distance: 1.02% | Threshold: > 0%
2026-02-25 15:18:02,528 - US_ETF_Swing_Strategy - INFO - strategyLogger:108 - [L1][execution] [2026-01-27] SLOTS: 4 Occupied / 4 Total
2026-02-25 15:18:02,532 - US_ETF_Swing_Strategy - INFO - strategyLogger:108 - [L1][signal] [2026-01-27] GLD: ELIGIBLE (Price 476.10 > SMA 381.99). Distance: 24.64% | Threshold: > 0%
2026-02-25 15:18:02,535 - US_ETF_Swing_Strategy - INFO - strategyLogger:108 - [L1][signal] [2026-01-27] IWM: ELIGIBLE (Price 264.73 > SMA 247.41). Distance: 7.00% | Threshold: > 0%
2026-02-25 15:18:02,539 - US_ETF_Swing_Strategy - INFO - strategyLogger:108 - [L1][signal] [2026-01-27] SLV: ELIGIBLE (Price 101.59 > SMA 53.22). Distance: 90.90% | Threshold: > 0%
2026-02-25 15:18:02,542 - US_ETF_Swing_Strategy - INFO - strategyLogger:108 - [L1][signal] [2026-01-27] QQQ: ELIGIBLE (Price 631.13 > SMA 610.53). Distance: 3.37% | Threshold: > 0%
2026-02-25 15:18:02,544 - US_ETF_Swing_Strategy - INFO - strategyLogger:108 - [L1][signal] [2026-01-27] VGT: ELIGIBLE (Price 769.90 > SMA 753.52). Distance: 2.17% | Threshold: > 0%
2026-02-25 15:18:02,545 - US_ETF_Swing_Strategy - INFO - strategyLogger:108 - [L1][execution] [2026-01-28] SLOTS: 4 Occupied / 4 Total
2026-02-25 15:18:02,550 - US_ETF_Swing_Strategy - INFO - strategyLogger:108 - [L1][signal] [2026-01-28] GLD: ELIGIBLE (Price 494.56 > SMA 383.67). Distance: 28.90% | Threshold: > 0%
2026-02-25 15:18:02,552 - US_ETF_Swing_Strategy - INFO - strategyLogger:108 - [L1][signal] [2026-01-28] IWM: ELIGIBLE (Price 263.30 > SMA 247.67). Distance: 6.31% | Threshold: > 0%
2026-02-25 15:18:02,557 - US_ETF_Swing_Strategy - INFO - strategyLogger:108 - [L1][signal] [2026-01-28] SLV: ELIGIBLE (Price 105.60 > SMA 53.90). Distance: 95.90% | Threshold: > 0%
2026-02-25 15:18:02,558 - US_ETF_Swing_Strategy - INFO - strategyLogger:108 - [L1][signal] [2026-01-28] QQQ: ELIGIBLE (Price 633.22 > SMA 611.11). Distance: 3.62% | Threshold: > 0%
2026-02-25 15:18:02,561 - US_ETF_Swing_Strategy - INFO - strategyLogger:108 - [L1][signal] [2026-01-28] VGT: ELIGIBLE (Price 775.18 > SMA 754.30). Distance: 2.77% | Threshold: > 0%
2026-02-25 15:18:02,563 - US_ETF_Swing_Strategy - INFO - strategyLogger:108 - [L1][execution] [2026-01-29] SLOTS: 4 Occupied / 4 Total
2026-02-25 15:18:02,570 - US_ETF_Swing_Strategy - INFO - strategyLogger:108 - [L1][signal] [2026-01-29] GLD: ELIGIBLE (Price 495.90 > SMA 385.32). Distance: 28.70% | Threshold: > 0%
2026-02-25 15:18:02,574 - US_ETF_Swing_Strategy - INFO - strategyLogger:108 - [L1][signal] [2026-01-29] IWM: ELIGIBLE (Price 263.37 > SMA 247.93). Distance: 6.23% | Threshold: > 0%
2026-02-25 15:18:02,576 - US_ETF_Swing_Strategy - INFO - strategyLogger:108 - [L1][signal] [2026-01-29] SLV: ELIGIBLE (Price 105.57 > SMA 54.59). Distance: 93.39% | Threshold: > 0%
2026-02-25 15:18:02,578 - US_ETF_Swing_Strategy - INFO - strategyLogger:108 - [L1][signal] [2026-01-29] QQQ: ELIGIBLE (Price 629.43 > SMA 611.65). Distance: 2.91% | Threshold: > 0%
2026-02-25 15:18:02,581 - US_ETF_Swing_Strategy - INFO - strategyLogger:108 - [L1][signal] [2026-01-29] VGT: ELIGIBLE (Price 760.80 > SMA 754.92). Distance: 0.78% | Threshold: > 0%
2026-02-25 15:18:02,584 - US_ETF_Swing_Strategy - INFO - strategyLogger:108 - [L1][execution] [2026-01-30] SLOTS: 4 Occupied / 4 Total
2026-02-25 15:18:02,591 - US_ETF_Swing_Strategy - INFO - strategyLogger:108 - [L1][signal] [2026-01-30] GLD: ELIGIBLE (Price 444.95 > SMA 386.42). Distance: 15.15% | Threshold: > 0%
2026-02-25 15:18:02,594 - US_ETF_Swing_Strategy - INFO - strategyLogger:108 - [L1][signal] [2026-01-30] IWM: ELIGIBLE (Price 259.65 > SMA 248.14). Distance: 4.64% | Threshold: > 0%
2026-02-25 15:18:02,597 - US_ETF_Swing_Strategy - INFO - strategyLogger:108 - [L1][signal] [2026-01-30] SLV: ELIGIBLE (Price 75.44 > SMA 54.97). Distance: 37.25% | Threshold: > 0%
2026-02-25 15:18:02,600 - US_ETF_Swing_Strategy - INFO - strategyLogger:108 - [L1][signal] [2026-01-30] QQQ: ELIGIBLE (Price 621.87 > SMA 612.08). Distance: 1.60% | Threshold: > 0%
2026-02-25 15:18:02,608 - US_ETF_Swing_Strategy - INFO - strategyLogger:108 - [L1][execution] [2026-02-02] SLOTS: 4 Occupied / 4 Total
2026-02-25 15:18:02,614 - US_ETF_Swing_Strategy - INFO - strategyLogger:108 - [L1][signal] [2026-02-02] GLD: ELIGIBLE (Price 427.13 > SMA 387.35). Distance: 10.27% | Threshold: > 0%
2026-02-25 15:18:02,616 - US_ETF_Swing_Strategy - INFO - strategyLogger:108 - [L1][signal] [2026-02-02] IWM: ELIGIBLE (Price 262.18 > SMA 248.40). Distance: 5.55% | Threshold: > 0%
2026-02-25 15:18:02,619 - US_ETF_Swing_Strategy - INFO - strategyLogger:108 - [L1][signal] [2026-02-02] SLV: ELIGIBLE (Price 72.44 > SMA 55.32). Distance: 30.95% | Threshold: > 0%
2026-02-25 15:18:02,623 - US_ETF_Swing_Strategy - INFO - strategyLogger:108 - [L1][signal] [2026-02-02] QQQ: ELIGIBLE (Price 626.14 > SMA 612.53). Distance: 2.22% | Threshold: > 0%
2026-02-25 15:18:02,626 - US_ETF_Swing_Strategy - INFO - strategyLogger:108 - [L1][execution] [2026-02-03] SLOTS: 4 Occupied / 4 Total
2026-02-25 15:18:02,628 - US_ETF_Swing_Strategy - INFO - strategyLogger:108 - [L1][execution] PROFIT EXIT TRIGGERED: QQQ at 605.75 (Profit: 17.49%)
2026-02-25 15:18:02,629 - US_ETF_Swing_Strategy - INFO - strategyLogger:108 - [L1][execution] [2026-02-04] [EXIT - SELL] Sold QQQ. Qty: 4.9432, Price: $605.75, Buy Price: $515.59, PnL: $445.68 (17.49%)
2026-02-25 15:18:02,630 - US_ETF_Swing_Strategy - INFO - strategyLogger:108 - [L1][execution] Transaction Costs for QQQ (SELL): Brokerage=$5.99, Taxes=$0.00, Total Costs=$5.99. Net Proceeds: $2,988.35
2026-02-25 15:18:02,633 - US_ETF_Swing_Strategy - INFO - strategyLogger:108 - [L1][signal] [2026-02-03] GLD: ELIGIBLE (Price 454.29 > SMA 388.54). Distance: 16.92% | Threshold: > 0%
2026-02-25 15:18:02,635 - US_ETF_Swing_Strategy - INFO - strategyLogger:108 - [L1][signal] [2026-02-03] IWM: ELIGIBLE (Price 262.78 > SMA 248.66). Distance: 5.68% | Threshold: > 0%
2026-02-25 15:18:02,641 - US_ETF_Swing_Strategy - INFO - strategyLogger:108 - [L1][signal] [2026-02-03] SLV: ELIGIBLE (Price 76.96 > SMA 55.72). Distance: 38.13% | Threshold: > 0%
2026-02-25 15:18:02,643 - US_ETF_Swing_Strategy - INFO - strategyLogger:108 - [L1][signal] [2026-02-03] QQQ: ELIGIBLE (Price 616.52 > SMA 612.89). Distance: 0.59% | Threshold: > 0%
2026-02-25 15:18:02,646 - US_ETF_Swing_Strategy - INFO - strategyLogger:108 - [L2][execution] RECALCULATING: Available Cash: $2,982.39. New Slot Capital: $2,982.39
2026-02-25 15:18:02,647 - US_ETF_Swing_Strategy - INFO - strategyLogger:108 - [L1][execution] [2026-02-04] SLOTS: 3 Occupied / 4 Total
2026-02-25 15:18:02,657 - US_ETF_Swing_Strategy - INFO - strategyLogger:108 - [L1][signal] [2026-02-04] GLD: ELIGIBLE (Price 453.97 > SMA 389.74). Distance: 16.48% | Threshold: > 0%
2026-02-25 15:18:02,660 - US_ETF_Swing_Strategy - INFO - strategyLogger:108 - [L1][signal] [2026-02-04] IWM: ELIGIBLE (Price 260.52 > SMA 248.86). Distance: 4.69% | Threshold: > 0%
2026-02-25 15:18:02,662 - US_ETF_Swing_Strategy - INFO - strategyLogger:108 - [L1][signal] [2026-02-04] SLV: ELIGIBLE (Price 79.18 > SMA 56.13). Distance: 41.07% | Threshold: > 0%
2026-02-25 15:18:02,667 - US_ETF_Swing_Strategy - INFO - strategyLogger:108 - [L1][execution] [2026-02-05] SLOTS: 3 Occupied / 4 Total
2026-02-25 15:18:02,679 - US_ETF_Swing_Strategy - INFO - strategyLogger:108 - [L1][signal] [2026-02-05] GLD: ELIGIBLE (Price 441.88 > SMA 390.80). Distance: 13.07% | Threshold: > 0%
2026-02-25 15:18:02,684 - US_ETF_Swing_Strategy - INFO - strategyLogger:108 - [L1][signal] [2026-02-05] IWM: ELIGIBLE (Price 255.83 > SMA 249.03). Distance: 2.73% | Threshold: > 0%
2026-02-25 15:18:02,691 - US_ETF_Swing_Strategy - INFO - strategyLogger:108 - [L1][signal] [2026-02-05] SLV: ELIGIBLE (Price 66.69 > SMA 56.41). Distance: 18.22% | Threshold: > 0%
2026-02-25 15:18:02,697 - US_ETF_Swing_Strategy - INFO - strategyLogger:108 - [L1][execution] [2026-02-06] SLOTS: 3 Occupied / 4 Total
2026-02-25 15:18:02,708 - US_ETF_Swing_Strategy - INFO - strategyLogger:108 - [L1][signal] [2026-02-06] GLD: ELIGIBLE (Price 455.46 > SMA 391.97). Distance: 16.20% | Threshold: > 0%
2026-02-25 15:18:02,711 - US_ETF_Swing_Strategy - INFO - strategyLogger:108 - [L1][signal] [2026-02-06] IWM: ELIGIBLE (Price 265.02 > SMA 249.29). Distance: 6.31% | Threshold: > 0%
2026-02-25 15:18:02,713 - US_ETF_Swing_Strategy - INFO - strategyLogger:108 - [L1][signal] [2026-02-06] SLV: ELIGIBLE (Price 70.19 > SMA 56.73). Distance: 23.73% | Threshold: > 0%
2026-02-25 15:18:02,721 - US_ETF_Swing_Strategy - INFO - strategyLogger:108 - [L1][execution] [2026-02-09] SLOTS: 3 Occupied / 4 Total
2026-02-25 15:18:02,725 - US_ETF_Swing_Strategy - INFO - strategyLogger:108 - [L1][signal] [2026-02-09] GLD: ELIGIBLE (Price 467.03 > SMA 393.24). Distance: 18.76% | Threshold: > 0%
2026-02-25 15:18:02,729 - US_ETF_Swing_Strategy - INFO - strategyLogger:108 - [L1][signal] [2026-02-09] IWM: ELIGIBLE (Price 266.88 > SMA 249.57). Distance: 6.93% | Threshold: > 0%
2026-02-25 15:18:02,731 - US_ETF_Swing_Strategy - INFO - strategyLogger:108 - [L1][signal] [2026-02-09] SLV: ELIGIBLE (Price 76.04 > SMA 57.10). Distance: 33.17% | Threshold: > 0%
2026-02-25 15:18:02,733 - US_ETF_Swing_Strategy - INFO - strategyLogger:108 - [L1][signal] [2026-02-09] QQQ: ELIGIBLE (Price 614.32 > SMA 613.62). Distance: 0.11% | Threshold: > 0%
2026-02-25 15:18:02,737 - US_ETF_Swing_Strategy - INFO - strategyLogger:108 - [L1][execution] [2026-02-10] [ENTRY - BUY] Bought QQQ. Qty: 4.8774, Price: $611.47, Amount: $2,982.38
2026-02-25 15:18:02,740 - US_ETF_Swing_Strategy - INFO - strategyLogger:108 - [L1][execution] Transaction Costs for QQQ (BUY): Brokerage=$5.96, Taxes=$0.00, Total Costs=$5.96. Net Outflow: $2,988.35
2026-02-25 15:18:02,742 - US_ETF_Swing_Strategy - INFO - strategyLogger:108 - [L1][execution] [2026-02-10] SLOTS: 4 Occupied / 4 Total
2026-02-25 15:18:02,745 - US_ETF_Swing_Strategy - INFO - strategyLogger:108 - [L3][signal] QQQ: Trend violated (Price < SMA) but Profit (0.27%) below threshold. Holding.
2026-02-25 15:18:02,748 - US_ETF_Swing_Strategy - INFO - strategyLogger:108 - [L1][signal] [2026-02-10] GLD: ELIGIBLE (Price 462.40 > SMA 394.49). Distance: 17.21% | Threshold: > 0%
2026-02-25 15:18:02,751 - US_ETF_Swing_Strategy - INFO - strategyLogger:108 - [L1][signal] [2026-02-10] IWM: ELIGIBLE (Price 266.16 > SMA 249.85). Distance: 6.53% | Threshold: > 0%
2026-02-25 15:18:02,758 - US_ETF_Swing_Strategy - INFO - strategyLogger:108 - [L1][signal] [2026-02-10] SLV: ELIGIBLE (Price 73.41 > SMA 57.46). Distance: 27.76% | Threshold: > 0%
2026-02-25 15:18:02,762 - US_ETF_Swing_Strategy - INFO - strategyLogger:108 - [L1][execution] [2026-02-11] SLOTS: 4 Occupied / 4 Total
2026-02-25 15:18:02,767 - US_ETF_Swing_Strategy - INFO - strategyLogger:108 - [L3][signal] QQQ: Trend violated (Price < SMA) but Profit (-1.77%) below threshold. Holding.
2026-02-25 15:18:02,774 - US_ETF_Swing_Strategy - INFO - strategyLogger:108 - [L1][signal] [2026-02-11] GLD: ELIGIBLE (Price 467.63 > SMA 395.81). Distance: 18.14% | Threshold: > 0%
2026-02-25 15:18:02,776 - US_ETF_Swing_Strategy - INFO - strategyLogger:108 - [L1][signal] [2026-02-11] IWM: ELIGIBLE (Price 264.95 > SMA 250.05). Distance: 5.96% | Threshold: > 0%
2026-02-25 15:18:02,778 - US_ETF_Swing_Strategy - INFO - strategyLogger:108 - [L1][signal] [2026-02-11] SLV: ELIGIBLE (Price 76.56 > SMA 57.84). Distance: 32.36% | Threshold: > 0%
2026-02-25 15:18:02,783 - US_ETF_Swing_Strategy - INFO - strategyLogger:108 - [L1][execution] [2026-02-12] SLOTS: 4 Occupied / 4 Total
2026-02-25 15:18:02,789 - US_ETF_Swing_Strategy - INFO - strategyLogger:108 - [L3][signal] QQQ: Trend violated (Price < SMA) but Profit (-1.56%) below threshold. Holding.
2026-02-25 15:18:02,792 - US_ETF_Swing_Strategy - INFO - strategyLogger:108 - [L1][signal] [2026-02-12] GLD: ELIGIBLE (Price 451.39 > SMA 396.94). Distance: 13.72% | Threshold: > 0%
2026-02-25 15:18:02,794 - US_ETF_Swing_Strategy - INFO - strategyLogger:108 - [L1][signal] [2026-02-12] IWM: ELIGIBLE (Price 259.54 > SMA 250.21). Distance: 3.73% | Threshold: > 0%
2026-02-25 15:18:02,796 - US_ETF_Swing_Strategy - INFO - strategyLogger:108 - [L1][signal] [2026-02-12] SLV: ELIGIBLE (Price 67.73 > SMA 58.13). Distance: 16.51% | Threshold: > 0%
2026-02-25 15:18:02,801 - US_ETF_Swing_Strategy - INFO - strategyLogger:108 - [L1][execution] [2026-02-13] SLOTS: 4 Occupied / 4 Total
2026-02-25 15:18:02,807 - US_ETF_Swing_Strategy - INFO - strategyLogger:108 - [L3][signal] QQQ: Trend violated (Price < SMA) but Profit (-1.66%) below threshold. Holding.
2026-02-25 15:18:02,810 - US_ETF_Swing_Strategy - INFO - strategyLogger:108 - [L1][signal] [2026-02-13] GLD: ELIGIBLE (Price 462.62 > SMA 398.11). Distance: 16.20% | Threshold: > 0%
2026-02-25 15:18:02,813 - US_ETF_Swing_Strategy - INFO - strategyLogger:108 - [L1][signal] [2026-02-13] IWM: ELIGIBLE (Price 262.96 > SMA 250.40). Distance: 5.02% | Threshold: > 0%
2026-02-25 15:18:02,815 - US_ETF_Swing_Strategy - INFO - strategyLogger:108 - [L1][signal] [2026-02-13] SLV: ELIGIBLE (Price 69.72 > SMA 58.43). Distance: 19.33% | Threshold: > 0%
2026-02-25 15:18:02,825 - US_ETF_Swing_Strategy - INFO - strategyLogger:108 - [L1][execution] [2026-02-17] SLOTS: 4 Occupied / 4 Total
2026-02-25 15:18:02,830 - US_ETF_Swing_Strategy - INFO - strategyLogger:108 - [L3][signal] QQQ: Trend violated (Price < SMA) but Profit (-0.93%) below threshold. Holding.
2026-02-25 15:18:02,833 - US_ETF_Swing_Strategy - INFO - strategyLogger:108 - [L1][signal] [2026-02-17] GLD: ELIGIBLE (Price 448.20 > SMA 399.13). Distance: 12.29% | Threshold: > 0%
2026-02-25 15:18:02,835 - US_ETF_Swing_Strategy - INFO - strategyLogger:108 - [L1][signal] [2026-02-17] IWM: ELIGIBLE (Price 263.04 > SMA 250.59). Distance: 4.97% | Threshold: > 0%
2026-02-25 15:18:02,842 - US_ETF_Swing_Strategy - INFO - strategyLogger:108 - [L1][signal] [2026-02-17] SLV: ELIGIBLE (Price 66.37 > SMA 58.69). Distance: 13.08% | Threshold: > 0%
2026-02-25 15:18:02,848 - US_ETF_Swing_Strategy - INFO - strategyLogger:108 - [L1][execution] [2026-02-18] SLOTS: 4 Occupied / 4 Total
2026-02-25 15:18:02,852 - US_ETF_Swing_Strategy - INFO - strategyLogger:108 - [L3][signal] QQQ: Trend violated (Price < SMA) but Profit (-1.31%) below threshold. Holding.
2026-02-25 15:18:02,856 - US_ETF_Swing_Strategy - INFO - strategyLogger:108 - [L1][signal] [2026-02-18] GLD: ELIGIBLE (Price 458.28 > SMA 400.28). Distance: 14.49% | Threshold: > 0%
2026-02-25 15:18:02,858 - US_ETF_Swing_Strategy - INFO - strategyLogger:108 - [L1][signal] [2026-02-18] IWM: ELIGIBLE (Price 263.99 > SMA 250.82). Distance: 5.25% | Threshold: > 0%
2026-02-25 15:18:02,861 - US_ETF_Swing_Strategy - INFO - strategyLogger:108 - [L1][signal] [2026-02-18] SLV: ELIGIBLE (Price 70.09 > SMA 58.99). Distance: 18.81% | Threshold: > 0%
2026-02-25 15:18:02,864 - US_ETF_Swing_Strategy - INFO - strategyLogger:108 - [L1][execution] [2026-02-19] SLOTS: 4 Occupied / 4 Total
2026-02-25 15:18:02,869 - US_ETF_Swing_Strategy - INFO - strategyLogger:108 - [L3][signal] QQQ: Trend violated (Price < SMA) but Profit (-0.44%) below threshold. Holding.
2026-02-25 15:18:02,874 - US_ETF_Swing_Strategy - INFO - strategyLogger:108 - [L1][signal] [2026-02-19] GLD: ELIGIBLE (Price 459.56 > SMA 401.43). Distance: 14.48% | Threshold: > 0%
2026-02-25 15:18:02,875 - US_ETF_Swing_Strategy - INFO - strategyLogger:108 - [L1][signal] [2026-02-19] IWM: ELIGIBLE (Price 264.60 > SMA 251.07). Distance: 5.39% | Threshold: > 0%
2026-02-25 15:18:02,878 - US_ETF_Swing_Strategy - INFO - strategyLogger:108 - [L1][signal] [2026-02-19] SLV: ELIGIBLE (Price 71.01 > SMA 59.29). Distance: 19.76% | Threshold: > 0%
2026-02-25 15:18:02,883 - US_ETF_Swing_Strategy - INFO - strategyLogger:108 - [L1][execution] [2026-02-20] SLOTS: 4 Occupied / 4 Total
2026-02-25 15:18:02,887 - US_ETF_Swing_Strategy - INFO - strategyLogger:108 - [L3][signal] QQQ: Trend violated (Price < SMA) but Profit (-1.65%) below threshold. Holding.
2026-02-25 15:18:02,890 - US_ETF_Swing_Strategy - INFO - strategyLogger:108 - [L1][signal] [2026-02-20] GLD: ELIGIBLE (Price 468.62 > SMA 402.65). Distance: 16.38% | Threshold: > 0%
2026-02-25 15:18:02,893 - US_ETF_Swing_Strategy - INFO - strategyLogger:108 - [L1][signal] [2026-02-20] IWM: ELIGIBLE (Price 264.61 > SMA 251.30). Distance: 5.30% | Threshold: > 0%
2026-02-25 15:18:02,895 - US_ETF_Swing_Strategy - INFO - strategyLogger:108 - [L1][signal] [2026-02-20] SLV: ELIGIBLE (Price 76.62 > SMA 59.64). Distance: 28.47% | Threshold: > 0%
2026-02-25 15:18:02,901 - US_ETF_Swing_Strategy - INFO - strategyLogger:108 - [L1][execution] [2026-02-23] SLOTS: 4 Occupied / 4 Total
2026-02-25 15:18:02,908 - US_ETF_Swing_Strategy - INFO - strategyLogger:108 - [L3][signal] QQQ: Trend violated (Price < SMA) but Profit (-0.64%) below threshold. Holding.
2026-02-25 15:18:02,909 - US_ETF_Swing_Strategy - INFO - strategyLogger:108 - [L1][signal] [2026-02-23] GLD: ELIGIBLE (Price 481.28 > SMA 403.93). Distance: 19.15% | Threshold: > 0%
2026-02-25 15:18:02,912 - US_ETF_Swing_Strategy - INFO - strategyLogger:108 - [L1][signal] [2026-02-23] IWM: ELIGIBLE (Price 260.49 > SMA 251.49). Distance: 3.58% | Threshold: > 0%
2026-02-25 15:18:02,915 - US_ETF_Swing_Strategy - INFO - strategyLogger:108 - [L1][signal] [2026-02-23] SLV: ELIGIBLE (Price 80.57 > SMA 60.02). Distance: 34.23% | Threshold: > 0%
2026-02-25 15:18:02,924 - US_ETF_Swing_Strategy - INFO - strategyLogger:108 - [L1][execution] [2026-02-24] SLOTS: 4 Occupied / 4 Total
2026-02-25 15:18:02,927 - US_ETF_Swing_Strategy - INFO - strategyLogger:108 - [L3][signal] QQQ: Trend violated (Price < SMA) but Profit (-0.64%) below threshold. Holding.
2026-02-25 15:18:02,931 - US_ETF_Swing_Strategy - INFO - strategyLogger:108 - [L1][signal] [2026-02-24] GLD: ELIGIBLE (Price 474.89 > SMA 405.13). Distance: 17.22% | Threshold: > 0%
2026-02-25 15:18:02,934 - US_ETF_Swing_Strategy - INFO - strategyLogger:108 - [L1][signal] [2026-02-24] IWM: ELIGIBLE (Price 263.14 > SMA 251.70). Distance: 4.54% | Threshold: > 0%
2026-02-25 15:18:02,939 - US_ETF_Swing_Strategy - INFO - strategyLogger:108 - [L1][signal] [2026-02-24] SLV: ELIGIBLE (Price 79.28 > SMA 60.39). Distance: 31.28% | Threshold: > 0%
2026-02-25 15:18:02,956 - US_ETF_Swing_Strategy - INFO - strategyLogger:108 - [L1][performance] Backtest Completed.
2026-02-25 15:18:02,969 - US_ETF_Swing_Strategy - INFO - strategyLogger:108 - [L1][performance] Metrics: {'total_investment': 9938.15, 'final_capital': 20392.4, 'total_return_pct': np.float64(105.19), 'cagr': np.float64(43.35), 'sharpe_ratio': np.float64(1.53), 'calmar_ratio': np.float64(2.11), 'max_drawdown_pct': np.float64(-20.53), 'total_trades': 16, 'benchmark_metrics': {'total_investment': 10000.0, 'final_capital': 13593.06, 'total_return_pct': np.float64(35.93), 'cagr': np.float64(16.63), 'sharpe_ratio': np.float64(0.77), 'calmar_ratio': np.float64(0.88), 'max_drawdown_pct': np.float64(-18.9)}}
2026-02-25 15:18:03,006 - APIs.common.cache - INFO - cache:110 - Cached backtest results for US_ETF_Swing_Strategy: 16 transactions
2026-02-25 15:18:03,008 - APIs.services.backtest_service - INFO - backtest_service:81 - Backtest completed successfully for US_ETF_Swing_Strategy
